{
	"hud_bonus_icon_Mighty":  { "File": "Other_mightys.bmp", "Rect": "0,29,12,19", "Center": "0,0" },
	"continue_icon_mighty":  { "File": "MightyAllBMP.bmp", "Rect": "128,80,17,24", "Center": "9,23" },
	"continue_icon_slot1":  { "File": "MightyAllBMP.bmp", "Rect": "128,80,17,24", "Center": "9,23" },
	"monitor1_icon_sonic":  { "File": "Mighty_monitor_life_icons.bmp", "Rect": "16,0,16,16", "Center": "8,8" },
	"mighty_text":  { "File": "MightyAllBMP.bmp", "Rect": "0,56,88,16", "Center": "-1,0" },
	
	"dataSel_savePortrait_slot1":  { "File": "Save Portraits.png", "Rect": "0,0,80,56", "Center": "40,120" },
	"dataSel_savePortrait_superslot1":  { "File": "Save Portraits.png", "Rect": "80,0,80,56", "Center": "40,120" },
	"Clear_slot1":  { "File": "Save Portraits.png", "Rect": "160,0,80,56", "Center": "40,120" },
	
	"ESS_Zone_Es1_0":  { "File": "Save Portraits.png", "Rect": "0,0,80,56", "Center": "40,28" },
	"ESS_Zone_Es1_1":  { "File": "Save Portraits.png", "Rect": "80,0,80,56", "Center": "40,28" },
	"ESS_Zone_Es1_2":  { "File": "Save Portraits.png", "Rect": "160,0,80,56", "Center": "40,28" },
	
	"Micro_Plane":  { "File": "Micro_Plane.bmp", "Rect": "1,12,14,8", "Center": "8,0" },
	"Micro_Sonic":  { "File": "Micro_Plane.bmp", "Rect": "8,8,2,2", "Center": "2,-1" },
	"Micro_Tails":  { "File": "Micro_Plane.bmp", "Rect": "12,8,2,2", "Center": "2,-1" },
	"titlecard_DA":  { "File": "TitleCards.png", "Rect": "0,48,64,176", "Center": "0,0" },
	"titlecard_DA_S3":  { "File": "TitleCards.png", "Rect": "64,48,64,176", "Center": "0,0" },
	"titlecard_DA_S&K":  { "File": "TitleCards.png", "Rect": "128,48,64,176", "Center": "0,0" },
	"titlecard_DA_S3&K":  { "File": "TitleCards.png", "Rect": "192,48,64,176", "Center": "0,0" },
	"titlecard_DA_S3_air":  { "File": "TitleCards.png", "Rect": "256,48,64,176", "Center": "0,0" },
	"titlecard_M_in_air_DA":  { "File": "TitleCards.png", "Rect": "320,48,64,176", "Center": "0,0" },
	"titlecard_M_in_S3&K_DA":  { "File": "TitleCards.png", "Rect": "384,48,64,176", "Center": "0,0" },
	"titlecard_M_in_S3_DA":  { "File": "TitleCards.png", "Rect": "448,48,64,176", "Center": "0,0" },
	"titlecard_M_in_S&K_DA":  { "File": "TitleCards.png", "Rect": "512,48,64,176", "Center": "0,0" },
	"titlecard_M_in_DA":  { "File": "TitleCards.png", "Rect": "576,48,64,176", "Center": "0,0" },
	"titleCard_M_in_S3_air":  { "File": "TitleCards.png", "Rect": "640,46,66,178", "Center": "0,0" },
	"titleCard_M_in_S3&K":  { "File": "TitleCards.png", "Rect": "706,46,66,178", "Center": "0,0" },
	"titleCard_M_in_S3":  { "File": "TitleCards.png", "Rect": "772,46,66,178", "Center": "0,0" },
	"titleCard_M_in_S&K":  { "File": "TitleCards.png", "Rect": "838,46,66,178", "Center": "0,0" },
	"titleCard_M_in_DAGE_def":  { "File": "TitleCards.png", "Rect": "904,46,66,178", "Center": "0,0" },

	"hud_lives_icon_S3":  { "File": "Mighty_monitor_life_icons.bmp", "Rect": "0,0,16,16", "Center": "0,0" },
	"hud_lives_icon_Mania":  { "File": "Mighty_monitor_life_icons.bmp", "Rect": "0,17,16,16", "Center": "0,0" },
	"hud_lives_icon_mightyKC":  { "File": "Mighty_monitor_life_icons.bmp", "Rect": "0,34,16,16", "Center": "0,0" },
	"hud_lives_icon_mightyMania":  { "File": "Custom_huds.png", "Rect": "177,146,31,19", "Center": "1,1" },
	"hud_lives_icon_mightyMegamix":  { "File": "Mighty_monitor_life_icons.bmp", "Rect": "0,34,16,16", "Center": "0,0" },

	"hud_lives_slot1_name":  { "File": "Custom_huds.png", "Rect": "342,173,36,16", "Center": "-16,0" },
	"hud_lives_KC_slot1_name":  { "File": "Custom_huds.png", "Rect": "389,174,36,16", "Center": "-16,0" },

	"Mania_monitor_M":  { "File": "Custom_huds.png", "Rect": "192,16,16,16", "Center": "8,8" },
	"KC_mighty_monitor":  { "File": "Mighty_monitor_life_icons.bmp", "Rect": "0,51,16,16", "Center": "8,8" },
	"Megamix_mighty_monitor":  { "File": "Mighty_monitor_life_icons.bmp", "Rect": "0,34,16,16", "Center": "8,8" },
	"hud_text_score_mania":  { "File": "Custom_huds.png", "Rect": "176,48,41,14", "Center": "1,0" },
	"hud_text_time_mania":  { "File": "Custom_huds.png", "Rect": "176,64,33,14", "Center": "1,0" },
	"hud_text_time_red_mania":  { "File": "Custom_huds.png", "Rect": "282,64,33,14", "Center": "1,0" },
	"hud_text_rings_mania":  { "File": "Custom_huds.png", "Rect": "176,80,41,14", "Center": "1,0" },
	"hud_text_rings_red_mania":  { "File": "Custom_huds.png", "Rect": "258,48,41,14", "Center": "1,0" },
	"hud_digit_0_mania":  { "File": "Custom_huds.png", "Rect": "176,32,9,14", "Center": "-2,0" },
	"hud_digit_1_mania":  { "File": "Custom_huds.png", "Rect": "187,32,6,14", "Center": "-3,0" },
	"hud_digit_2_mania":  { "File": "Custom_huds.png", "Rect": "196,32,9,14", "Center": "-2,0" },
	"hud_digit_3_mania":  { "File": "Custom_huds.png", "Rect": "206,32,9,14", "Center": "-2,0" },
	"hud_digit_4_mania":  { "File": "Custom_huds.png", "Rect": "216,32,9,14", "Center": "-2,0" },
	"hud_digit_5_mania":  { "File": "Custom_huds.png", "Rect": "226,32,9,14", "Center": "-2,0" },
	"hud_digit_6_mania":  { "File": "Custom_huds.png", "Rect": "236,32,9,14", "Center": "-2,0" },
	"hud_digit_7_mania":  { "File": "Custom_huds.png", "Rect": "246,32,9,14", "Center": "-2,0" },
	"hud_digit_8_mania":  { "File": "Custom_huds.png", "Rect": "256,32,9,14", "Center": "-2,0" },
	"hud_digit_9_mania":  { "File": "Custom_huds.png", "Rect": "266,32,9,14", "Center": "-2,0" },
	"hud_smalldigit_0_mania":  { "File": "Custom_huds.png", "Rect": "176,32,9,14", "Center": "-3,6" },
	"hud_smalldigit_1_mania":  { "File": "Custom_huds.png", "Rect": "187,32,6,14", "Center": "-4,6" },
	"hud_smalldigit_2_mania":  { "File": "Custom_huds.png", "Rect": "196,32,9,14", "Center": "-3,6" },
	"hud_smalldigit_3_mania":  { "File": "Custom_huds.png", "Rect": "206,32,9,14", "Center": "-3,6" },
	"hud_smalldigit_4_mania":  { "File": "Custom_huds.png", "Rect": "216,32,9,14", "Center": "-3,6" },
	"hud_smalldigit_5_mania":  { "File": "Custom_huds.png", "Rect": "226,32,9,14", "Center": "-3,6" },
	"hud_smalldigit_6_mania":  { "File": "Custom_huds.png", "Rect": "236,32,9,14", "Center": "-3,6" },
	"hud_smalldigit_7_mania":  { "File": "Custom_huds.png", "Rect": "246,32,9,14", "Center": "-3,6" },
	"hud_smalldigit_8_mania":  { "File": "Custom_huds.png", "Rect": "256,32,9,14", "Center": "-3,6" },
	"hud_smalldigit_9_mania":  { "File": "Custom_huds.png", "Rect": "266,32,9,14", "Center": "-3,6" },
	"hud_char_colon_mania":  { "File": "Custom_huds.png", "Rect": "285,32,5,10", "Center": "-4,-2" },
	"hud_char_minutes_mania":  { "File": "Custom_huds.png", "Rect": "276,32,5,7", "Center": "-3,2" },
	"hud_char_seconds_mania":  { "File": "Custom_huds.png", "Rect": "301,32,9,7", "Center": "-2,2" },
	"hud_text_ring_stage_mania":  { "File": "Custom_huds.png", "Rect": "224,48,33,14", "Center": "1,0" },
	"hud_text_bonus_stage_mania":  { "File": "Custom_huds.png", "Rect": "176,96,43,14", "Center": "1,0" },
	"hud_text_continue_stage_mania":  { "File": "Custom_huds.png", "Rect": "224,80,66,14", "Center": "1,0" },
	"hud_text_total_mania":  { "File": "Custom_huds.png", "Rect": "176,112,41,14", "Center": "1,0" },
	"hud_text_perfect_mania":  { "File": "Custom_huds.png", "Rect": "224,64,57,14", "Center": "1,0" },
	"hud_text_bonus_mania":  { "File": "Custom_huds.png", "Rect": "176,96,43,14", "Center": "1,0" },
	"hud_text_ring_mania":  { "File": "Custom_huds.png", "Rect": "224,48,33,14", "Center": "1,0" },

	"Mighty_Mania_Plate":  { "File": "Custom_huds.png", "Rect": "224,96,96,18", "Center": "-6,1" },
	
	"Super_Mania_Plate":  { "File": "Custom_huds.png", "Rect": "176,126,74,18", "Center": "0,1" },
	"Hyper_Mania_Plate":  { "File": "Custom_huds.png", "Rect": "251,126,74,18", "Center": "0,1" },
	"hud_digit_0_chaotix":  { "File": "Custom_huds.png", "Rect": "352,33,7,13", "Center": "-8,-1" },
	"hud_digit_1_chaotix":  { "File": "Custom_huds.png", "Rect": "361,33,5,13", "Center": "-9,-1" },
	"hud_digit_2_chaotix":  { "File": "Custom_huds.png", "Rect": "368,33,7,13", "Center": "-8,-1" },
	"hud_digit_3_chaotix":  { "File": "Custom_huds.png", "Rect": "376,33,7,13", "Center": "-8,-1" },
	"hud_digit_4_chaotix":  { "File": "Custom_huds.png", "Rect": "384,33,7,13", "Center": "-8,-1" },
	"hud_digit_5_chaotix":  { "File": "Custom_huds.png", "Rect": "392,33,7,13", "Center": "-8,-1" },
	"hud_digit_6_chaotix":  { "File": "Custom_huds.png", "Rect": "400,33,7,13", "Center": "-8,-1" },
	"hud_digit_7_chaotix":  { "File": "Custom_huds.png", "Rect": "408,33,7,13", "Center": "-8,-1" },
	"hud_digit_8_chaotix":  { "File": "Custom_huds.png", "Rect": "416,33,7,13", "Center": "-8,-1" },
	"hud_digit_9_chaotix":  { "File": "Custom_huds.png", "Rect": "424,33,7,13", "Center": "-8,-1" },
	"hud_smalldigit_0_chaotix":  { "File": "Custom_huds.png", "Rect": "0,0,8,8", "Center": "0,0" },
	"hud_smalldigit_1_chaotix":  { "File": "Custom_huds.png", "Rect": "8,0,8,8", "Center": "0,0" },
	"hud_smalldigit_2_chaotix":  { "File": "Custom_huds.png", "Rect": "16,0,8,8", "Center": "0,0" },
	"hud_smalldigit_3_chaotix":  { "File": "Custom_huds.png", "Rect": "24,0,8,8", "Center": "0,0" },
	"hud_smalldigit_4_chaotix":  { "File": "Custom_huds.png", "Rect": "32,0,8,8", "Center": "0,0" },
	"hud_smalldigit_5_chaotix":  { "File": "Custom_huds.png", "Rect": "0,8,8,8", "Center": "0,0" },
	"hud_smalldigit_6_chaotix":  { "File": "Custom_huds.png", "Rect": "8,8,8,8", "Center": "0,0" },
	"hud_smalldigit_7_chaotix":  { "File": "Custom_huds.png", "Rect": "16,8,8,8", "Center": "0,0" },
	"hud_smalldigit_8_chaotix":  { "File": "Custom_huds.png", "Rect": "24,8,8,8", "Center": "0,0" },
	"hud_smalldigit_9_chaotix":  { "File": "Custom_huds.png", "Rect": "32,8,8,8", "Center": "0,0" },
	"hud_char_colon_chaotix":  { "File": "Custom_huds.png", "Rect": "434,36,3,7", "Center": "-10,-4" },
	"hud_char_minutes_chaotix":  { "File": "Custom_huds.png", "Rect": "441,32,4,5", "Center": "-9,0" },
	"hud_char_seconds_chaotix":  { "File": "Custom_huds.png", "Rect": "448,32,7,5", "Center": "-7,0" },
	"hud_text_score_chaotix":  { "File": "Custom_huds.png", "Rect": "352,64,39,14", "Center": "0,0" },
	"hud_text_time_chaotix":  { "File": "Custom_huds.png", "Rect": "356,80,30,14", "Center": "-4,0" },
	"hud_text_time_red_chaotix":  { "File": "Custom_huds.png", "Rect": "1,1,1,1", "Center": "0,0" },
	"hud_text_rings_chaotix":  { "File": "Custom_huds.png", "Rect": "352,96,37,14", "Center": "0,0" },
	"hud_text_rings_red_chaotix":  { "File": "Custom_huds.png", "Rect": "147,0,1,1", "Center": "0,0" },
	"Nothing":  { "File": "Custom_huds.png", "Rect": "147,0,1,1", "Center": "0,0" },
	"hud_digit_0_chaosstage_chaotix":  { "File": "Custom_huds.png", "Rect": "352,49,7,13", "Center": "-8,-1" },
	"hud_digit_1_chaosstage_chaotix":  { "File": "Custom_huds.png", "Rect": "361,49,5,13", "Center": "-9,-1" },
	"hud_digit_2_chaosstage_chaotix":  { "File": "Custom_huds.png", "Rect": "368,49,7,13", "Center": "-8,-1" },
	"hud_digit_3_chaosstage_chaotix":  { "File": "Custom_huds.png", "Rect": "376,49,7,13", "Center": "-8,-1" },
	"hud_digit_4_chaosstage_chaotix":  { "File": "Custom_huds.png", "Rect": "384,49,7,13", "Center": "-8,-1" },
	"hud_digit_5_chaosstage_chaotix":  { "File": "Custom_huds.png", "Rect": "392,49,7,13", "Center": "-8,-1" },
	"hud_digit_6_chaosstage_chaotix":  { "File": "Custom_huds.png", "Rect": "400,49,7,13", "Center": "-8,-1" },
	"hud_digit_7_chaosstage_chaotix":  { "File": "Custom_huds.png", "Rect": "408,49,7,13", "Center": "-8,-1" },
	"hud_digit_8_chaosstage_chaotix":  { "File": "Custom_huds.png", "Rect": "416,49,7,13", "Center": "-8,-1" },
	"hud_digit_9_chaosstage_chaotix":  { "File": "Custom_huds.png", "Rect": "424,49,7,13", "Center": "-8,-1" },
	"hud_text_score_chaosstage_chaotix":  { "File": "Custom_huds.png", "Rect": "400,64,39,14", "Center": "0,0" },
	"hud_text_ring_chaosstage_chaotix":  { "File": "Custom_huds.png", "Rect": "400,80,29,13", "Center": "0,0" },
	"hud_text_bonus_chaosstage_chaotix":  { "File": "Custom_huds.png", "Rect": "400,96,41,14", "Center": "0,0" },
	"hud_text_perfect_chaosstage_chaotix":  { "File": "Custom_huds.png", "Rect": "400,112,55,14", "Center": "0,0" },
	"hud_text_continue_chaosstage_chaotix":  { "File": "Custom_huds.png", "Rect": "400,128,63,14", "Center": "0,0" },
	"hud_text_ring_chaotix":  { "File": "Custom_huds.png", "Rect": "352,96,29,14", "Center": "-5,0" },
	"hud_text_bonus_chaotix":  { "File": "Custom_huds.png", "Rect": "352,112,41,14", "Center": "-5,0" },
	"hud_text_total_chaotix":  { "File": "Custom_huds.png", "Rect": "352,128,39,14", "Center": "0,0" },
	"hud_text_score_superstage_chaotix":  { "File": "Custom_huds.png", "Rect": "464,64,39,14", "Center": "0,0" },
	"hud_text_ring_superstage_chaotix":  { "File": "Custom_huds.png", "Rect": "464,80,29,13", "Center": "0,0" },
	"hud_text_bonus_superstage_chaotix":  { "File": "Custom_huds.png", "Rect": "464,96,41,14", "Center": "0,0" },
	"hud_text_perfect_superstage_chaotix":  { "File": "Custom_huds.png", "Rect": "464,112,55,14", "Center": "0,0" },
	"hud_text_continue_superstage_chaotix":  { "File": "Custom_huds.png", "Rect": "464,128,63,14", "Center": "0,0" },
	"hud_digit_0_chaosstage_mighty_Megamix":  { "File": "Custom_huds.png", "Rect": "528,49,8,9", "Center": "0,0" },
	"hud_digit_1_chaosstage_mighty_Megamix":  { "File": "Custom_huds.png", "Rect": "541,49,4,9", "Center": "-2,0" },
	"hud_digit_2_chaosstage_mighty_Megamix":  { "File": "Custom_huds.png", "Rect": "550,49,8,9", "Center": "0,0" },
	"hud_digit_3_chaosstage_mighty_Megamix":  { "File": "Custom_huds.png", "Rect": "561,49,8,9", "Center": "0,0" },
	"hud_digit_4_chaosstage_mighty_Megamix":  { "File": "Custom_huds.png", "Rect": "572,49,8,9", "Center": "0,0" },
	"hud_digit_5_chaosstage_mighty_Megamix":  { "File": "Custom_huds.png", "Rect": "583,49,8,9", "Center": "0,0" },
	"hud_digit_6_chaosstage_mighty_Megamix":  { "File": "Custom_huds.png", "Rect": "594,49,8,9", "Center": "0,0" },
	"hud_digit_7_chaosstage_mighty_Megamix":  { "File": "Custom_huds.png", "Rect": "605,49,8,9", "Center": "0,0" },
	"hud_digit_8_chaosstage_mighty_Megamix":  { "File": "Custom_huds.png", "Rect": "616,49,8,9", "Center": "0,0" },
	"hud_digit_9_chaosstage_mighty_Megamix":  { "File": "Custom_huds.png", "Rect": "627,49,8,9", "Center": "0,0" },
	"hud_digit_0_mighty_Megamix":  { "File": "Custom_huds.png", "Rect": "528,33,8,9", "Center": "0,0" },
	"hud_digit_1_mighty_Megamix":  { "File": "Custom_huds.png", "Rect": "541,33,4,9", "Center": "-2,0" },
	"hud_digit_2_mighty_Megamix":  { "File": "Custom_huds.png", "Rect": "550,33,8,9", "Center": "0,0" },
	"hud_digit_3_mighty_Megamix":  { "File": "Custom_huds.png", "Rect": "561,33,8,9", "Center": "0,0" },
	"hud_digit_4_mighty_Megamix":  { "File": "Custom_huds.png", "Rect": "572,33,8,9", "Center": "0,0" },
	"hud_digit_5_mighty_Megamix":  { "File": "Custom_huds.png", "Rect": "583,33,8,9", "Center": "0,0" },
	"hud_digit_6_mighty_Megamix":  { "File": "Custom_huds.png", "Rect": "594,33,8,9", "Center": "0,0" },
	"hud_digit_7_mighty_Megamix":  { "File": "Custom_huds.png", "Rect": "605,33,8,9", "Center": "0,0" },
	"hud_digit_8_mighty_Megamix":  { "File": "Custom_huds.png", "Rect": "616,33,8,9", "Center": "0,0" },
	"hud_digit_9_mighty_Megamix":  { "File": "Custom_huds.png", "Rect": "627,33,8,9", "Center": "0,0" },
	"hud_smalldigit_0_mighty_Megamix":  { "File": "Custom_huds.png", "Rect": "528,33,8,9", "Center": "0,4" },
	"hud_smalldigit_1_mighty_Megamix":  { "File": "Custom_huds.png", "Rect": "541,33,4,9", "Center": "-2,4" },
	"hud_smalldigit_2_mighty_Megamix":  { "File": "Custom_huds.png", "Rect": "550,33,8,9", "Center": "0,4" },
	"hud_smalldigit_3_mighty_Megamix":  { "File": "Custom_huds.png", "Rect": "561,33,8,9", "Center": "0,4" },
	"hud_smalldigit_4_mighty_Megamix":  { "File": "Custom_huds.png", "Rect": "572,33,8,9", "Center": "0,4" },
	"hud_smalldigit_5_mighty_Megamix":  { "File": "Custom_huds.png", "Rect": "583,33,8,9", "Center": "0,4" },
	"hud_smalldigit_6_mighty_Megamix":  { "File": "Custom_huds.png", "Rect": "594,33,8,9", "Center": "0,4" },
	"hud_smalldigit_7_mighty_Megamix":  { "File": "Custom_huds.png", "Rect": "605,33,8,9", "Center": "0,4" },
	"hud_smalldigit_8_mighty_Megamix":  { "File": "Custom_huds.png", "Rect": "616,33,8,9", "Center": "0,4" },
	"hud_smalldigit_9_mighty_Megamix":  { "File": "Custom_huds.png", "Rect": "627,33,8,9", "Center": "0,4" },
	"hud_text_score_chaosstage_mighty_Megamix":  { "File": "Custom_huds.png", "Rect": "528,64,54,11", "Center": "0,0" },
	"hud_text_ring_chaosstage_mighty_Megamix":  { "File": "Custom_huds.png", "Rect": "528,128,31,11", "Center": "0,0" },
	"hud_text_bonus_chaosstage_mighty_Megamix":  { "File": "Custom_huds.png", "Rect": "559,128,56,11", "Center": "9,0" },
	"hud_text_continue_chaosstage_mighty_Megamix":  { "File": "Custom_huds.png", "Rect": "620,112,74,11", "Center": "0,0" },
	"hud_text_perfect_chaosstage_mighty_Megamix":  { "File": "Custom_huds.png", "Rect": "620,96,69,11", "Center": "0,0" },
	"hud_text_score_superstage_mighty_Megamix":  { "File": "Custom_huds.png", "Rect": "528,64,54,11", "Center": "0,0" },
	"hud_text_ring_superstage_mighty_Megamix":  { "File": "Custom_huds.png", "Rect": "528,128,31,11", "Center": "0,0" },
	"hud_text_bonus_superstage_mighty_Megamix":  { "File": "Custom_huds.png", "Rect": "559,128,56,11", "Center": "9,0" },
	"hud_text_continue_superstage_mighty_Megamix":  { "File": "Custom_huds.png", "Rect": "620,112,74,11", "Center": "0,0" },
	"hud_text_perfect_superstage_mighty_Megamix":  { "File": "Custom_huds.png", "Rect": "620,96,69,11", "Center": "0,0" },
	"hud_text_score_mighty_Megamix":  { "File": "Custom_huds.png", "Rect": "528,64,54,11", "Center": "0,0" },
	"hud_text_time_mighty_Megamix":  { "File": "Custom_huds.png", "Rect": "528,80,43,11", "Center": "0,0" },
	"hud_text_time_red_mighty_Megamix":  { "File": "Custom_huds.png", "Rect": "592,64,43,11", "Center": "0,0" },
	"hud_text_rings_mighty_Megamix":  { "File": "Custom_huds.png", "Rect": "528,96,51,11", "Center": "0,0" },
	"hud_text_rings_red_mighty_Megamix":  { "File": "Custom_huds.png", "Rect": "592,80,51,11", "Center": "0,0" },
	"hud_char_colon_mighty_Megamix":  { "File": "Custom_huds.png", "Rect": "638,33,8,9", "Center": "-1,0" },
	"hud_char_minutes_mighty_Megamix":  { "File": "Custom_huds.png", "Rect": "648,32,4,5", "Center": "-1,0" },
	"hud_char_seconds_mighty_Megamix":  { "File": "Custom_huds.png", "Rect": "656,32,7,4", "Center": "0,0" },
	"hud_text_ring_mighty_Megamix":  { "File": "Custom_huds.png", "Rect": "528,128,31,11", "Center": "0,0" },
	"hud_text_bonus_mighty_Megamix":  { "File": "Custom_huds.png", "Rect": "559,128,56,11", "Center": "9,0" },
	"hud_text_total_mighty_Megamix":  { "File": "Custom_huds.png", "Rect": "620,128,54,11", "Center": "0,0" }
}