{
	"Mighty_DA_Challenges_S3":  { "File": "Mightys.png", "Rect": "0,3,16,21", "Center": "9,22" },
	"Mighty_DA_Challenges_M":  { "File": "Mightys.png", "Rect": "16,0,17,24", "Center": "9,23" },
	"ESS_Life_S3Mighty":  { "File": "MightyAllBMP.bmp", "Rect": "265,6,16,16", "Center": "8,16" },
	"ESS_Life_ManiaMighty":  { "File": "MightyAllBMP.bmp", "Rect": "245,6,16,16", "Center": "8,16" },
	"ESS_Cont_S3Mighty":  { "File": "MightyAllBMP.bmp", "Rect": "228,83,16,21", "Center": "9,21" },
	"ESS_Cont_ManiaMighty":  { "File": "MightyAllBMP.bmp", "Rect": "244,80,17,24", "Center": "9,24" },
	"dataSel_slot1":  { "File": "character_mighty.bmp", "Rect": "561,8,25,37", "Center": "13,37" },
	"dataSel_lifeContinue_slot1":  { "File": "character_mighty.bmp", "Rect": "613,13,21,40", "Center": "0,0" },
	"dataSel_life_slot1":  { "File": "character_mighty.bmp", "Rect": "613,13,21,16", "Center": "0,0" },
	"level_select_S3C_M_Mighty":  { "File": "MightyAllBMP.bmp", "Rect": "205,6,16,16", "Center": "0,0" },
	"Continue_icon_Mania":  { "File": "MightyAllBMP.bmp", "Rect": "16,32,17,24", "Center": "9,23" },
	"Continue_icon_Mania_alt":  { "File": "Other_mightys.bmp", "Rect": "16,0,17,24", "Center": "9,23" },
	"Continue_icon_Mania_0x00":  { "File": "MightyAllBMP.bmp", "Rect": "128,80,17,24", "Center": "9,23" },
	"Continue_icon_Mania_0x01":  { "File": "MightyAllBMP.bmp", "Rect": "146,80,17,24", "Center": "9,23" },
	"Continue_icon_Mania_0x02":  { "File": "MightyAllBMP.bmp", "Rect": "128,80,17,24", "Center": "9,23" },
	"Continue_icon_Mania_0x03":  { "File": "MightyAllBMP.bmp", "Rect": "146,80,17,24", "Center": "9,23" },
	"MightyMini":  { "File": "character_mighty.bmp", "Rect": "533,19,12,20", "Center": "6,12" },
	"MightyMicro":  { "File": "S3_character_mighty.bmp", "Rect": "746,78,3,5", "Center": "-1,4" },
	"S3_portrait":  { "File": "S3_character_mighty.bmp", "Rect": "774,41,26,40", "Center": "13,40" },
	"dataSel_lifeContinue_Mighty_S3":  { "File": "S3_character_mighty.bmp", "Rect": "819,49,21,40", "Center": "0,0" },
	"level_select_S3C_S3_Mighty":  { "File": "MightyAllBMP.bmp", "Rect": "225,6,16,16", "Center": "0,0" },
	"dataSel_life_slot1_S3":  { "File": "S3_character_mighty.bmp", "Rect": "819,49,21,16", "Center": "0,0" },
	"Mini_Mighty_S3":  { "File": "S3_character_mighty.bmp", "Rect": "743,50,13,20", "Center": "7,12" },
	"Continue_icon_S3":  { "File": "MightyAllBMP.bmp", "Rect": "0,34,16,22", "Center": "9,23" },
	"Continue_icon_S3_alt":  { "File": "Other_mightys.bmp", "Rect": "0,2,16,22", "Center": "9,23" },
	"Continue_icon_S3_0x00":  { "File": "MightyAllBMP.bmp", "Rect": "180,83,16,21", "Center": "9,23" },
	"Continue_icon_S3_0x01":  { "File": "MightyAllBMP.bmp", "Rect": "197,83,16,21", "Center": "9,23" },
	"Continue_icon_S3_0x02":  { "File": "MightyAllBMP.bmp", "Rect": "180,83,16,21", "Center": "9,23" },
	"Continue_icon_S3_0x03":  { "File": "MightyAllBMP.bmp", "Rect": "197,83,16,21", "Center": "9,23" },
	"monitor_icon":  { "File": "Mighty_monitor_life_icons.bmp", "Rect": "0,17,16,16", "Center": "8,8" },
	"monitor_icon_S3":  { "File": "Mighty_monitor_life_icons.bmp", "Rect": "0,0,16,16", "Center": "8,8" }
}