{
	"Metadata":
	{
		"Name": "Shadow The Hedgehog S3K Style V4",
		"Author": "Faust64",
		"Description": "This time I was based on the sprites of Modern sonic S3&K, Sonic 3 complete, and the shadow sprites made by Gardow.",
		"URL": "https://www.deviantart.com/patrick2002",
		"ModVersion": "V1",
		"GameVersion": "20.04.26.0"
	},
	"Settings":
	{
		"List":
		[

			{
			"InternalName": "Sonic",
			"DisplayName": "Sonic",
            "Category": "Palettes",
			"Variable": "SonicPalette",
			"DefaultValue": "0",
			"Options":
			        {
				"0x00": "Sonic 3 & Knuckles",
				"0x01": "Sonic Unleashed / Generations",
                "0x02": "CGI Cinematic Cutscenes"
	            	}
			},
			{
			"InternalName": "Tails",
			"DisplayName": "Tails",
            "Category": "Palettes",
			"Variable": "TailsPalette",
			"DefaultValue": "0",
			"Options":
					{
				"0x00": "Sonic 3 & Knuckles",
				"0x01": "Sonic Unleashed / Generations",
                "0x02": "CGI Cinematic Cutscenes"
	            	}
			},
			{
			"InternalName": "Knuckles",
			"DisplayName": "Knuckles",
            "Category": "Palettes",
			"Variable": "KnuxPalette",
			"DefaultValue": "0",
			"Options":
					{
				"0x00": "Sonic 3 & Knuckles",
				"0x01": "Sonic Unleashed / Generations",
                "0x02": "CGI Cinematic Cutscenes"
	            	}

			}
		]
	}
}
