{

	// ----- HUD ----- //

    // -- LIVES -- //

	// Regular character icon for lives
	"hud_lives_icon_sonic":    { "File": "lives.png", "Rect": "0,1,48,20" },
	"hud_lives_icon_tails":    { "File": "lives.png", "Rect": "0,22,48,20" },
	"hud_lives_icon_knuckles": { "File": "lives.png", "Rect": "0,45,48,20" },
	"hud_lives_icon_miles":    { "File": "lives.png", "Rect": "0,22,48,20" },
	
     // New Super Sonic Icon (By Michael7)
     "hud_lives_icon_ogsuper":    { "File": "lives.png", "Rect": "0,362,35,20" },
      "hud_lives_icon_super":    { "File": "lives.png", "Rect": "0,339,48,20" },
      
	// Extra Slots (Premade)
	"hud_lives_icon_mighty":    { "File": "lives.png", "Rect": "0,73,48,20" },
	"hud_lives_icon_ray":    { "File": "lives.png", "Rect": "0,99,48,20" },
	"hud_lives_icon_amy":    { "File": "lives.png", "Rect": "0,316,48,20" }, //Amy was made before the mod released
	"hud_lives_icon_shadow":    { "File": "lives.png", "Rect": "0,121,48,20" },
	"hud_lives_icon_nack":    { "File": "lives.png", "Rect": "0,143,48,20" },
	"hud_lives_icon_metal":    { "File": "lives.png", "Rect": "0,292,48,20" },

	// Other mods
	"hud_lives_icon_sawnic":    { "File": "lives.png", "Rect": "0,165,48,20" },
	"hud_lives_icon_monty":    { "File": "lives.png", "Rect": "0,267,48,20" },
    "hud_lives_icon_umighty":    { "File": "lives.png", "Rect": "0,73,48,20" },
    "hud_lives_icon_ashura":    { "File": "lives.png", "Rect": "0,383,40,20" },
    "hud_lives_icon_bluckles": { "File": "lives.png", "Rect": "0,426,40,20" },
    "hud_lives_icon_wechidan": { "File": "lives.png", "Rect": "0,404,40,20" },
    
    // Extra Slots (Templates)
	"hud_lives_icon_slot1":    { "File": "lives.png", "Rect": "0,187,48,20" },
	"hud_lives_icon_slot2":    { "File": "lives.png", "Rect": "0,212,48,20" },
	"hud_lives_icon_slot3":    { "File": "lives.png", "Rect": "0,236,48,20" },
     
    // -- REGULAR -- //

    // Numbers for regular HUD
	"hud_digit_0": { "File": "numbers.png", "Rect":  "3,7,10,12" },
	"hud_digit_1": { "File": "numbers.png", "Rect":  "15,7,8,12" },
	"hud_digit_2": { "File": "numbers.png", "Rect": "24,7,9,12" },
	"hud_digit_3": { "File": "numbers.png", "Rect": "35,7,9,12" },
	"hud_digit_4": { "File": "numbers.png", "Rect": "46,7,10,12" },
	"hud_digit_5": { "File": "numbers.png", "Rect": "58,7,10,12" },
	"hud_digit_6": { "File": "numbers.png", "Rect": "70,7,10,12" },
	"hud_digit_7": { "File": "numbers.png", "Rect": "82,7,10,12" },
	"hud_digit_8": { "File": "numbers.png", "Rect": "94,7,10,12" },
	"hud_digit_9": { "File": "numbers.png", "Rect": "106,7,10,12" },

    // Colon
	"hud_char_colon":   { "File": "numbers.png", "Rect": "121,7,8,12", "Center": "-2,-1" },

	// Custom sprites
	"ring":	  { "File": "ring.png", "Rect": "0,0,0,0", "Center": "0,5" },
	"clock":	  { "File": "clock.png", "Rect": "0,0,0,0", "Center": "0,5" }
}