{
	"sonic_fall_0x00":  { "File": "Fall.png", "Rect": "0,0,27,40", "Center": "14,18" },
	"sonic_fall_0x01":  { "File": "Fall.png", "Rect": "27,0,31,42", "Center": "18,18" },
	"sonic_fall_0x02":  { "File": "Fall.png", "Rect": "58,0,36,45", "Center": "21,18" },
	"sonic_fall_0x03":  { "File": "Fall.png", "Rect": "94,0,35,45", "Center": "21,18" },
	"supersonic_fall_0x00":  { "File": "FallSuper.png", "Rect": "0,0,30,48", "Center": "17,26" },
	"supersonic_fall_0x01":  { "File": "FallSuper.png", "Rect": "30,0,31,49", "Center": "18,25" },
	"supersonic_fall_0x02":  { "File": "FallSuper.png", "Rect": "61,0,36,52", "Center": "21,25" },
	"supersonic_fall_0x03":  { "File": "FallSuper.png", "Rect": "97,0,35,52", "Center": "21,25" }, 
	
	
	

	"Modded_Sonic_fall_CD_0":  { "File": "Fall.png", "Rect": "58,0,36,45", "Center": "21,18" },
	"Modded_Sonic_fall_CD_1":  { "File": "Fall.png", "Rect": "94,0,35,45", "Center": "21,18" },
	"Modded_Super_Sonic_fall_CD_0":  { "File": "FallSuper.png", "Rect": "61,0,36,52", "Center": "21,25" },
	"Modded_Super_Sonic_fall_CD_1":  { "File": "FallSuper.png", "Rect": "97,0,35,52", "Center": "21,25" }
}