{
	"monitor_icon_speedshoes":  { "File": "character_sonic_other.png", "Rect": "155,3,16,16", "Center": "8,8" },
	"monitor_icon_sonic":  { "File": "character_sonic_other.png", "Rect": "136,3,16,16", "Center": "8,8" },
	"tornado_sonic_pilot":  { "File": "character_sonic_other.png", "Rect": "3,3,32,28", "Center": "20,20" },
	"tornado_sonic_pilot_small":  { "File": "character_sonic_other.png", "Rect": "38,17,16,14", "Center": "8,10" },
	"tornado_sonic_small":  { "File": "character_sonic_other.png", "Rect": "57,4,20,27", "Center": "11,19" },
	"continue_icon_sonic_wait_0x00":  { "File": "character_sonic_other.png", "Rect": "4,34,34,34", "Center": "18,22" },
	"continue_icon_sonic_wait_0x01":  { "File": "character_sonic_other.png", "Rect": "41,34,34,34", "Center": "18,22" },
	"signpost_sonic":  { "File": "character_sonic_other.png", "Rect": "80,3,54,48", "Center": "27,32" },
	"charselect_sonic":  { "File": "character_sonic_other.png", "Rect": "80,68,50,50", "Center": "27,30" },
}