{
	"character_sonic_continue_0x00": { "File": "sonic_misc_t.png", "Rect": "8,8,48,48", "Center": "24,28" },
	"character_sonic_continue_0x01": { "File": "sonic_misc_t.png", "Rect": "64,8,48,48", "Center": "24,28" },

	"character_sonic_ending_0x00": { "File": "sonic_misc_t.png", "Rect": "8,64,48,48", "Center": "24,24" },
	"character_sonic_ending_0x01": { "File": "sonic_misc_t.png", "Rect": "64,64,48,48", "Center": "24,24" },
	"character_sonic_ending_0x02": { "File": "sonic_misc_t.png", "Rect": "120,64,48,48", "Center": "24,24" },
	"character_sonic_ending_0x03": { "File": "sonic_misc_t.png", "Rect": "176,64,48,48", "Center": "24,24" }
}
