{
	"character_sonic_springtwirl_0":  { "File": "sonic_twirl.png", "Rect": "0,0,24,45", "Center": "12,20" },
	"character_sonic_springtwirl_1":  { "File": "sonic_twirl.png", "Rect": "25,0,24,45", "Center": "12,20" },
	"character_sonic_springtwirl_2":  { "File": "sonic_twirl.png", "Rect": "50,0,24,45", "Center": "12,20" },
	"character_sonic_springtwirl_3":  { "File": "sonic_twirl.png", "Rect": "75,0,24,45", "Center": "12,20" },
	"character_sonic_springtwirl_4":  { "File": "sonic_twirl.png", "Rect": "100,0,24,45", "Center": "12,20" }
}