{
	"sonic_victory_0": {"File": "sonic_victory_0.png", "Rect": "0,0,64,64", "Center": "32, 44"},
	"sonic_victory_1": {"File": "sonic_victory_1.png", "Rect": "0,0,64,64", "Center": "32, 44"},
	"sonic_victory_2": {"File": "sonic_victory_2.png", "Rect": "0,0,64,64", "Center": "32, 44"},
	"sonic_victory_3": {"File": "sonic_victory_3.png", "Rect": "0,0,64,64", "Center": "32, 44"},
	"sonic_victory_4": {"File": "sonic_victory_4.png", "Rect": "0,0,64,64", "Center": "32, 44"},
	"sonic_victory_5": {"File": "sonic_victory_5.png", "Rect": "0,0,64,64", "Center": "32, 44"},
	"sonic_victory_6": {"File": "sonic_victory_6.png", "Rect": "0,0,64,64", "Center": "32, 44"},
}