{
	"Balloon_0x00":  { "File": "Balloon.png", "Rect": "9,0,36,73", "Center": "18,20" },
	"Balloon_0x01":  { "File": "Balloon.png", "Rect": "48,0,36,73", "Center": "18,20" },
	"Balloon_0x02":  { "File": "Balloon.png", "Rect": "89,0,36,73", "Center": "18,20" },
	"Balloon_0x03":  { "File": "Balloon.png", "Rect": "127,0,36,73", "Center": "18,20" },

	"Balloon_pop_0x00":  { "File": "Balloon.png", "Rect": "1,74,40,48", "Center": "20,24" },
	"Balloon_pop_0x01":  { "File": "Balloon.png", "Rect": "47,74,40,48", "Center": "20,24" },

	"Balloon_string_0x00":  { "File": "Balloon.png", "Rect": "95,90,14,28", "Center": "7,14" },
	"Balloon_string_0x01":  { "File": "Balloon.png", "Rect": "110,90,14,28", "Center": "7,14" }

}