{
	"bluesphere_slot3_0x01":  { "File": "bluesphere_amy.bmp", "Rect": "0,4,25,38", "Center": "13,36" },
	"bluesphere_slot3_0x02":  { "File": "bluesphere_amy.bmp", "Rect": "32,0,25,42", "Center": "13,41" },
	"bluesphere_slot3_0x03":  { "File": "bluesphere_amy.bmp", "Rect": "64,0,25,45", "Center": "13,41" },
	"bluesphere_slot3_0x04":  { "File": "bluesphere_amy.bmp", "Rect": "100,0,24,45", "Center": "14,41" },
	"bluesphere_slot3_0x05":  { "File": "bluesphere_amy.bmp", "Rect": "128,0,26,47", "Center": "16,42" },
	"bluesphere_slot3_0x06":  { "File": "bluesphere_amy.bmp", "Rect": "167,0,25,45", "Center": "13,41" },
	"bluesphere_slot3_0x07":  { "File": "bluesphere_amy.bmp", "Rect": "196,0,24,46", "Center": "11,41" },
	"bluesphere_slot3_0x08":  { "File": "bluesphere_amy.bmp", "Rect": "230,0,26,47", "Center": "12,42" },
	"bluesphere_slot3_0x09":  { "File": "bluesphere_amy.bmp", "Rect": "256,8,32,32", "Center": "16,38" },
	"bluesphere_slot3_0x0a":  { "File": "bluesphere_amy.bmp", "Rect": "288,8,32,32", "Center": "16,38" },
	"bluesphere_slot3_0x0b":  { "File": "bluesphere_amy.bmp", "Rect": "324,8,24,32", "Center": "12,38" }
}