{
	"character_amy_0x01":  { "File": "character_amy.bmp", "Rect": "4,4,40,40", "Center": "20,24" },
	"character_amy_0x02":  { "File": "character_amy.bmp", "Rect": "52,4,40,40", "Center": "20,24" },
	"character_amy_0x03":  { "File": "character_amy.bmp", "Rect": "100,4,40,40", "Center": "20,24" },
	"character_amy_0x04":  { "File": "character_amy.bmp", "Rect": "148,4,40,40", "Center": "20,24" },
	"character_amy_0x05":  { "File": "character_amy.bmp", "Rect": "196,4,40,40", "Center": "20,24" },
	"character_amy_0x06":  { "File": "character_amy.bmp", "Rect": "244,4,40,40", "Center": "20,24" },
	"character_amy_0x07":  { "File": "character_amy.bmp", "Rect": "292,4,40,40", "Center": "20,24" },
	"character_amy_0x08":  { "File": "character_amy.bmp", "Rect": "340,4,40,40", "Center": "20,24" },
	"character_amy_0x09":  { "File": "character_amy.bmp", "Rect": "392,4,32,40", "Center": "14,18" },
	"character_amy_0x0a":  { "File": "character_amy.bmp", "Rect": "436,4,40,40", "Center": "15,16" },
	"character_amy_0x0b":  { "File": "character_amy.bmp", "Rect": "488,0,32,48", "Center": "16,22" },
	"character_amy_0x0c":  { "File": "character_amy.bmp", "Rect": "532,4,40,40", "Center": "18,17" },
	"character_amy_0x0d":  { "File": "character_amy.bmp", "Rect": "584,4,32,40", "Center": "14,19" },
	"character_amy_0x0e":  { "File": "character_amy.bmp", "Rect": "628,4,40,40", "Center": "17,14" },
	"character_amy_0x0f":  { "File": "character_amy.bmp", "Rect": "680,4,32,40", "Center": "17,16" },
	"character_amy_0x10":  { "File": "character_amy.bmp", "Rect": "724,4,40,40", "Center": "20,20" },
	"character_amy_0x11":  { "File": "character_amy.bmp", "Rect": "8,48,32,48", "Center": "16,18" },
	"character_amy_0x12":  { "File": "character_amy.bmp", "Rect": "56,51,32,42", "Center": "16,14" },
	"character_amy_0x13":  { "File": "character_amy.bmp", "Rect": "104,51,32,42", "Center": "16,14" },
	"character_amy_0x14":  { "File": "character_amy.bmp", "Rect": "152,51,32,42", "Center": "16,12" },
	"character_amy_0x15":  { "File": "character_amy.bmp", "Rect": "200,48,32,47", "Center": "16,19" },
	"character_amy_0x16":  { "File": "character_amy.bmp", "Rect": "248,51,32,42", "Center": "16,12" },
	"character_amy_0x17":  { "File": "character_amy.bmp", "Rect": "296,50,32,43", "Center": "16,15" },
	"character_amy_0x18":  { "File": "character_amy.bmp", "Rect": "344,53,32,38", "Center": "16,12" },
	"character_amy_0x19":  { "File": "character_amy.bmp", "Rect": "388,56,40,32", "Center": "19,17" },
	"character_amy_0x1a":  { "File": "character_amy.bmp", "Rect": "436,52,40,40", "Center": "16,24" },
	"character_amy_0x1b":  { "File": "character_amy.bmp", "Rect": "480,56,48,32", "Center": "23,16" },
	"character_amy_0x1c":  { "File": "character_amy.bmp", "Rect": "532,52,40,40", "Center": "18,22" },
	"character_amy_0x1d":  { "File": "character_amy.bmp", "Rect": "580,56,40,32", "Center": "17,17" },
	"character_amy_0x1e":  { "File": "character_amy.bmp", "Rect": "628,52,40,40", "Center": "16,23" },
	"character_amy_0x1f":  { "File": "character_amy.bmp", "Rect": "676,56,40,32", "Center": "16,15" },
	"character_amy_0x20":  { "File": "character_amy.bmp", "Rect": "724,52,40,40", "Center": "20,20" },
	"character_amy_0x21":  { "File": "character_amy.bmp", "Rect": "8,104,32,32", "Center": "16,16" },
	"character_amy_0x22":  { "File": "character_amy.bmp", "Rect": "56,104,32,32", "Center": "16,16" },
	"character_amy_0x23":  { "File": "character_amy.bmp", "Rect": "104,104,32,32", "Center": "16,16" },
	"character_amy_0x24":  { "File": "character_amy.bmp", "Rect": "152,104,32,32", "Center": "16,16" },
	"character_amy_0x25":  { "File": "character_amy.bmp", "Rect": "200,96,32,48", "Center": "24,20" },
	"character_amy_0x26":  { "File": "character_amy.bmp", "Rect": "246,100,36,40", "Center": "28,19" },
	"character_amy_0x27":  { "File": "character_amy.bmp", "Rect": "300,100,24,40", "Center": "16,20" },
	"character_amy_0x28":  { "File": "character_amy.bmp", "Rect": "347,98,25,43", "Center": "17,19" },
	"character_amy_0x29":  { "File": "character_amy.bmp", "Rect": "392,101,32,38", "Center": "16,16" },
	"character_amy_0x2a":  { "File": "character_amy.bmp", "Rect": "440,101,32,38", "Center": "16,16" },
	"character_amy_0x2b":  { "File": "character_amy.bmp", "Rect": "488,101,32,38", "Center": "16,16" },
	"character_amy_0x2c":  { "File": "character_amy.bmp", "Rect": "536,101,32,38", "Center": "16,16" },
	"character_amy_0x2d":  { "File": "character_amy.bmp", "Rect": "578,106,43,28", "Center": "20,8" },
	"character_amy_0x2e":  { "File": "character_amy.bmp", "Rect": "628,105,40,30", "Center": "21,8" },
	"character_amy_0x2f":  { "File": "character_amy.bmp", "Rect": "676,108,40,24", "Center": "20,8" },
	"character_amy_0x30":  { "File": "character_amy.bmp", "Rect": "724,108,40,24", "Center": "21,8" },
	"character_amy_0x31":  { "File": "character_amy.bmp", "Rect": "8,148,32,40", "Center": "14,20" },
	"character_amy_0x32":  { "File": "character_amy.bmp", "Rect": "56,148,32,40", "Center": "13,22" },
	"character_amy_0x33":  { "File": "character_amy.bmp", "Rect": "105,152,31,32", "Center": "15,16" },
	"character_amy_0x34":  { "File": "character_amy.bmp", "Rect": "152,152,32,32", "Center": "15,17" },
	"character_amy_0x35":  { "File": "character_amy.bmp", "Rect": "200,152,32,32", "Center": "12,17" },
	"character_amy_0x36":  { "File": "character_amy.bmp", "Rect": "248,148,32,40", "Center": "15,22" },
	"character_amy_0x37":  { "File": "character_amy.bmp", "Rect": "296,148,32,40", "Center": "17,20" },
	"character_amy_0x38":  { "File": "character_amy.bmp", "Rect": "348,148,24,40", "Center": "12,18" },
	"character_amy_0x39":  { "File": "character_amy.bmp", "Rect": "392,152,32,32", "Center": "16,18" },
	"character_amy_0x3a":  { "File": "character_amy.bmp", "Rect": "440,152,32,32", "Center": "19,16" },
	"character_amy_0x3b":  { "File": "character_amy.bmp", "Rect": "492,148,24,40", "Center": "12,20" },
	"character_amy_0x3c":  { "File": "character_amy.bmp", "Rect": "540,148,24,40", "Center": "12,20" },
	"character_amy_0x3d":  { "File": "character_amy.bmp", "Rect": "588,144,24,48", "Center": "14,26" },
	"character_amy_0x3e":  { "File": "character_amy.bmp", "Rect": "636,152,24,32", "Center": "13,16" },
	"character_amy_0x3f":  { "File": "character_amy.bmp", "Rect": "680,152,32,32", "Center": "17,15" },
	"character_amy_0x40":  { "File": "character_amy.bmp", "Rect": "728,152,32,32", "Center": "16,14" },
	"character_amy_0x41":  { "File": "character_amy.bmp", "Rect": "8,196,32,40", "Center": "16,17" },
	"character_amy_0x42":  { "File": "character_amy.bmp", "Rect": "56,196,32,40", "Center": "16,20" },
	"character_amy_0x43":  { "File": "character_amy.bmp", "Rect": "108,196,24,40", "Center": "11,20" },
	"character_amy_0x44":  { "File": "character_amy.bmp", "Rect": "156,200,24,32", "Center": "12,16" },
	"character_amy_0x45":  { "File": "character_amy.bmp", "Rect": "200,204,32,24", "Center": "14,10" },
	"character_amy_0x46":  { "File": "character_amy.bmp", "Rect": "252,199,24,32", "Center": "13,14" },
	"character_amy_0x47":  { "File": "character_amy.bmp", "Rect": "300,196,24,40", "Center": "13,21" },
	"character_amy_0x48":  { "File": "character_amy.bmp", "Rect": "344,196,32,40", "Center": "17,24" },
	"character_amy_0x49":  { "File": "character_amy.bmp", "Rect": "388,196,40,40", "Center": "20,24" },
	"character_amy_0x4a":  { "File": "character_amy.bmp", "Rect": "440,192,32,48", "Center": "14,22" },
	"character_amy_0x4b":  { "File": "character_amy.bmp", "Rect": "488,200,32,32", "Center": "16,21" },
	"character_amy_0x4c":  { "File": "character_amy.bmp", "Rect": "536,200,32,32", "Center": "12,15" },
	"character_amy_0x4d":  { "File": "character_amy.bmp", "Rect": "584,200,32,32", "Center": "13,18" },
	"character_amy_0x4e":  { "File": "character_amy.bmp", "Rect": "632,200,32,32", "Center": "18,14" },
	"character_amy_0x4f":  { "File": "character_amy.bmp", "Rect": "676,196,40,40", "Center": "22,22" },
	"character_amy_0x50":  { "File": "character_amy.bmp", "Rect": "724,196,40,40", "Center": "21,20" },
	"character_amy_0x51":  { "File": "character_amy.bmp", "Rect": "8,248,32,32", "Center": "17,19" },
	"character_amy_0x52":  { "File": "character_amy.bmp", "Rect": "56,248,32,32", "Center": "14,17" },
	"character_amy_0x53":  { "File": "character_amy.bmp", "Rect": "100,248,40,32", "Center": "24,19" },
	"character_amy_0x54":  { "File": "character_amy.bmp", "Rect": "148,248,40,32", "Center": "17,18" },
	"character_amy_0x55":  { "File": "character_amy.bmp", "Rect": "200,244,32,40", "Center": "15,20" },
	"character_amy_0x56":  { "File": "character_amy.bmp", "Rect": "252,244,24,40", "Center": "14,20" },
	"character_amy_0x57":  { "File": "character_amy.bmp", "Rect": "300,244,24,40", "Center": "11,20" },
	"character_amy_0x58":  { "File": "character_amy.bmp", "Rect": "348,244,24,40", "Center": "12,20" },
	"character_amy_0x59":  { "File": "character_amy.bmp", "Rect": "396,244,24,40", "Center": "10,20" },
	"character_amy_0x5a":  { "File": "character_amy.bmp", "Rect": "444,244,24,40", "Center": "11,20" },
	"character_amy_0x5b":  { "File": "character_amy.bmp", "Rect": "492,244,24,40", "Center": "12,20" },
	"character_amy_0x5c":  { "File": "character_amy.bmp", "Rect": "528,252,48,24", "Center": "20,12" },
	"character_amy_0x5d":  { "File": "character_amy.bmp", "Rect": "584,252,32,24", "Center": "4,12" },
	"character_amy_0x5e":  { "File": "character_amy.bmp", "Rect": "628,252,40,24", "Center": "30,12" },
	"character_amy_0x5f":  { "File": "character_amy.bmp", "Rect": "672,252,48,24", "Center": "27,12" },
	"character_amy_0x60":  { "File": "character_amy.bmp", "Rect": "728,252,32,24", "Center": "10,12" },
	"character_amy_0x61":  { "File": "character_amy.bmp", "Rect": "4,300,40,24", "Center": "38,12" },
	"character_amy_0x62":  { "File": "character_amy.bmp", "Rect": "52,296,40,32", "Center": "20,16" },
	"character_amy_0x63":  { "File": "character_amy.bmp", "Rect": "108,288,24,48", "Center": "10,24" },
	"character_amy_0x64":  { "File": "character_amy.bmp", "Rect": "156,296,24,32", "Center": "12,15" },
	"character_amy_0x65":  { "File": "character_amy.bmp", "Rect": "204,292,24,40", "Center": "11,21" },
	"character_amy_0x66":  { "File": "character_amy.bmp", "Rect": "252,288,24,48", "Center": "10,24" },
	"character_amy_0x67":  { "File": "character_amy.bmp", "Rect": "300,296,24,32", "Center": "12,16" },
	"character_amy_0x68":  { "File": "character_amy.bmp", "Rect": "348,292,24,40", "Center": "12,24" },
	"character_amy_0x69":  { "File": "character_amy.bmp", "Rect": "392,292,32,40", "Center": "16,20" },
	"character_amy_0x6a":  { "File": "character_amy.bmp", "Rect": "440,292,32,40", "Center": "15,20" },
	"character_amy_0x6b":  { "File": "character_amy.bmp", "Rect": "488,296,32,32", "Center": "21,20" },
	"character_amy_0x6c":  { "File": "character_amy.bmp", "Rect": "532,296,40,32", "Center": "18,15" },
	"character_amy_0x6d":  { "File": "character_amy.bmp", "Rect": "580,296,40,32", "Center": "20,14" },
	"character_amy_0x6e":  { "File": "character_amy.bmp", "Rect": "628,300,40,24", "Center": "20,10" },
	"character_amy_0x6f":  { "File": "character_amy.bmp", "Rect": "680,296,32,32", "Center": "14,14" },
	"character_amy_0x70":  { "File": "character_amy.bmp", "Rect": "728,296,32,32", "Center": "16,11" },
	"character_amy_0x71":  { "File": "character_amy.bmp", "Rect": "4,348,40,24", "Center": "20,10" },
	"character_amy_0x72":  { "File": "character_amy.bmp", "Rect": "52,348,40,24", "Center": "20,10" },
	"character_amy_0x73":  { "File": "character_amy.bmp", "Rect": "100,344,40,32", "Center": "20,16" },
	"character_amy_0x74":  { "File": "character_amy.bmp", "Rect": "148,344,36,32", "Center": "18,17" },
	"character_amy_0x75":  { "File": "character_amy.bmp", "Rect": "200,344,32,32", "Center": "13,15" },
	"character_amy_0x76":  { "File": "character_amy.bmp", "Rect": "248,344,32,32", "Center": "12,15" },
	"character_amy_0x77":  { "File": "character_amy.bmp", "Rect": "296,348,32,28", "Center": "12,14" },
	"character_amy_0x78":  { "File": "character_amy.bmp", "Rect": "340,336,40,48", "Center": "18,25" },
	"character_amy_0x79":  { "File": "character_amy.bmp", "Rect": "388,340,40,40", "Center": "26,30" },
	"character_amy_0x7a":  { "File": "character_amy.bmp", "Rect": "436,344,40,32", "Center": "28,18" },
	"character_amy_0x7b":  { "File": "character_amy.bmp", "Rect": "484,340,40,40", "Center": "31,12" },
	"character_amy_0x7c":  { "File": "character_amy.bmp", "Rect": "536,340,32,40", "Center": "18,12" },
	"character_amy_0x7d":  { "File": "character_amy.bmp", "Rect": "580,340,40,40", "Center": "13,10" },
	"character_amy_0x7e":  { "File": "character_amy.bmp", "Rect": "628,344,40,32", "Center": "11,14" },
	"character_amy_0x7f":  { "File": "character_amy.bmp", "Rect": "676,340,40,40", "Center": "7,27" },
	"character_amy_0x80":  { "File": "character_amy.bmp", "Rect": "724,336,40,48", "Center": "17,24" },
	"character_amy_0x81":  { "File": "character_amy.bmp", "Rect": "12,384,32,48", "Center": "18,24" },
	"character_amy_0x82":  { "File": "character_amy.bmp", "Rect": "60,384,32,48", "Center": "20,24" },
	"character_amy_0x83":  { "File": "character_amy.bmp", "Rect": "104,384,40,48", "Center": "22,24" },
	"character_amy_0x84":  { "File": "character_amy.bmp", "Rect": "152,384,32,48", "Center": "19,24" },
	"character_amy_0x85":  { "File": "character_amy.bmp", "Rect": "200,384,32,48", "Center": "17,24" },
	"character_amy_0x86":  { "File": "character_amy.bmp", "Rect": "248,396,32,24", "Center": "8,8" },
	"character_amy_0x87":  { "File": "character_amy.bmp", "Rect": "296,396,32,24", "Center": "8,8" },
	"character_amy_0x88":  { "File": "character_amy.bmp", "Rect": "344,396,32,24", "Center": "8,8" },
	"character_amy_0x89":  { "File": "character_amy.bmp", "Rect": "392,388,32,40", "Center": "16,20" },
	"character_amy_0x8a":  { "File": "character_amy.bmp", "Rect": "440,392,32,32", "Center": "16,16" },
	"character_amy_0x8b":  { "File": "character_amy.bmp", "Rect": "492,384,24,48", "Center": "15,24" },
	"character_amy_0x8c":  { "File": "character_amy.bmp", "Rect": "540,384,24,48", "Center": "15,24" },
	"character_amy_0x8d":  { "File": "character_amy.bmp", "Rect": "580,392,40,32", "Center": "23,15" },
	"character_amy_0x8e":  { "File": "character_amy.bmp", "Rect": "632,388,32,40", "Center": "16,20" },
	"character_amy_0x8f":  { "File": "character_amy.bmp", "Rect": "680,388,32,40", "Center": "16,21" },
	"character_amy_0x90":  { "File": "character_amy.bmp", "Rect": "728,384,32,48", "Center": "16,24" },
	"character_amy_0x91":  { "File": "character_amy.bmp", "Rect": "8,432,40,48", "Center": "16,26" },
	"character_amy_0x92":  { "File": "character_amy.bmp", "Rect": "56,436,40,40", "Center": "16,24" },
	"character_amy_0x93":  { "File": "character_amy.bmp", "Rect": "108,440,32,32", "Center": "16,24" },
	"character_amy_0x94":  { "File": "character_amy.bmp", "Rect": "152,432,32,48", "Center": "14,24" },
	"character_amy_0x95":  { "File": "character_amy.bmp", "Rect": "203,432,24,48", "Center": "10,24" },
	"character_amy_0x96":  { "File": "character_amy.bmp", "Rect": "392,8,32,32", "Center": "16,16" },
	"character_amy_0x97":  { "File": "character_amy.bmp", "Rect": "440,8,32,32", "Center": "16,16" },
	"character_amy_0x98":  { "File": "character_amy.bmp", "Rect": "488,8,32,32", "Center": "16,16" },
	"character_amy_0x99":  { "File": "character_amy.bmp", "Rect": "536,8,32,32", "Center": "16,16" },
	"character_amy_0x9a":  { "File": "character_amy.bmp", "Rect": "584,8,32,32", "Center": "16,16" },
	"character_amy_0x9b":  { "File": "character_amy.bmp", "Rect": "488,440,32,32", "Center": "22,16" },
	"character_amy_0x9c":  { "File": "character_amy.bmp", "Rect": "532,436,40,40", "Center": "16,20" },
	"character_amy_0x9d":  { "File": "character_amy.bmp", "Rect": "396,348,56,24", "Center": "26,12" },
	"character_amy_0x9e":  { "File": "character_amy.bmp", "Rect": "460,348,56,24", "Center": "26,12" },
	"character_amy_0x9f":  { "File": "character_amy.bmp", "Rect": "676,436,40,40", "Center": "20,20" },
	"character_amy_0xa0":  { "File": "character_amy.bmp", "Rect": "728,440,32,32", "Center": "21,19" },
	"character_amy_0xa1":  { "File": "character_amy.bmp", "Rect": "8,488,32,32", "Center": "21,19" },
	"character_amy_0xa2":  { "File": "character_amy.bmp", "Rect": "56,488,32,32", "Center": "21,19" },
	"character_amy_0xa3":  { "File": "character_amy.bmp", "Rect": "104,488,32,32", "Center": "21,19" },
	"character_amy_0xa4":  { "File": "character_amy.bmp", "Rect": "152,488,32,32", "Center": "21,19" },
	"character_amy_0xa5":  { "File": "character_amy.bmp", "Rect": "204,484,24,40", "Center": "12,20" },
	"character_amy_0xa6":  { "File": "character_amy.bmp", "Rect": "248,484,32,40", "Center": "13,20" },
	"character_amy_0xa7":  { "File": "character_amy.bmp", "Rect": "300,476,24,44", "Center": "11,20" },
	"character_amy_0xa8":  { "File": "character_amy.bmp", "Rect": "348,476,24,44", "Center": "11,20" },
	"character_amy_0xa9":  { "File": "character_amy.bmp", "Rect": "392,484,32,40", "Center": "14,20" },
	"character_amy_0xaa":  { "File": "character_amy.bmp", "Rect": "440,484,32,40", "Center": "14,20" },
	"character_amy_0xab":  { "File": "character_amy.bmp", "Rect": "488,484,32,40", "Center": "14,20" },
	"character_amy_0xac":  { "File": "character_amy.bmp", "Rect": "536,484,32,40", "Center": "14,20" },
	"character_amy_0xad":  { "File": "character_amy.bmp", "Rect": "588,484,24,40", "Center": "13,20" },
	"character_amy_0xae":  { "File": "character_amy.bmp", "Rect": "636,484,24,40", "Center": "13,20" },
	"character_amy_0xaf":  { "File": "character_amy.bmp", "Rect": "684,484,24,40", "Center": "13,20" },
	"character_amy_0xb0":  { "File": "character_amy.bmp", "Rect": "732,484,24,40", "Center": "12,21" },
	"character_amy_0xb1":  { "File": "character_amy.bmp", "Rect": "12,532,24,40", "Center": "13,24" },
	"character_amy_0xb2":  { "File": "character_amy.bmp", "Rect": "60,532,24,40", "Center": "13,24" },
	"character_amy_0xb3":  { "File": "character_amy.bmp", "Rect": "107,532,24,40", "Center": "13,24" },
	"character_amy_0xb4":  { "File": "character_amy.bmp", "Rect": "156,532,24,40", "Center": "13,24" },
	"character_amy_0xb5":  { "File": "character_amy.bmp", "Rect": "192,540,48,24", "Center": "27,12" },
	"character_amy_0xb6":  { "File": "character_amy.bmp", "Rect": "244,540,40,24", "Center": "20,12" },
	"character_amy_0xb7":  { "File": "character_amy.bmp", "Rect": "296,540,32,24", "Center": "17,12" },
	"character_amy_0xb8":  { "File": "character_amy.bmp", "Rect": "340,540,40,24", "Center": "20,12" },
	"character_amy_0xb9":  { "File": "character_amy.bmp", "Rect": "384,540,48,24", "Center": "20,12" },
	"character_amy_0xba":  { "File": "character_amy.bmp", "Rect": "436,540,40,24", "Center": "22,12" },
	"character_amy_0xbb":  { "File": "character_amy.bmp", "Rect": "488,540,32,24", "Center": "17,12" },
	"character_amy_0xbc":  { "File": "character_amy.bmp", "Rect": "532,540,40,24", "Center": "17,12" },

	// Fast run
	"character_amy_0xbd":  { "File": "character_amy.bmp", "Rect": "45,607,40,40", "Center": "20,24" },
	"character_amy_0xbe":  { "File": "character_amy.bmp", "Rect": "85,607,40,40", "Center": "20,24" },
	"character_amy_0xbf":  { "File": "character_amy.bmp", "Rect": "125,607,40,40", "Center": "20,24" },
	"character_amy_0xc0":  { "File": "character_amy.bmp", "Rect": "165,607,40,40", "Center": "20,24" },

	"character_amy_0xc1":  { "File": "character_amy.bmp", "Rect": "4,584,40,32", "Center": "19,14" },
	"character_amy_0xc2":  { "File": "character_amy.bmp", "Rect": "52,584,40,32", "Center": "21,19" },
	"character_amy_0xc3":  { "File": "character_amy.bmp", "Rect": "101,584,37,32", "Center": "21,16" },
	"character_amy_0xc4":  { "File": "character_amy.bmp", "Rect": "149,584,37,32", "Center": "21,16" },
	"character_amy_0xc5":  { "File": "character_amy.bmp", "Rect": "200,580,31,40", "Center": "23,20" },
	"character_amy_0xc6":  { "File": "character_amy.bmp", "Rect": "248,580,31,40", "Center": "23,20" },
	"character_amy_0xc7":  { "File": "character_amy.bmp", "Rect": "296,581,32,37", "Center": "16,16" },
	"character_amy_0xc8":  { "File": "character_amy.bmp", "Rect": "344,581,32,37", "Center": "16,16" },
	"character_amy_0xc9":  { "File": "character_amy.bmp", "Rect": "388,584,40,31", "Center": "20,8" },
	"character_amy_0xca":  { "File": "character_amy.bmp", "Rect": "436,584,40,31", "Center": "20,8" },
	"character_amy_0xcb":  { "File": "character_amy.bmp", "Rect": "488,580,32,40", "Center": "16,12" },
	"character_amy_0xcc":  { "File": "character_amy.bmp", "Rect": "536,584,32,32", "Center": "16,8" },
	"character_amy_0xcd":  { "File": "character_amy.bmp", "Rect": "580,584,40,32", "Center": "21,19" },
	"character_amy_0xce":  { "File": "character_amy.bmp", "Rect": "628,584,40,32", "Center": "21,19" },
	"character_amy_0xcf":  { "File": "character_amy.bmp", "Rect": "684,580,24,40", "Center": "12,26" },
	"character_amy_0xd0":  { "File": "character_amy.bmp", "Rect": "732,580,24,40", "Center": "12,26" },
	"character_amy_0xd1":  { "File": "character_amy.bmp", "Rect": "632,8,32,32", "Center": "12,12" },
	"character_amy_0xd2":  { "File": "character_amy.bmp", "Rect": "680,8,32,32", "Center": "12,12" },
	"character_amy_0xd3":  { "File": "character_amy.bmp", "Rect": "728,8,32,32", "Center": "12,12" },
	"character_amy_0xd4":  { "File": "character_amy.bmp", "Rect": "8,56,32,32", "Center": "12,12" },
	"character_amy_0xd5":  { "File": "character_amy.bmp", "Rect": "56,56,32,32", "Center": "12,12" },
	"character_amy_0xd6":  { "File": "character_amy.bmp", "Rect": "104,56,32,32", "Center": "12,12" },
	"character_amy_0xd7":  { "File": "character_amy.bmp", "Rect": "396,440,24,32", "Center": "12,16" },
	"character_amy_0xd8":  { "File": "character_amy.bmp", "Rect": "440,440,32,32", "Center": "22,16" },
	"character_amy_0xd9":  { "File": "character_amy.bmp", "Rect": "248,440,32,32", "Center": "22,16" },
	"character_amy_0xda":  { "File": "character_amy.bmp", "Rect": "492,680,24,32", "Center": "12,16" },
	"character_amy_0xdb":  { "File": "character_amy.bmp", "Rect": "536,672,32,48", "Center": "15,24" },
	"character_amy_0xdc":  { "File": "character_amy.bmp", "Rect": "584,672,32,48", "Center": "16,24" },
	"character_amy_0xdd":  { "File": "character_amy.bmp", "Rect": "632,672,32,48", "Center": "16,25" },
	"character_amy_0xde":  { "File": "character_amy.bmp", "Rect": "342,437,28,39", "Center": "14,19" },
	"character_amy_0xdf":  { "File": "character_amy.bmp", "Rect": "680,628,32,40", "Center": "16,20" },
	"character_amy_0xe0":  { "File": "character_amy.bmp", "Rect": "732,632,24,32", "Center": "12,16" },
	"character_amy_0xe1":  { "File": "character_amy.bmp", "Rect": "12,676,24,40", "Center": "12,20" },
	"character_amy_0xe2":  { "File": "character_amy.bmp", "Rect": "56,676,32,40", "Center": "16,20" },
	"character_amy_0xe3":  { "File": "character_amy.bmp", "Rect": "100,672,40,48", "Center": "15,20" },
	"character_amy_0xe4":  { "File": "character_amy.bmp", "Rect": "152,672,32,48", "Center": "16,24" },
	"character_amy_0xe5":  { "File": "character_amy.bmp", "Rect": "200,672,32,48", "Center": "16,24" },
	"character_amy_0xe6":  { "File": "character_amy.bmp", "Rect": "248,672,32,48", "Center": "16,24" },
	"character_amy_0xe7":  { "File": "character_amy.bmp", "Rect": "300,672,24,48", "Center": "12,24" },
	"character_amy_0xe8":  { "File": "character_amy.bmp", "Rect": "344,672,32,48", "Center": "16,24" },
	"character_amy_0xe9":  { "File": "character_amy.bmp", "Rect": "392,672,32,48", "Center": "16,24" },
	"character_amy_0xea":  { "File": "character_amy.bmp", "Rect": "444,672,24,48", "Center": "12,24" },
	"character_amy_0xeb":  { "File": "character_amy.bmp", "Rect": "492,680,24,32", "Center": "12,16" },
	"character_amy_0xec":  { "File": "character_amy.bmp", "Rect": "536,672,32,48", "Center": "15,24" },
	"character_amy_0xed":  { "File": "character_amy.bmp", "Rect": "584,672,32,48", "Center": "16,24" },
	"character_amy_0xee":  { "File": "character_amy.bmp", "Rect": "632,672,32,48", "Center": "16,25" },
	"character_amy_0xef":  { "File": "character_amy.bmp", "Rect": "680,676,32,40", "Center": "16,20" },
	"character_amy_0xf0":  { "File": "character_amy.bmp", "Rect": "728,676,32,40", "Center": "16,20" },
	"character_amy_0xf1":  { "File": "character_amy.bmp", "Rect": "12,724,24,40", "Center": "12,20" },
	"character_amy_0xf2":  { "File": "character_amy.bmp", "Rect": "60,724,24,40", "Center": "12,20" },
	"character_amy_0xf3":  { "File": "character_amy.bmp", "Rect": "108,724,24,40", "Center": "12,20" },
	"character_amy_0xf4":  { "File": "character_amy.bmp", "Rect": "152,724,32,40", "Center": "16,20" },
	"character_amy_0xf5":  { "File": "character_amy.bmp", "Rect": "200,724,32,40", "Center": "17,20" },
	"character_amy_0xf6":  { "File": "character_amy.bmp", "Rect": "248,724,32,40", "Center": "16,20" },
	"character_amy_0xf7":  { "File": "character_amy.bmp", "Rect": "300,724,24,40", "Center": "12,20" },
	"character_amy_0xf8":  { "File": "character_amy.bmp", "Rect": "348,724,24,40", "Center": "12,20" },
	"character_amy_0xf9":  { "File": "character_amy.bmp", "Rect": "396,724,24,40", "Center": "12,20" },
	"character_amy_0xfa":  { "File": "character_amy.bmp", "Rect": "440,724,32,40", "Center": "16,20" },
	"character_amy_balloon_hang":  { "File": "character_amy.bmp", "Rect": "270,609,22,40", "Center": "11,20" },
	"character_amy_fall":  { "File": "character_amy.bmp", "Rect": "298,607,27,39", "Center": "13,19" },
	"mini_amy":  { "File": "character_amy.bmp", "Rect": "364,582,13,18", "Center": "6,10" },
	"micro_amy":  { "File": "character_amy.bmp", "Rect": "382,594,3,5", "Center": "0,4" },
	"ThisGirlIsOnFire":  { "File": "character_amy.bmp", "Rect": "584,436,40,40", "Center": "16,20" },
	"ESamy_springtwirl_0":  { "File": "character_amy.bmp", "Rect": "618,541,21,36", "Center": "10,18" },
	"ESamy_springtwirl_1":  { "File": "character_amy.bmp", "Rect": "594,542,22,35", "Center": "11,17" },
	"ESamy_springtwirl_2":  { "File": "character_amy.bmp", "Rect": "689,542,22,35", "Center": "11,17" },
	"ESamy_springtwirl_3":  { "File": "character_amy.bmp", "Rect": "666,541,21,36", "Center": "10,18" },
	"ESamy_springtwirl_4":  { "File": "character_amy.bmp", "Rect": "643,541,19,36", "Center": "9,18" },
	"ESamy_continue_0":  { "File": "character_amy.bmp", "Rect": "617,69,31,27", "Center": "15,7" },
	"ESamy_continue_1":  { "File": "character_amy.bmp", "Rect": "650,69,31,27", "Center": "15,7" },
	"ESamy_continue_2":  { "File": "character_amy.bmp", "Rect": "683,69,31,27", "Center": "15,7" },
	"ESamy_continue_3":  { "File": "character_amy.bmp", "Rect": "650,69,31,27", "Center": "15,7" },
	"character_amy_hammerbounce_0":  { "File": "character_amy.bmp", "Rect": "152,46,56,56", "Center": "28,28" },
	"character_amy_hammerbounce_1":  { "File": "character_amy.bmp", "Rect": "208,46,56,56", "Center": "28,28" },
	"character_amy_hammerbounce_2":  { "File": "character_amy.bmp", "Rect": "264,46,56,56", "Center": "28,28" },
	"character_amy_hammerbounce_3":  { "File": "character_amy.bmp", "Rect": "320,46,56,56", "Center": "28,28" },
	"character_amy_hammerbounce_4":  { "File": "character_amy.bmp", "Rect": "376,46,56,56", "Center": "28,28" },
	"character_amy_hammerbounce_5":  { "File": "character_amy.bmp", "Rect": "432,46,56,56", "Center": "28,28" },
	"character_amy_hammerbounce_6":  { "File": "character_amy.bmp", "Rect": "488,46,56,56", "Center": "28,28" },
	"character_amy_hammerbounce_7":  { "File": "character_amy.bmp", "Rect": "544,46,56,56", "Center": "28,28" },
	"character_amy_trans":  { "File": "character_amy_ready.bmp", "Rect": "0,0,56,56", "Center": "28,28" },
	"character_amy_clutch":  { "File": "character_amy_ready.bmp", "Rect": "56,0,56,56", "Center": "28,28" },
	"character_amy_hammerslam_0":  { "File": "character_amy_slam.bmp", "Rect": "0,0,64,64", "Center": "32,40" },
	"character_amy_hammerslam_1":  { "File": "character_amy_slam.bmp", "Rect": "64,0,64,64", "Center": "32,40" },
	"character_amy_hammerslam_2":  { "File": "character_amy_slam.bmp", "Rect": "128,0,64,64", "Center": "32,40" },
	"character_amy_hammerslam_3":  { "File": "character_amy_slam.bmp", "Rect": "64,0,64,64", "Center": "32,40" },
	"character_amy_hammerslam_4":  { "File": "character_amy_slam.bmp", "Rect": "128,0,64,64", "Center": "32,40" },
	"character_amy_hammerslam_5":  { "File": "character_amy_slam.bmp", "Rect": "64,0,64,64", "Center": "32,40" },
	"character_amy_hammerslam_6":  { "File": "character_amy_slam.bmp", "Rect": "128,0,64,64", "Center": "32,40" },
	"character_amy_hammerslam_7":  { "File": "character_amy_slam.bmp", "Rect": "64,0,64,64", "Center": "32,40" },
	"character_amy_hammerslam_8":  { "File": "character_amy_slam.bmp", "Rect": "128,0,64,64", "Center": "32,40" },
	"character_amy_hammerslam_9":  { "File": "character_amy_slam.bmp", "Rect": "64,0,64,64", "Center": "32,40" },
	"character_amy_hammerslam_10":  { "File": "character_amy_slam.bmp", "Rect": "128,0,64,64", "Center": "32,40" },
	"character_amy_hammerslam_11":  { "File": "character_amy_slam.bmp", "Rect": "64,0,64,64", "Center": "32,40" },
	"character_amy_hammerslam_12":  { "File": "character_amy_slam.bmp", "Rect": "192,0,64,64", "Center": "32,40" },
	"character_amy_hammerslam_13":  { "File": "character_amy_slam.bmp", "Rect": "128,0,64,64", "Center": "32,40" },
	"character_amy_hammerslam_14":  { "File": "character_amy_slam.bmp", "Rect": "256,0,64,64", "Center": "32,40" },
	"character_amy_hammerland_0":  { "File": "character_amy_slam.bmp", "Rect": "320,0,64,64", "Center": "32,46" },
	"character_amy_hammerland_1":  { "File": "character_amy_slam.bmp", "Rect": "384,0,64,64", "Center": "32,45" },
	"character_amy_hammerland_2":  { "File": "character_amy_slam.bmp", "Rect": "448,0,64,64", "Center": "32,45" },
	"character_amy_hammerland_3":  { "File": "character_amy_slam.bmp", "Rect": "448,0,64,64", "Center": "32,45" },
	"character_amy_superrun_0":  { "File": "character_amy.bmp", "Rect": "327,607,48,48", "Center": "24,24" },
	"character_amy_superrun_1":  { "File": "character_amy.bmp", "Rect": "375,607,48,48", "Center": "24,24" },
	"character_amy_hammerabort":  { "File": "character_amy_hammerfall.bmp", "Rect": "0,0,32,48", "Center": "16,24" }
}