{
	"comp_character_slot3_0x01":  { "File": "Amy_comp.bmp", "Rect": "112,9,16,23", "Center": "8,11" },
	"comp_character_slot3_0x02":  { "File": "Amy_comp.bmp", "Rect": "129,10,14,22", "Center": "7,10" },
	"comp_character_slot3_0x03":  { "File": "Amy_comp.bmp", "Rect": "144,9,16,23", "Center": "8,11" },
	"comp_character_slot3_0x04":  { "File": "Amy_comp.bmp", "Rect": "100,0,24,32", "Center": "12,16" },
	"comp_character_slot3_0x05":  { "File": "Amy_comp.bmp", "Rect": "132,0,24,32", "Center": "12,16" },
	"comp_character_slot3_0x06":  { "File": "Amy_comp.bmp", "Rect": "164,0,24,32", "Center": "12,16" },
	"comp_character_slot3_0x07":  { "File": "Amy_comp.bmp", "Rect": "196,4,24,24", "Center": "12,12" },
	"comp_character_slot3_0x08":  { "File": "Amy_comp.bmp", "Rect": "228,4,24,24", "Center": "12,12" },
	"comp_character_slot3_0x09":  { "File": "Amy_comp.bmp", "Rect": "260,4,24,24", "Center": "12,12" },
	"comp_character_slot3_0x0a":  { "File": "Amy_comp.bmp", "Rect": "288,4,32,24", "Center": "16,12" },
	"comp_character_slot3_0x0b":  { "File": "Amy_comp.bmp", "Rect": "320,4,32,24", "Center": "16,12" },
	"comp_character_slot3_0x0c":  { "File": "Amy_comp.bmp", "Rect": "352,4,32,24", "Center": "16,12" },
	"comp_character_slot3_0x0d":  { "File": "Amy_comp.bmp", "Rect": "0,12,16,20", "Center": "8,8" },
	"comp_character_slot3_0x0e":  { "File": "Amy_comp.bmp", "Rect": "16,12,16,20", "Center": "8,8" },
	"comp_character_slot3_0x0f":  { "File": "Amy_comp.bmp", "Rect": "452,4,24,24", "Center": "12,12" },
	"comp_character_slot3_0x10":  { "File": "Amy_comp.bmp", "Rect": "484,4,24,24", "Center": "12,12" },
	"comp_character_slot3_0x11":  { "File": "Amy_comp.bmp", "Rect": "4,36,24,24", "Center": "12,12" },
	"comp_character_slot3_0x12":  { "File": "Amy_comp.bmp", "Rect": "36,36,24,24", "Center": "12,12" },
	"comp_character_slot3_0x13":  { "File": "Amy_comp.bmp", "Rect": "68,36,24,24", "Center": "12,12" },
	"comp_character_slot3_0x14":  { "File": "Amy_comp.bmp", "Rect": "100,36,24,24", "Center": "12,12" },
	"comp_character_slot3_0x15":  { "File": "Amy_comp.bmp", "Rect": "1,41,15,23", "Center": "7,11" },
	"comp_character_slot3_0x16":  { "File": "Amy_comp.bmp", "Rect": "16,41,16,23", "Center": "8,11" },
	"comp_character_slot3_0x17":  { "File": "Amy_comp.bmp", "Rect": "34,41,14,23", "Center": "7,11" },
	"comp_character_slot3_0x18":  { "File": "Amy_comp.bmp", "Rect": "49,41,15,23", "Center": "7,11" },
	"comp_character_slot3_0x19":  { "File": "Amy_comp.bmp", "Rect": "65,41,15,23", "Center": "7,11" },
	"comp_character_slot3_0x1a":  { "File": "Amy_comp.bmp", "Rect": "81,41,15,23", "Center": "7,11" },
	"comp_character_slot3_0x1b":  { "File": "Amy_comp.bmp", "Rect": "49,10,14,22", "Center": "7,10" },
	"comp_character_slot3_0x1c":  { "File": "Amy_comp.bmp", "Rect": "66,9,14,23", "Center": "7,12" },
	"comp_character_slot3_0x1d":  { "File": "Amy_comp.bmp", "Rect": "81,10,14,22", "Center": "7,10" },
	"comp_character_slot3_0x1e":  { "File": "Amy_comp.bmp", "Rect": "96,9,15,23", "Center": "7,11" },
	"comp_character_slot3_0x1f":  { "File": "Amy_comp.bmp", "Rect": "32,11,16,21", "Center": "8,10" },
	"comp_character_slot3_0x20":  { "File": "Amy_comp.bmp", "Rect": "129,41,15,23", "Center": "7,11" },
	"comp_character_slot3_0x21":  { "File": "Amy_comp.bmp", "Rect": "102,44,20,20", "Center": "10,10" },
	"comp_character_slot3_0x22":  { "File": "Amy_comp.bmp", "Rect": "211,44,17,20", "Center": "8,8" },
	"comp_character_slot3_0x23":  { "File": "Amy_comp.bmp", "Rect": "426,48,24,16", "Center": "12,4" },
	"comp_character_slot3_0x24":  { "File": "Amy_comp.bmp", "Rect": "452,48,24,16", "Center": "12,4" },
	"comp_character_slot3_0x25":  { "File": "Amy_comp.bmp", "Rect": "145,42,15,22", "Center": "10,10" },
	"comp_character_slot3_0x26":  { "File": "Amy_comp.bmp", "Rect": "164,42,12,22", "Center": "7,10" },
	"comp_character_slot3_0x27":  { "File": "Amy_comp.bmp", "Rect": "164,42,12,22", "Center": "7,10" },
	"comp_character_slot3_0x28":  { "File": "Amy_comp.bmp", "Rect": "160,15,17,17", "Center": "9,9" },
	"comp_character_slot3_0x29":  { "File": "Amy_comp.bmp", "Rect": "177,16,15,16", "Center": "7,8" },
	"comp_character_slot3_0x2a":  { "File": "Amy_comp.bmp", "Rect": "194,16,13,16", "Center": "6,8" },
	"comp_character_slot3_0x2b":  { "File": "Amy_comp.bmp", "Rect": "209,16,14,16", "Center": "7,4" },
	"comp_character_amy_hammerbounce_0":  { "File": "Amy_comp.bmp", "Rect": "261,14,34,32", "Center": "17,16" },
	"comp_character_amy_hammerbounce_1":  { "File": "Amy_comp.bmp", "Rect": "295,14,34,32", "Center": "23,16" },
	"comp_character_amy_hammerbounce_2":  { "File": "Amy_comp.bmp", "Rect": "329,14,34,32", "Center": "21,16" },
	"comp_character_amy_hammerbounce_3":  { "File": "Amy_comp.bmp", "Rect": "363,14,34,32", "Center": "19,16" }
}