{
	"cutscene_amy_0x03":  { "File": "ES_Amy_intro_cutscene.bmp", "Rect": "84,11,34,25", "Center": "17,4" },
	"cutscene_amy_0x04":  { "File": "ES_Amy_intro_cutscene.bmp", "Rect": "84,11,34,25", "Center": "17,4" },
	"cutscene_amy_0x05":  { "File": "ES_Amy_intro_cutscene.bmp", "Rect": "128,11,34,25", "Center": "17,4" },
	"cutscene_amy_0x06":  { "File": "ES_Amy_intro_cutscene.bmp", "Rect": "172,11,34,25", "Center": "17,4" },
	"cutscene_amy_0x07":  { "File": "ES_Amy_intro_cutscene.bmp", "Rect": "172,11,34,25", "Center": "17,4" },
	"cutscene_amy_0x08":  { "File": "ES_Amy_intro_cutscene.bmp", "Rect": "84,11,34,25", "Center": "17,4" },
	"cutscene_amy_0x09":  { "File": "ES_Amy_intro_cutscene.bmp", "Rect": "217,9,23,27", "Center": "11,8" },
	"cutscene_amy_0x0a":  { "File": "ES_Amy_intro_cutscene.bmp", "Rect": "0,0,33,36", "Center": "23,16" },
	"cutscene_amy_0x0b":  { "File": "ES_Amy_intro_cutscene.bmp", "Rect": "43,1,33,35", "Center": "23,15" },
	"cutscene_amy_0x10":  { "File": "ES_Amy_intro_cutscene.bmp", "Rect": "6,44,24,25", "Center": "11,28" },
	"cutscene_amy_0x11":  { "File": "ES_Amy_intro_cutscene.bmp", "Rect": "35,44,24,25", "Center": "11,28" },
	"cutscene_amy_0x12":  { "File": "ES_Amy_intro_cutscene.bmp", "Rect": "129,44,24,25", "Center": "11,28" },
	"cutscene_amy_0x13":  { "File": "ES_Amy_intro_cutscene.bmp", "Rect": "160,44,24,25", "Center": "11,28" },
	"cutscene_amy_0x14":  { "File": "ES_Amy_intro_cutscene.bmp", "Rect": "189,44,24,25", "Center": "11,28" },
	"cutscene_amy_0x15":  { "File": "ES_Amy_intro_cutscene.bmp", "Rect": "276,44,24,25", "Center": "11,28" },
	"cutscene_amy_0x16":  { "File": "ES_Amy_intro_cutscene.bmp", "Rect": "305,44,24,25", "Center": "11,28" },
	"cutscene_amy_0x17":  { "File": "ES_Amy_intro_cutscene.bmp", "Rect": "334,44,24,25", "Center": "11,28" },
	"cutscene_amy_0x18":  { "File": "ES_Amy_intro_cutscene.bmp", "Rect": "421,44,24,25", "Center": "11,28" },
	"cutscene_amy_0x19":  { "File": "ES_Amy_intro_cutscene.bmp", "Rect": "450,44,24,25", "Center": "11,28" },
	"cutscene_amy_0x1a":  { "File": "ES_Amy_intro_cutscene.bmp", "Rect": "479,44,24,25", "Center": "11,28" },
	"cutscene_amy_0x1b":  { "File": "ES_Amy_intro_cutscene.bmp", "Rect": "508,44,24,25", "Center": "11,28" },
	"Amy_Tarotcard_0x00":  { "File": "ES_Amy_intro_cutscene.bmp", "Rect": "264,23,7,7", "Center": "3,3" },
	"Amy_Tarotcard_0x01":  { "File": "ES_Amy_intro_cutscene.bmp", "Rect": "277,24,5,5", "Center": "2,2" },
	"Amy_Tarotcard_0x02":  { "File": "ES_Amy_intro_cutscene.bmp", "Rect": "288,23,7,7", "Center": "3,3" },
	"Amy_Tarotcard_0x03":  { "File": "ES_Amy_intro_cutscene.bmp", "Rect": "277,24,5,5", "Center": "2,2" },
	"Dwayne_Johnson":  { "File": "Amy_Dwayne.png", "Rect": "1,5,34,15", "Center": "17,7" },
	"dwayne_0x00":  { "File": "Amy_Dwayne.png", "Rect": "37,0,12,12", "Center": "6,6" },
	"dwayne_0x01":  { "File": "Amy_Dwayne.png", "Rect": "50,0,12,12", "Center": "6,6" },
	"dwayne_0x02":  { "File": "Amy_Dwayne.png", "Rect": "63,0,12,12", "Center": "6,6" },
	"dwayne_0x03":  { "File": "Amy_Dwayne.png", "Rect": "76,0,12,12", "Center": "6,6" }
}