{
	"Metadata":
	{
		"Name": "Amy Galore: Standalone edition",
		"Author": "TEAM GALORE",
		"Description": "Rosy the rascal is back at it again!\nPlay through Sonic 3 A.I.R. as the world's 2nd most famous hedgehog! this time with many new customisable options!\nselect between nine different moveset options, \nor mix and match your own moveset with custom!",
		"ModVersion": "3.2.0",
		"GameVersion" : "24.02.02.0",
		"UniqueID": "AmyGaloreMisc",
	},
	"UsesFeatures": { "Controls_LR": true },
	"Settings":
	{
		"GALOREAMYMISC":
		[
			//not used (yet)
			//{
			//	"InternalName": "HINTS",
			//	"DisplayName": "Button hints",
			//	"Category": "Hints",
			//	"Variable": "Hints",
			//	"DefaultValue": "0x00",
			//	"Options":
			//	{
			//		"0x00": "On",
			//		"0x01": "Off",
			//	}
			//},
			{
				"InternalName": "PALETTE",
				"DisplayName": "Palette",
				"Category": "Palette options",
				"Variable": "AmyMISC.Palette",
				"DefaultValue": "0x00",
				"Options":
				{
					"0x00": "Default (sprite dependant)",
					"0x01": "Galore Origins",
					"0x02": "Ultrafix",
					"0x03": "CD & 3K Origins",
					"0x04": "S1 & 2 Origins",
					"0x05": "Sonic CD (megaCD)",
					"0x06": "ESA",
					"0x07": "Sonic Drift",
					"0x08": "CD ending",
					"0x09": "Superstars",
					"0x10": "Mania",
					"0x11": "Somari",
					"0x12": "Tokyo toy show",
					"0x13": "Triple trouble 16-bit",
					"0x14": "Amy in sonic 3 rom hack",
					"0x15": "Palette bug (Sonic CD)",
					"0x16": "8 bit",
					"0x17": "Sonic 1 forever",
					"0x18": "Ca22",
					"0x19": "Origins Bluesphere",
					"0x20": "Noir",
					"0x21": "Saturated",
					"0x22": "Garf",
					"0x23": "Snowball",
					"0x24": "Ray",
					"0x25": "Sonk",
					"0x26": "????",
					"0x27": "Monty",
					"0x28": "Rookie",
					"0x29": "Inverted",
					"0x30": "Ray's Colourblind",
					"0x31": "Callie <3",
					"0x32": "Pansexual flag",
					"0x33": "Moon dancer",
					"0x34": "Raine",
					"0x35": "SpeedDraw",
					"0x36": "Banzai",
					"0x37": "S_A3",
					"0x38": "Quix",
				}
			},
			{
				"InternalName": "PALETTESUP",
				"DisplayName": "Super Palette",
				"Category": "Palette options",
				"Variable": "AmyMISC.PaletteSuper",
				"DefaultValue": "0x00",
				"Options":
				{
					"0x00": "Default (Palette dependant)",
					"0x01": "Yellow",
					"0x02": "Orange",
					"0x03": "Red",
					"0x04": "Rose gold",
					"0x05": "Miracle",
					"0x06": "Ultrafix-like (Choppy)",
					"0x07": "Ultrafix-like (Smooth)",
				}
			},
			{
				"InternalName": "PALETTEHYP",
				"DisplayName": "Hyper Palette",
				"Category": "Palette options",
				"Variable": "AmyMISC.PaletteHyper",
				"DefaultValue": "0x00",
				"Options":
				{
					"0x00": "Off",
					"0x01": "On",
				}
			},
			{
				"InternalName": "BLUEPALOVERRIDE",
				"DisplayName": "Bluesphere Palette Override",
				"Category": "Palette options",
				"Variable": "AmyMISC.BluePaletteOverRide",
				"DefaultValue": "0x00",
				"Options":
				{
					"0x00": "Off",
					"0x01": "On",
				}
			},
			{
				"InternalName": "SPRITE",
				"DisplayName": "Sprite",
				"Category": "Sprite options",
				"Variable": "AmyMISC.Sprite",
				"DefaultValue": "0x00",
				"Options":
				{
					"0x00": "Origins/Superstars",
					"0x01": "Amy in sonic 3",
					"0x02": "Ca22",
					"0x03": "BONUS: TT16-Bit"
				}
			},
			{
				"InternalName": "IDLE",
				"DisplayName": "Idle Animation (Origins)",
				"Category": "Sprite options",
				"Variable": "AmyMISC.IdleAnim",
				"DefaultValue": "0x00",
				"Options":
				{
					"0x00": "Origins",
					"0x01": "Superstars",
				}
			},
			{
				"InternalName": "BARRELROTSPRITES",
				"DisplayName": "Barrel Sprites (Origins)",
				"Category": "Sprite options",
				"Variable": "AmyMISC.BarrelAnim",
				"DefaultValue": "0x00",
				"Options":
				{
					"0x00": "On",
					"0x01": "Off",
				}
			},
			{
				"InternalName": "NAMESPRITE",
				"DisplayName": "Results Nametag Color",
				"Category": "Sprite options",
				"Variable": "AmyMISC.ResultSprite",
				"DefaultValue": "0x00",
				"Options":
				{
					"0x00": "Pink",
					"0x01": "Blue",
					"0x02": "Ultrafix",
				}
			},
			{
				"InternalName": "MAXDASH",
				"DisplayName": "Max Dash",
				"Category": "Sprite options",
				"Variable": "AmyMISC.MaxDash",
				"DefaultValue": "0x00",
				"Options":
				{
					"0x00": "Off",
					"0x01": "On",
				}
			},
			{
				"InternalName": "SUPERMAXDASH",
				"DisplayName": "Super Max Dash",
				"Category": "Sprite options",
				"Variable": "AmyMISC.SuperMaxDash",
				"DefaultValue": "0x00",
				"Options":
				{
					"0x00": "Off (still on in DDZ)",
					"0x01": "On",
				}
			},
			{
				"InternalName": "SPINRATE",
				"DisplayName": "Constant Hammer Spin Speed",
				"Category": "Tweaks",
				"Variable": "AmyMISC.SpinRate",
				"DefaultValue": "0x00",
				"Options":
				{
					"0x00": "Off",
					"0x01": "On",
				}
			},
			{
				"InternalName": "SPINCHARGE",
				"DisplayName": "Custom Hammer Charge",
				"Category": "Sprite options",
				"Variable": "AmyMISC.SpinChargeSpr",
				"DefaultValue": "0x00",
				"Options":
				{
					"0x00": "Off",
					"0x01": "On",
				}
			},
			{
				"InternalName": "HJANIM",
				"DisplayName": "High Jump Hammer",
				"Category": "Sprite options",
				"Variable": "AmyMISC.HjAnim",
				"DefaultValue": "0x00",
				"Options":
				{
					"0x00": "Off",
					"0x01": "On",
				}
			},
			{
				"InternalName": "GLIDETILT",
				"DisplayName": "Hammer Glide Tilting",
				"Category": "Tweaks",
				"Variable": "AmyMISC.GlideTilt",
				"DefaultValue": "0x00",
				"Options":
				{
					"0x00": "Off",
					"0x01": "On",
				}
			},
			{
				"InternalName": "SMHJ",
				"DisplayName": "Smooth High Jump Rotation",
				"Category": "Tweaks",
				"Variable": "AmyMISC.SmooHJ",
				"DefaultValue": "0x00",
				"Options":
				{
					"0x00": "Off",
					"0x01": "On",
				}
			},
			{
				"InternalName": "SPARKLES",
				"DisplayName": "Hyper Sparks",
				"Category": "Tweaks",
				"Variable": "AmyMISC.Sparks",
				"DefaultValue": "0x00",
				"Options":
				{
					"0x00": "On",
					"0x01": "Off",
				}
			},
			{
				"InternalName": "SPARKLES2",
				"DisplayName": "Super Sparks",
				"Category": "Tweaks",
				"Variable": "AmyMISC.Sparks2",
				"DefaultValue": "0x00",
				"Options":
				{
					"0x00": "On",
					"0x01": "Off",
				}
			},
			{
				"InternalName": "AIZINTRO",
				"DisplayName": "AIZ Intro Style",
				"Category": "Tweaks",
				"Variable": "AmyMISC.AizIntro",
				"DefaultValue": "0x02",
				"Options":
				{
					"0x00": "Mania-like (AtomicRay)",
					"0x01": "Sonic-like (MrAxolot)",
					"0x02": "Origins-like",
				}
			},
			{
				"InternalName": "ICZINTRO",
				"DisplayName": "ICZ Intro Style",
				"Category": "Tweaks",
				"Variable": "AmyMISC.IczIntro",
				"DefaultValue": "0x00",
				"Options":
				{
					"0x00": "Snowboard (Custom)",
					"0x01": "Tails (Origins)",
				}
			},
			{
				"InternalName": "TITLECARD",
				"DisplayName": "Title Card",
				"Category": "Sprite options",
				"Variable": "AmyMISC.TitleCard",
				"DefaultValue": "0x01",
				"Options":
				{
					"0x00": "Default",
					"0x01": "AIR",
					"0x02": "S3",
					"0x03": "S&K",
					"0x04": "S3&K",
					"0x05": "Zone Dependent (S3/S&K)"
				}
			},
			{
				"InternalName": "SHOE",
				"DisplayName": "Shoe Icon",
				"Category": "Sprite options",
				"Variable": "AmyMISC.ShoeType",
				"DefaultValue": "0x00",
				"Options":
				{
					"0x00": "Amy Galore",
					"0x01": "Default",
				}
			},
			{
				"InternalName": "SlotMachineSprite",
				"DisplayName": "Amy Icon in Slot Machine",
				"Category": "Sprite options",
				"Variable": "AmyMISC.SlotMachineSprite",
				"DefaultValue": "0x01",
				"Options":
				{
					"0x00": "Off",
					"0x01": "Replace Sonic",
					"0x02": "Replace BAR"
				}
			},
			{
				"InternalName": "SignPostSprite",
				"DisplayName": "Origins Amy Signpost Sprite",
				"Category": "Sprite options",
				"Variable": "AmyMISC.SignPostSprite",
				"DefaultValue": "0x00",
				"Options":
				{
					"0x00": "Origins (Unmodified)",
					"0x01": "Ultrafix (Modified)"
				}
			},
			{
				"InternalName": "ForceOriginsNametag",
				"DisplayName": "Force Origins Lives Nametag",
				"Category": "Sprite options",
				"Variable": "AmyMISC.ForceOriginsNametag",
				"DefaultValue": "0x00",
				"Options":
				{
					"0x00": "Off",
					"0x01": "On"
				}
			},
			{
				"InternalName": "MOVESET",
				"DisplayName": "Moveset Preset",
				"Category": "Gameplay",
				"Variable": "AmyMISC.MoveSet",
				"DefaultValue": "0x00",
				"Options":
				{
					"0x00": "Origins",
					"0x01": "Superstars",
					"0x02":	"troopsushi (Galore style)",
					"0x03":	"troopsushi (Mania style)",
					"0x04": "ANTONBLAST",
					"0x05": "Cd episode metal",
					"0x06": "Cd-Esque",
					"0x07": "Advance-esque (forever)",
					"0x08": "Advance (hybrid)",
					"0x20": "Custom",
				}
			},
			{
				"InternalName": "ACTION",
				"DisplayName": "Action Button Bind",
				"Category": "Gameplay",
				"Variable": "AmyMISC.ActionBind",
				"DefaultValue": "0x04",
				"Options":
				{
					"0x00": "Off (no action moves)",
					"0x05": "C",
					"0x06": "A",
					"0x04": "B",
				}
			},
			{
				"InternalName": "HYPERACTION",
				"DisplayName": "Hammer Throw Bind",
				"Category": "Gameplay",
				"Variable": "AmyMISC.HammerBind",
				"DefaultValue": "0x09",
				"Options":
				{
					"0x05": "C",
					"0x06": "A",
					"0x04": "B",
					"0x09": "Y",
				}
			},
			//{
			//	"InternalName": "TOGETHERMODE",
			//	"DisplayName": "Partner Mode",
			//	"Category": "Gameplay",
			//	"Variable": "AmGalPartner",
			//	"DefaultValue": "0x00",
			//	"Options":
			//	{
			//		"0x00": "Off",
			//		"0x01": "On"
			//	}
			//},
			{
				"InternalName": "DOOMS",
				"DisplayName": "Enter Doomsday Zone",
				"Category": "Gameplay",
				"Variable": "AmyMISC.DoomsDayAmy",
				"DefaultValue": "0x00",
				"Options":
				{
					"0x00": "On",
					"0x01": "Off",
				}
			},
			{
				"InternalName": "REACTIVATE",
				"DisplayName": "Reactivate Ability",
				"Category": "Gameplay",
				"Variable": "AmyMISC.ReactivateAbility",
				"DefaultValue": "0x00",
				"Options":
				{
					"0x00": "On",
					"0x01": "Off",
				}
			},
			{
				"InternalName": "HAMMERRELEASE",
				"DisplayName": "Release Ability",
				"Category": "Gameplay",
				"Variable": "AmyMISC.HammerReleaseSpin",
				"DefaultValue": "0x00",
				"Options":
				{
					"0x00": "On",
					"0x01": "Off",
				}
			},
			{
				"InternalName": "HAMMERPROTECT",
				"DisplayName": "Hammer Protection",
				"Category": "Gameplay",
				"Variable": "AmyMISC.HammerProtect",
				"DefaultValue": "0x00",
				"Options":
				{
					"0x00": "Partial Protection",
					"0x01": "Full Protection",
					"0x02": "No Protection",
				}
			},
			{
				"InternalName": "HAMMERROTATE",
				"DisplayName": "Rush Rotation",
				"Category": "Gameplay",
				"Variable": "AmyMISC.HammerRotate",
				"DefaultValue": "0x00",
				"Options":
				{
					"0x00": "Full Rotation",
					"0x01": "Match Origins",
				}
			},
			{
				"InternalName": "ATOMLANDINGDEL",
				"DisplayName": "Crouch Delay w/ Atomic Bomb",
				"Category": "Gameplay",
				"Variable": "AmyMISC.NoAtomDelay",
				"DefaultValue": "0x00",
				"Options":
				{
					"0x00": "On",
					"0x01": "Off",
				}
			},
			{
				"InternalName": "AmyMISC.DoubleJump",
				"DisplayName": "Double Jump",
				"Category": "Custom: Abilities",
				"Variable": "AmyMISC.DoubleJump",
				"DefaultValue": "0x00",
				"Options":
				{
					"0x00": "Off",
					"0x01": "On"
				}
			},
			{
				"InternalName": "JUMPABILITY",
				"DisplayName": "Jump Ability",
				"Category": "Custom: Abilities",
				"Variable": "AmyMISC.JumpMove",
				"DefaultValue": "0x00",
				"Options":
				{
					"0x00": "Hammer spin",
					"0x01": "Hammer glide",
					"0x02": "Insta-shield",
					"0x03": "None",
					"0x04": "Uncurl",
					"0x05": "Hammer boost (adv. esque)",
					"0x06": "Both (up + jump for glide)",
				}
			},
			{
				"InternalName": "JUMPCHARGE",
				"DisplayName": "Charging with Hammer Glide",
				"Category": "Custom: Styles",
				"Variable": "AmyMISC.JumpCharge",
				"DefaultValue": "0x00",
				"Options":
				{
					"0x00": "Off",
					"0x01": "On",
				}
			},
			{
				"InternalName": "WALLBOUNCE",
				"DisplayName": "Wall Bounce",
				"Category": "Custom: Styles",
				"Variable": "AmyMISC.Wallbounce",
				"DefaultValue": "0x00",
				"Options":
				{
					"0x00": "Off",
					"0x01": "Press Jump on/before Wall",
					"0x02": "Hold Jump (After Charging)",
					"0x03": "Hold Jump (Constant)",
				}
			},
			{
				"InternalName": "HAMMERFROMJUMP",
				"DisplayName": "Hammer Spin while Jumping",
				"Category": "Custom: Abilities",
				"Variable": "AmyMISC.HammerFromJump",
				"DefaultValue": "0x00",
				"Options":
				{
					"0x00": "Off (like Origins)",
					"0x01": "On (like Superstars)",
				}
			},
			{
				"InternalName": "HAMMERSPINBOUNCE",
				"DisplayName": "Charge Ability",
				"Category": "Custom: Abilities",
				"Variable": "AmyMISC.BouncyBounce",
				"DefaultValue": "0x00",
				"Options":
				{
					"0x00": "Hammer Rush",
					"0x01": "Hammer Bounce",
					"0x02": "Drop Dash",
					"0x03": "Off"
				}
			},
			{
				"InternalName": "AIRCURL",
				"DisplayName": "Recurl in Air",
				"Category": "Custom: Abilities",
				"Variable": "AmyMISC.AirCurl",
				"DefaultValue": "0x00",
				"Options":
				{
					"0x00": "Off",
					"0x01": "On",
				}
			},
			{
				"InternalName": "AIRMOVELOCK",
				"DisplayName": "Can always use air moves",
				"Category": "Custom: Abilities",
				"Variable": "AmyMISC.AirMoveLock",
				"DefaultValue": "0x00",
				"Options":
				{
					"0x00": "Off",
					"0x01": "On",
				}
			},
			{
				"InternalName": "ABILITY ROLL",
				"DisplayName": "Ability w/ Rolling off Ledges",
				"Category": "Custom: Styles",
				"Variable": "AmyMISC.AbilityRoll",
				"DefaultValue": "0x00",
				"Options":
				{
					"0x00": "Off",
					"0x01": "On (Amy Mania/CD)",
				}
			},
			{
				"InternalName": "HAMMERCANCEL",
				"DisplayName": "Cancel Rushing on Springs",
				"Category": "Custom: Styles",
				"Variable": "AmyMISC.HammerCancel",
				"DefaultValue": "0x00",
				"Options":
				{
					"0x00": "Off (like Origins)",
					"0x01": "On (like Superstars)",
				}
			},
			{
				"InternalName": "NOROLLJ",
				"DisplayName": "Jumping Style",
				"Category": "Custom: Styles",
				"Variable": "AmyMISC.RollJump",
				"DefaultValue": "0x00",
				"Options":
				{
					"0x00": "Curled",
					"0x01": "Uncurled",
				}
			},
			{
				"InternalName": "NOROLL",
				"DisplayName": "Disable Rolling",
				"Category": "Custom: Styles",
				"Variable": "AmyMISC.Rollnt",
				"DefaultValue": "0x00",
				"Options":
				{
					"0x00": "Off",
					"0x01": "Advance",
					"0x02": "Forever (Adv. esque)",
				}
			},
			{
				"InternalName": "HOPSTYLE",
				"DisplayName": "Hop Style",
				"Category": "Custom: Styles",
				"Variable": "AmyMISC.HopStyle",
				"DefaultValue": "0x00",
				"Options":
				{
					"0x00": "Galore",
					"0x01": "Advance",
					"0x02": "Forever (Adv. esque)",
				}
			},
			{
				"InternalName": "IDLEHAMMERSTYLE",
				"DisplayName": "Idle Hammer Style",
				"Category": "Custom: Styles",
				"Variable": "AmyMISC.IdleHammerStyle",
				"DefaultValue": "0x00",
				"Options":
				{
					"0x00": "Galore",
					"0x01": "Advance",
				}
			},
			{
				"InternalName": "HIGHJUMPSTYLE",
				"DisplayName": "High Jump Style",
				"Category": "Custom: Styles",
				"Variable": "AmyMISC.HJStyle",
				"DefaultValue": "0x00",
				"Options":
				{
					"0x00": "Galore",
					"0x01": "Classic",
				}
			},
			{
				"InternalName": "HIGHJUMPHEIGHT",
				"DisplayName": "High Jump Height",
				"Category": "Custom: Styles",
				"Variable": "AmyMISC.HJHeight",
				"DefaultValue": "0x00",
				"Options":
				{
					"0x00": "Romhack",
					"0x01": "Advance",
				}
			},
			{
				"InternalName": "HAMMERGLIDESTYLE",
				"DisplayName": "Hammer Glide Style",
				"Category": "Custom: Styles",
				"Variable": "AmyMISC.HammerGlideStyle",
				"DefaultValue": "0x00",
				"Options":
				{
					"0x00": "Galore",
					"0x01": "Mania",
				}
			},
			{
				"InternalName": "HAMMERGLIDETIME",
				"DisplayName": "Hammer Glide Duration",
				"Category": "Custom: Styles",
				"Variable": "AmyMISC.SetGlideTime",
				"DefaultValue": "0x00",
				"Options":
				{
					"0x00": "Galore (Longer)",
					"0x01": "Mania (Shorter)",
					"0x02": "Infinite"
				}
			},
			{
				"InternalName": "SPINCD",
				"DisplayName": "Spindash Style",
				"Category": "Custom: Styles",
				"Variable": "AmyMISC.SpinCD",
				"DefaultValue": "0x00",
				"Options":
				{
					"0x00": "Classic",
					"0x01": "CD",
					"0x02": "Advance Roll",
					"0x03": "Advance Run (can softlock)",
				}
			},
			{
				"InternalName": "MOMENTUMHIJUMP",
				"DisplayName": "Momentum w/ High Jumps",
				"Category": "Gameplay",
				"Variable": "AmyMISC.HiJumpMoment",
				"DefaultValue": "0x00",
				"Options":
				{
					"0x00": "Off",
					"0x01": "On",
				}
			},
			{
				"InternalName": "HAMMERSWINGSTYLE",
				"DisplayName": "Hammer Swing Style",
				"Category": "Custom: Styles",
				"Variable": "AmyMISC.SwingStyle",
				"DefaultValue": "0x00",
				"Options":
				{
					"0x00": "Advance",
					"0x01": "Forever",
				}
			},
			{
				"InternalName": "SLIDEDECEL",
				"DisplayName": "Slide Friction",
				"Category": "Gameplay",
				"Variable": "AmyMISC.DecelRate",
				"DefaultValue": "0x05",
				"Options":
				{
					"0x00": "Soap",
					"0x05": "Low",
					"0x15": "Medium",
					"0x30": "High",
				}
			},
			{
				"InternalName": "AmyMISC.HammerDashStyle",
				"DisplayName": "Hammer Rush Style",
				"Category": "Custom: Styles",
				"Variable": "AmyMISC.HammerDashStyle",
				"DefaultValue": "0x00",
				"Options":
				{
					"0x00": "Set Speed (Origins)",
					"0x01": "No Speed (Superstars)",
					"0x02": "Init w/ DropDash Speed",
					"0x03": "Init w/ Rush Speed",
					"0x04": "ANTONBLAST",
				}
			},
			{
				"InternalName": "HAMMERDASHTIME",
				"DisplayName": "Hammer Rushing Duration",
				"Category": "Custom: Styles",
				"Variable": "AmyMISC.HammerDashTime",
				"DefaultValue": "0x00",
				"Options":
				{
					"0x00": "Origins (Shorter)",
					"0x01": "Superstars (Longer)",
					"0x02": "Infinite",
				}
			},
			{
				"InternalName": "HAMMERRUSHSTALL",
				"DisplayName": "Maintain Hammer Rushing",
				"Category": "Custom: Styles",
				"Variable": "AmyMISC.HammerRushStall",
				"DefaultValue": "0x00",
				"Options":
				{
					"0x00": "Off",
					"0x01": "On",
				}
			},
			{
				"InternalName": "HAMMERINPLACE",
				"DisplayName": "Hammer Rush in Place",
				"Category": "Custom: Styles",
				"Variable": "AmyMISC.HammerInPlace",
				"DefaultValue": "0x00",
				"Options":
				{
					"0x00": "Off",
					"0x01": "On (Superstars Accurate)",
				}
			},
			{
				"InternalName": "AmyMISC.DJSTR",
				"DisplayName": "Double Jump Strength",
				"Category": "Custom: Styles",
				"Variable": "AmyMISC.DJSTR",
				"DefaultValue": "0x00",
				"Options":
				{
					"0x00": "Strong",
					"0x01": "Weak",
				}
			},
			{
				"InternalName": "BUMPERNOT",
				"DisplayName": "Rush Ignores Bumpers",
				"Category": "Custom: Styles",
				"Variable": "AmyMISC.BumpIgnore",
				"DefaultValue": "0x00",
				"Options":
				{
					"0x00": "Off",
					"0x01": "On (Origins Accurate)",
				}
			},
			{
				"InternalName": "FASTERRUSH",
				"DisplayName": "Origins Super Rushing",
				"Category": "Gameplay",
				"Variable": "AmyMISC.SuperRush",
				"DefaultValue": "0x00",
				"Options":
				{
					"0x00": "On",
					"0x01": "Off",
				}
			},
			{
				"InternalName": "ORIGINRUSHBEHAVIOUR",
				"DisplayName": "Hammer Rush Air Steering",
				"Category": "Gameplay",
				"Variable": "AmyMISC.OriginRush",
				"DefaultValue": "0x00",
				"Options":
				{
					"0x00": "Off (Origins S3&K/Ultrafix)",
					"0x01": "On (Origins S1/S2/CD)",
				}
			},
			{
				"InternalName": "SUPERBREAK",
				"DisplayName": "Break Walls while Super",
				"Category": "Gameplay",
				"Variable": "AmyMISC.SuperWall",
				"DefaultValue": "0x00",
				"Options":
				{
					"0x00": "Off",
					"0x01": "On",
				}
			},
			{
				"InternalName": "HAMMERCLEAR",
				"DisplayName": "Screen Flash on Hammer Rush",
				"Category": "Gameplay",
				"Variable": "AmyMISC.HammerClear",
				"DefaultValue": "0x00",
				"Options":
				{
					"0x00": "Off",
					"0x01": "On",
				}
			},
			{
				"InternalName": "HYPERFLASH",
				"DisplayName": "Hyper Dash on Double Jump",
				"Category": "Gameplay",
				"Variable": "AmyMISC.HyperFlash",
				"DefaultValue": "0x00",
				"Options":
				{
					"0x00": "Off",
					"0x01": "On",
				}
			},
			{
				"InternalName": "HAMMERTHROW",
				"DisplayName": "Hammer Throw",
				"Category": "Gameplay",
				"Variable": "AmyMISC.HammerThrow",
				"DefaultValue": "0x01",
				"Options":
				{
					"0x00": "Off",
					"0x01": "On",
				}
			},
			{
				"InternalName": "HIGHJUMPROLL",
				"DisplayName": "High Jump while Rolling",
				"Category": "Gameplay",
				"Variable": "AmyMISC.HighJumpRoll",
				"DefaultValue": "0x00",
				"Options":
				{
					"0x00": "On",
					"0x01": "Off",
				}
			},
			{
				"InternalName": "HIGHJUMPRUN",
				"DisplayName": "High Jump while Moving",
				"Category": "Gameplay",
				"Variable": "AmyMISC.HighJumpRunning",
				"DefaultValue": "0x00",
				"Options":
				{
					"0x00": "On",
					"0x01": "Off",
				}
			},
			{
				"InternalName": "KEEPBOOSTS",
				"DisplayName": "Reset Anton Boosts in Air",
				"Category": "Gameplay",
				"Variable": "AmyMISC.KeepBoosts",
				"DefaultValue": "0x00",
				"Options":
				{
					"0x00": "On",
					"0x01": "Off",
				}
			},
			{
				"InternalName": "HIGHJUMPATK",
				"DisplayName": "Ability after High Jumping",
				"Category": "Custom: Abilities",
				"Variable": "AmyMISC.AttackAfterHJump",
				"DefaultValue": "0x00",
				"Options":
				{
					"0x00": "Off",
					"0x01": "On",
				}
			},
			{
				"InternalName": "WALLBREAK",
				"DisplayName": "Abilities Break Walls",
				"Category": "Custom: Abilities",
				"Variable": "AmyMISC.WallBreak",
				"DefaultValue": "0x01",
				"Options":
				{
					"0x00": "Off",
					"0x01": "On",
				}
			},
			{
				"InternalName": "PEELOUT",
				"DisplayName": "Up + Jump",
				"Category": "Custom: Abilities",
				"Variable": "AmyMISC.Peelout",
				"DefaultValue": "0x00",
				"Options":
				{
					"0x00": "Nothing",
					"0x01": "Peelout",
					"0x02": "High jump",
					"0x03": "Spindash"
				}
			},
			{
				"InternalName": "NOSPIN",
				"DisplayName": "Down + Jump",
				"Category": "Custom: Abilities",
				"Variable": "AmyMISC.DownJump",
				"DefaultValue": "0x00",
				"Options":
				{
					"0x00": "Spindash (may softlock if off)",
					"0x01": "HighJump",
					"0x02": "Hop",
					"0x03": "None",
				}
			},
			{
				"InternalName": "ACTIONBUTTON",
				"DisplayName": "Action Ability",
				"Category": "Custom: Abilities",
				"Variable": "AmyMISC.ActionButton",
				"DefaultValue": "0x00",
				"Options":
				{
					"0x00": "None",
					"0x01": "Idle hammer attack",
					"0x02": "High Jump",
					"0x03": "Hop",
					"0x04": "Instant Rush",
				}
			},
			{
				"InternalName": "ACTIONRUN",
				"DisplayName": "Run + Action",
				"Category": "Custom: Abilities",
				"Variable": "AmyMISC.ActionRun",
				"DefaultValue": "0x00",
				"Options":
				{
					"0x00": "None",
					"0x01": "High Jump",
					"0x02": "Idle hammer attack",
					"0x03": "Hop",
					"0x04": "Instant Rush",
				}
			},
			{
				"InternalName": "ACTIONUP",
				"DisplayName": "Up + Action",
				"Category": "Custom: Abilities",
				"Variable": "AmyMISC.ActionUp",
				"DefaultValue": "0x00",
				"Options":
				{
					"0x00": "None",
					"0x01": "High Jump",
					"0x02": "Hop",
					"0x03": "Idle hammer attack",
					"0x04": "Instant Rush",
				}
			},
			{
				"InternalName": "ACTIONDOWN",
				"DisplayName": "Down + Action",
				"Category": "Custom: Abilities",
				"Variable": "AmyMISC.ActionDown",
				"DefaultValue": "0x00",
				"Options":
				{
					"0x00": "None",
					"0x01": "High Jump",
					"0x02": "Hop",
					"0x03": "Idle hammer attack",
					"0x04": "Instant Rush",
				}
			},
			{
				"InternalName": "ACTIONJUMP",
				"DisplayName": "Jump + Action",
				"Category": "Custom: Abilities",
				"Variable": "AmyMISC.ActionJump",
				"DefaultValue": "0x00",
				"Options":
				{
					"0x00": "None",
					"0x01": "Shields",
					"0x02": "Atomic bomb",
					"0x03": "Hammer swing",
					"0x04": "Velocity cancel",
				}
			},
			{
				"InternalName": "ACTIONJUMPDOWN",
				"DisplayName": "Jump + Down + Action",
				"Category": "Custom: Abilities",
				"Variable": "AmyMISC.ActionJumpDown",
				"DefaultValue": "0x00",
				"Options":
				{
					"0x00": "None",
					"0x01": "Shields",
					"0x02": "Atomic bomb",
					"0x03": "Velocity cancel",
					"0x04": "Hammer swing",
				}
			},
			{
				"InternalName": "ACTIONJUMPUP",
				"DisplayName": "Jump + Up + Action",
				"Category": "Custom: Abilities",
				"Variable": "AmyMISC.ActionJumpUp",
				"DefaultValue": "0x00",
				"Options":
				{
					"0x00": "None",
					"0x01": "Shields",
					"0x02": "Atomic bomb",
					"0x03": "Velocity cancel",
					"0x04": "Hammer swing",
				}
			},
			{
				"InternalName": "NOROLLCANDAMAGE",
				"DisplayName": "Hurt Enemies while Uncurled",
				"Category": "Custom: Anti-softlock",
				"Variable": "AmyMISC.NoRollDmg",
				"DefaultValue": "0x00",
				"Options":
				{
					"0x00": "Off",
					"0x01": "On",
				}
			},
			{
				"InternalName": "NOROLLWALLBREAK",
				"DisplayName": "Break Walls without Rolling",
				"Category": "Custom: Anti-softlock",
				"Variable": "AmyMISC.NoRollWBreak",
				"DefaultValue": "0x00",
				"Options":
				{
					"0x00": "Off",
					"0x01": "On",
				}
			},
			{
				"InternalName": "NOROLLFLOORBREAK",
				"DisplayName": "Uncurled Jumps break Floors",
				"Category": "Custom: Anti-softlock",
				"Variable": "AmyMISC.NoRollFBreak",
				"DefaultValue": "0x00",
				"Options":
				{
					"0x00": "Off",
					"0x01": "On",
				}
			},
			{
				"InternalName": "ICZ2AUTOROLL",
				"DisplayName": "Auto-Roll in ICZ2 Loops",
				"Category": "Custom: Anti-softlock",
				"Variable": "AmyMISC.Icz2AutoRoll",
				"DefaultValue": "0x00",
				"Options":
				{
					"0x00": "Off",
					"0x01": "On",
				}
			},
			{
				"InternalName": "ICZ2PLATMAX",
				"DisplayName": "Velocity on ICZ1 Platforms",
				"Category": "Custom: Anti-softlock",
				"Variable": "AmyMISC.VelMaxIcz1",
				"DefaultValue": "0x00",
				"Options":
				{
					"0x00": "Variable (Default)",
					"0x01": "Force Max Velocity",
				}
			},
			{
				"InternalName": "AmyMISC.HigherJump",
				"DisplayName": "Higher Base Jumps",
				"Category": "Custom: Anti-softlock",
				"Variable": "AmyMISC.HigherJump",
				"DefaultValue": "0x00",
				"Options":
				{
					"0x00": "Off",
					"0x01": "On",
				}
			},
			{
				"InternalName": "RUNSPINWHEEL",
				"DisplayName": "Running Activates MGZ Wheels",
				"Category": "Custom: Anti-softlock",
				"Variable": "AmyMISC.RunSpinWheel",
				"DefaultValue": "0x00",
				"Options":
				{
					"0x00": "Off",
					"0x01": "On",
				}
			},
			{
				"InternalName": "MHZBYPASS",
				"DisplayName": "Bypass MHZ Vines",
				"Category": "Custom: Anti-softlock",
				"Variable": "AmyMISC.VineByPass",
				"DefaultValue": "0x00",
				"Options":
				{
					"0x00": "Off",
					"0x01": "On",
				}
			},
			{
				"InternalName": "RUSHELEVATOR",
				"DisplayName": "Rushing Activates Elevators",
				"Category": "Custom: Anti-softlock",
				"Variable": "AmyMISC.RushElevator",
				"DefaultValue": "0x00",
				"Options":
				{
					"0x00": "Off",
					"0x01": "On",
				}
			},
			{
				"InternalName": "ICEWALLBREAK",
				"DisplayName": "Rushing Breaks Ice Blocks",
				"Category": "Custom: Anti-softlock",
				"Variable": "AmyMISC.IceWallBreak",
				"DefaultValue": "0x00",
				"Options":
				{
					"0x00": "Off",
					"0x01": "On",
				}
			},
			{
				"InternalName": "SOFTLOCKSPIKE",
				"DisplayName": "Retract CNZ Spikes",
				"Category": "Custom: Anti-softlock",
				"Variable": "AmyMISC.SpikeRemoval",
				"DefaultValue": "0x00",
				"Options":
				{
					"0x00": "Off",
					"0x01": "On",
				}
			},
			{
				"InternalName": "MOVEDEPENDANTSOUNDS",
				"DisplayName": "Sounds Depend on Movesets",
				"Category": "Sound behaviour",
				"Variable": "AmyMISC.SoundPresets",
				"DefaultValue": "0x00",
				"Options":
				{
					"0x00": "On",
					"0x01": "Off",
				}
			},
			{
				"InternalName": "DOUBLEJSOUNDS",
				"DisplayName": "Hammer Spin Sound",
				"Category": "Sound behaviour",
				"Variable": "AmyMISC.SoundDJ",
				"DefaultValue": "0x00",
				"Options":
				{
					"0x00": "Origins/Superstars",
					"0x01": "Triple Trouble 16-Bit",
				}
			},
			{
				"InternalName": "CHARGESOUND",
				"DisplayName": "Hammer Charging Sound",
				"Category": "Sound behaviour",
				"Variable": "AmyMISC.SoundCharge",
				"DefaultValue": "0x00",
				"Options":
				{
					"0x00": "Origins",
					"0x01": "Drop Dash Charge",
					"0x02": "Nothing",
				}
			},
			{
				"InternalName": "RELEASESOUND",
				"DisplayName": "Rush Release Sound",
				"Category": "Sound behaviour",
				"Variable": "AmyMISC.SoundRelease",
				"DefaultValue": "0x00",
				"Options":
				{
					"0x00": "Origins",
					"0x01": "Drop Dash Release",
				}
			},
			{
                "InternalName": "HAMMERHITSOUND",
                "DisplayName": "Badnik Break with Hammer",
                "Category": "Sound behaviour",
                "Variable": "AmyMISC.SoundHamHit",
                "DefaultValue": "0x02",
                "Options":
                {
                    "0x00": "Origins",
                    "0x01": "Triple Trouble 16-Bit",
                    "0x02": "Default SFX",
                }
            },
			{
				"InternalName": "HAMMERHITRUSHSOUND",
				"DisplayName": "Hammer Rushing Sound",
				"Category": "Sound behaviour",
				"Variable": "AmyMISC.RushHamHit",
				"DefaultValue": "0x00",
				"Options":
				{
					"0x00": "Superstars",
                    "0x01": "Triple Trouble 16-Bit",
					"0x02": "Off",
				}
			},
			{
				"InternalName": "GLIDESOUND",
				"DisplayName": "Hammer Gliding Sound",
				"Category": "Sound behaviour",
				"Variable": "AmyMISC.GlideSound",
				"DefaultValue": "0x00",
				"Options":
				{
					"0x00": "Forever (Tails Flight)",
					"0x01": "Mania",
				}
			},
			{
				"InternalName": "HJSOUND",
				"DisplayName": "High Jump Sound",
				"Category": "Sound behaviour",
				"Variable": "AmyMISC.HJSound",
				"DefaultValue": "0x00",
				"Options":
				{
					"0x00": "Forever",
					"0x01": "Mania",
					"0x02": "Nothing",
				}
			},
			{
				"InternalName": "IDLEHAMMERSTARTSOUND",
				"DisplayName": "Idle Hammer Starting Sound",
				"Category": "Sound behaviour",
				"Variable": "AmyMISC.IdleHamStartSound",
				"DefaultValue": "0x00",
				"Options":
				{
					"0x00": "none",
					"0x01": "S3 Rom",
				}
			},
			{
				"InternalName": "IDLEHAMMERSOUND",
				"DisplayName": "Idle Hammer Hit Sound",
				"Category": "Sound behaviour",
				"Variable": "AmyMISC.IdleHamSound",
				"DefaultValue": "0x00",
				"Options":
				{
					"0x00": "Forever",
					"0x01": "Mania",
					"0x02": "Nothing",
				}
			},
			{
				"InternalName": "SWINGSOUND",
				"DisplayName": "Hammer Swinging Sound",
				"Category": "Sound behaviour",
				"Variable": "AmyMISC.SwingSound",
				"DefaultValue": "0x00",
				"Options":
				{
					"0x00": "none",
					"0x01": "S3 Rom",
				}
			},
			{
				"InternalName": "VELCANSOUND",
				"DisplayName": "Velocity Cancel Sound",
				"Category": "Sound behaviour",
				"Variable": "AmyMISC.VelCancelSound",
				"DefaultValue": "0x00",
				"Options":
				{
					"0x00": "Same as Gliding",
					"0x01": "S3 Rom",
				}
			},
			{
				"InternalName": "ROSYPOPSOUND",
				"DisplayName": "Rosy Pop Sound",
				"Category": "Sound behaviour",
				"Variable": "AmyMISC.RoPoPSound",
				"DefaultValue": "0x00",
				"Options":
				{
					"0x00": "None",
					"0x01": "CD Episode Metal",
					"0x02": "Galore (S3)",
				}
			},
			{
				"InternalName": "HEARTSS",
				"DisplayName": "Hearts when Hitting Enemies",
				"Category": "Tweaks",
				"Variable": "AmyMISC.PartHeart",
				"DefaultValue": "0x01",
				"Options":
				{
					"0x00": "On",
					"0x01": "Off",
				}
			},
			{
				"InternalName": "HEARTSS",
				"DisplayName": "Hearts with Hammer Attacks",
				"Category": "Tweaks",
				"Variable": "AmyMISC.PartHeartSwing",
				"DefaultValue": "0x01",
				"Options":
				{
					"0x00": "On",
					"0x01": "Off",
				}
			},
			{
				"InternalName": "DUSST",
				"DisplayName": "Dust Particles",
				"Category": "Tweaks",
				"Variable": "AmyMISC.PartDust",
				"DefaultValue": "0x00",
				"Options":
				{
					"0x00": "On",
					"0x01": "Off",
				}
			},
			{
				"InternalName": "MOVESWITCH",
				"DisplayName": "Moveset Switcher",
				"Category": "Fun & experiments",
				"Variable": "AmyMISC.MoveSwitch",
				"DefaultValue": "0x00",
				"Options":
				{
					"0x00": "Off",
					"0x01": "On (L/R)",
				}
			},
			{
				"InternalName": "MOVESWITCHHUD",
				"DisplayName": "Move Switch HUD",
				"Category": "Fun & experiments",
				"Variable": "AmyMISC.MoveSwitchHUD",
				"DefaultValue": "0x01",
				"Options":
				{
					"0x00": "Always visible",
					"0x01": "Only on swap",
					"0x02": "Off",
				}
			},
			{
				"InternalName": "MOVESWITCHSOUNDS",
				"DisplayName": "Moveset Switcher Sounds",
				"Category": "Fun & experiments",
				"Variable": "AmyMISC.MoveSwitchSound",
				"DefaultValue": "0x00",
				"Options":
				{
					"0x00": "On",
					"0x01": "Off",
				}
			},
			{
				"InternalName": "CAR",
				"DisplayName": "Car Mode",
				"Category": "Fun & experiments",
				"Variable": "AmyMISC.Car",
				"DefaultValue": "0x00",
				"Options":
				{
					"0x00": "Off",
					"0x01": "Sonic R",
					"0x02": "Robotnik's Ring Racers",
				}
			},
			{
				"InternalName": "BIRDIE",
				"DisplayName": "Flying Companion",
				"Category": "Fun & experiments",
				"Variable": "AmyMISC.Friendo",
				"DefaultValue": "0x00",
				"Options":
				{
					"0x00": "Off",
					"0x01": "Birdie",
					"0x02": "Metal Sonic",
					"0x04": "Metal Sonic (w/ Bow)",
					"0x06": "BUY SONIC SUPERSTARS!",
					"0x07": "Mini Callie",
					"0x08": "Pocket Am",
					"0x09": "Pocket Sonk",
					"0x10": "Pocket Tals",
					"0x11": "Pocket Knux",
					"0x12": "Pocket Mit",
					"0x13": "Pocket Rah",
					"0x14": "Tails Doll",
				}
			},
			{
				"InternalName": "BIRDIESOUNDS",
				"DisplayName": "Buddy sounds",
				"Category": "Fun & experiments",
				"Variable": "AmyMISC.FlyingBuds.SoundsOn",
				"DefaultValue": "0x01",
				"Options":
				{
					"0x00": "Off",
					"0x01": "On"
				}
			},
			{
				"InternalName": "SPIKEBREAKSPIN",
				"DisplayName": "Hammer Spinning...",
				"Category": "Fun & experiments",
				"Variable": "AmyMISC.SpinSpikeBreak",
				"DefaultValue": "0x00",
				"Options":
				{
					"0x00": "Doesn't Break Spikes",
					"0x01": "Breaks Spikes",
				}
			},
			{
				"InternalName": "SPIKEBREAKRUSH",
				"DisplayName": "Hammer Rushing...",
				"Category": "Fun & experiments",
				"Variable": "AmyMISC.RushSpikeBreak",
				"DefaultValue": "0x00",
				"Options":
				{
					"0x00": "Doesn't Break Spikes",
					"0x01": "Breaks Spikes",
				}
			},
			{
				"InternalName": "SPIKEBREAKIDLE",
				"DisplayName": "Idle Hammer...",
				"Category": "Fun & experiments",
				"Variable": "AmyMISC.IdleSpikeBreak",
				"DefaultValue": "0x00",
				"Options":
				{
					"0x00": "Doesn't Break Spikes",
					"0x01": "Breaks Spikes",
				}
			},
			{
				"InternalName": "SPIKEBREAKSWING",
				"DisplayName": "Hammer Swinging...",
				"Category": "Fun & experiments",
				"Variable": "AmyMISC.SwingSpikeBreak",
				"DefaultValue": "0x00",
				"Options":
				{
					"0x00": "Doesn't Break Spikes",
					"0x01": "Breaks Spikes",
				}
			},
			{
				"InternalName": "SPIKEBREAKTHROW",
				"DisplayName": "Thrown Hammers...",
				"Category": "Fun & experiments",
				"Variable": "AmyMISC.ThrowSpikeBreak",
				"DefaultValue": "0x00",
				"Options":
				{
					"0x00": "Don't Break Spikes",
					"0x01": "Break Spikes",
				}
			},
			{
				"InternalName": "SPIKEBREAK",
				"DisplayName": "Max Size for Breaking Spikes",
				"Category": "Fun & experiments",
				"Variable": "AmyMISC.HamSpikeBreak",
				"DefaultValue": "0x01",
				"Options":
				{
					"0x01": "Single spikes",
					"0x02": "2 spikes (may be buggy)",
					"0x03": "3 spikes (may be buggy)",
					"0x04": "4 spikes (may be buggy)",
				}
			},
			{
				"InternalName": "SPIKEBREAKSTYLE",
				"DisplayName": "Broken Spike Style",
				"Category": "Fun & experiments",
				"Variable": "AmyMISC.SpikeBreakStyle",
				"DefaultValue": "0x00",
				"Options":
				{
					"0x00": "Galore",
					"0x01": "CD",
				}
			},
			//{
			//	"InternalName": "WALLBREAK2",
			//	"DisplayName": "Knux Paths (experimental!)",
			//	"Category": "Fun & experiments",
			//	"Variable": "WallBreakKnux",
			//	"DefaultValue": "0x00",
			//	"Options":
			//	{
			//		"0x00": "Off",
			//		"0x01": "On",
			//	}
			//},
			{
				"InternalName": "UNCAPPEDBOUNCE",
				"DisplayName": "Uncapped Hammer Bouncing",
				"Category": "Fun & experiments",
				"Variable": "AmyMISC.BounceCap",
				"DefaultValue": "0x00",
				"Options":
				{
					"0x00": "Off",
					"0x01": "On (experimental!)",
				}
			},
			{
				"InternalName": "BOMBKNUX",
				"DisplayName": "Kill Knuckles",
				"Category": "Fun & experiments",
				"Variable": "AmyMISC.BombKnux",
				"DefaultValue": "0x00",
				"Options":
				{
					"0x00": "Off",
					"0x01": "On",
				}
			},
			{
				"InternalName": "USELESSHAMMER",
				"DisplayName": "Useless Thrown Hammers",
				"Category": "Fun & experiments",
				"Variable": "AmyMISC.UselessHammers",
				"DefaultValue": "0x00",
				"Options":
				{
					"0x00": "Off",
					"0x01": "On",
				}
			},
			{
				"InternalName": "RUSHBOOSTSPDCAP",
				"DisplayName": "Speed Cap with Boost Rushing",
				"Category": "Fun & experiments",
				"Variable": "AmyMISC.HammerRushCap",
				"DefaultValue": "0x00",
				"Options":
				{
					"0x00": "On",
					"0x01": "Off",
				}
			},
			{
				"InternalName": "RANDOMISER",
				"DisplayName": "Randomise movesets",
				"Category": "Challenges",
				"Variable": "AmyMISC.Randomiser",
				"DefaultValue": "0x00",
				"Options":
				{
					"0x00": "Off",
					"0x01": "Every 30s",
					"0x02": "Every 60s",
				}
			},
			{
				"InternalName": "RANDOMISERSOUND",
				"DisplayName": "Randomiser sound",
				"Category": "Challenges",
				"Variable": "AmyMISC.Randomisesound",
				"DefaultValue": "0x00",
				"Options":
				{
					"0x00": "On",
					"0x01": "Off",
				}
			},
			{
				"InternalName": "NUZLOCKE",
				"DisplayName": "Nuzlocke",
				"Category": "Challenges",
				"Variable": "AmyMISC.Nuzlocke",
				"DefaultValue": "0x00",
				"Options":
				{
					"0x00": "Off",
					"0x01": "Spring breeze (Easy)",
					"0x02": "Diabolical traps (Normal)",
					"0x03": "Hellfire (Hard)",
				}
			},
			{
				"InternalName": "RINGRUSH",
				"DisplayName": "Ring rush",
				"Category": "Challenges",
				"Variable": "AmyMISC.RingRush",
				"DefaultValue": "0x00",
				"Options":
				{
					"0x00": "Off",
					"0x01": "On (level 1)",
					"0x02": "On (level 2)",
					"0x03": "On (level 3)",
					"0x04": "On (Determine by level)",
				}
			},
    	]
	}
}
