{
	"bump_char4_0x00":  { "File": "amybumper.png", "Rect": "0,0,16,16", "Center": "8,8" },
	"bump_char4_0x01":  { "File": "amybumper.png", "Rect": "24,0,16,16", "Center": "8,8" },
	"bump_char4_0x02":  { "File": "amybumper.png", "Rect": "48,0,16,16", "Center": "8,8" },
	"bump_char4_0x03":  { "File": "amybumper.png", "Rect": "72,0,16,16", "Center": "8,8" },
	"bump_char4_0x04":  { "File": "amybumper.png", "Rect": "96,0,16,16", "Center": "8,8" },
	"bump_char4_0x05":  { "File": "amybumper.png", "Rect": "120,0,16,16", "Center": "8,8" },
	"bump_char4_0x06":  { "File": "amybumper.png", "Rect": "144,0,16,16", "Center": "8,8" },
	"bump_char4_0x07":  { "File": "amybumper.png", "Rect": "168,0,16,16", "Center": "8,8" },
}