{
	"Goal_animes_char4_0":  { "File": "AnimatedAmyS.T.bmp", "Rect": "0,0,48,32", "Center": "24,16" },
	"Goal_animes_char4_1":  { "File": "AnimatedAmyS.T.bmp", "Rect": "49,0,48,32", "Center": "24,16" },
	"Goal_animes_char4_2":  { "File": "AnimatedAmyS.T.bmp", "Rect": "98,0,48,32", "Center": "24,16" },
	"Goal_animes_char4_3":  { "File": "AnimatedAmyS.T.bmp", "Rect": "147,0,48,32", "Center": "24,16" },
	"Goal_animes_char4S3_0":  { "File": "AnimatedAmyS3.bmp", "Rect": "0,0,48,32", "Center": "24,16" },
	"Goal_animes_char4S3_1":  { "File": "AnimatedAmyS3.bmp", "Rect": "49,0,48,32", "Center": "24,16" },
	"Goal_animes_char4S3_2":  { "File": "AnimatedAmyS3.bmp", "Rect": "98,0,48,32", "Center": "24,16" },
	"Goal_animes_char4S3_3":  { "File": "AnimatedAmyS3.bmp", "Rect": "147,0,48,32", "Center": "24,16" },
	"Goal_animes_char4Ca22_0":  { "File": "AnimatedCa22.bmp", "Rect": "0,0,48,32", "Center": "24,16" },
	"Goal_animes_char4Ca22_1":  { "File": "AnimatedCa22.bmp", "Rect": "49,0,48,32", "Center": "24,16" },
	"Goal_animes_char4Ca22_2":  { "File": "AnimatedCa22.bmp", "Rect": "147,0,48,32", "Center": "24,16" },
	"Goal_animes_char4Ca22_3":  { "File": "AnimatedCa22.bmp", "Rect": "147,0,48,32", "Center": "24,16" }
}