{
	"UltraTheme": { "File": "UltraIntinct.ogg", "Type": "Music" },
	"UltimateBattle": { "File": "UltimateBattle.ogg", "Type": "Music" },
	"LimitBreakXSurvivor": { "File": "LimitBreakXSurvivor.ogg", "Type": "Music" },
	"DBZKAI": { "File": "DBZKAI.ogg", "Type": "Music" },
	"SSJ3": { "File": "SSJ3.ogg", "Type": "Music" },
	"SSJ4": { "File": "SSJ4.ogg", "Type": "Music" },
	"GohansAnger": { "File": "GohansAnger.ogg", "Type": "Music" },
	"HeadChaLa": { "File": "HeadChaLa.ogg", "Type": "Music" },
	"BlueKaioken": { "File": "BlueKaioken.ogg", "Type": "Music" },
	"VegSSJ": { "File": "VegetaSSJ.ogg", "Type": "Music" },




}