{
	"ecsu.oxyfont_small. ": { "File": "oxyfont_small.png", "Rect": "67,1,4,1", "Center": "0,3" },
	"ecsu.oxyfont_small.!": { "File": "oxyfont_small.png", "Rect": "1,1,2,7", "Center": "0,3" },
	"ecsu.oxyfont_small.\"": { "File": "oxyfont_small.png", "Rect": "4,1,3,7", "Center": "0,3" },
	"ecsu.oxyfont_small.#": { "File": "oxyfont_small.png", "Rect": "8,1,5,7", "Center": "0,3" },
	"ecsu.oxyfont_small.$": { "File": "oxyfont_small.png", "Rect": "14,1,5,7", "Center": "0,3" },
	"ecsu.oxyfont_small.%": { "File": "oxyfont_small.png", "Rect": "20,1,5,7", "Center": "0,3" },
	"ecsu.oxyfont_small.&": { "File": "oxyfont_small.png", "Rect": "26,1,5,7", "Center": "0,3" },
	"ecsu.oxyfont_small.'": { "File": "oxyfont_small.png", "Rect": "4,1,1,7", "Center": "0,3" },
	"ecsu.oxyfont_small.(": { "File": "oxyfont_small.png", "Rect": "32,1,3,7", "Center": "0,3" },
	"ecsu.oxyfont_small.)": { "File": "oxyfont_small.png", "Rect": "36,1,3,7", "Center": "0,3" },
	"ecsu.oxyfont_small.*": { "File": "oxyfont_small.png", "Rect": "40,1,5,7", "Center": "0,3" },
	"ecsu.oxyfont_small.+": { "File": "oxyfont_small.png", "Rect": "46,1,4,7", "Center": "0,3" },
	"ecsu.oxyfont_small.,": { "File": "oxyfont_small.png", "Rect": "52,1,3,9", "Center": "0,3" },
	"ecsu.oxyfont_small.-": { "File": "oxyfont_small.png", "Rect": "55,1,3,7", "Center": "0,3" },
	"ecsu.oxyfont_small..": { "File": "oxyfont_small.png", "Rect": "59,1,2,7", "Center": "0,3" },
	"ecsu.oxyfont_small./": { "File": "oxyfont_small.png", "Rect": "62,1,5,7", "Center": "0,3" },
	"ecsu.oxyfont_small.:": { "File": "oxyfont_small.png", "Rect": "80,1,2,7", "Center": "0,3" },
	"ecsu.oxyfont_small.;": { "File": "oxyfont_small.png", "Rect": "83,1,3,9", "Center": "0,3" },
	"ecsu.oxyfont_small.<": { "File": "oxyfont_small.png", "Rect": "87,1,4,7", "Center": "0,3" },
	"ecsu.oxyfont_small.=": { "File": "oxyfont_small.png", "Rect": "92,1,4,7", "Center": "0,3" },
	"ecsu.oxyfont_small.>": { "File": "oxyfont_small.png", "Rect": "97,1,4,7", "Center": "0,3" },
	"ecsu.oxyfont_small.?": { "File": "oxyfont_small.png", "Rect": "102,1,4,7", "Center": "0,3" },
	"ecsu.oxyfont_small.@": { "File": "oxyfont_small.png", "Rect": "107,1,7,7", "Center": "0,3" },
	"ecsu.oxyfont_small.[": { "File": "oxyfont_small.png", "Rect": "120,1,3,7", "Center": "0,3" },
	"ecsu.oxyfont_small.\\": { "File": "oxyfont_small.png", "Rect": "124,1,5,7", "Center": "0,3" },
	"ecsu.oxyfont_small.]": { "File": "oxyfont_small.png", "Rect": "130,1,3,7", "Center": "0,3" },
	"ecsu.oxyfont_small.^": { "File": "oxyfont_small.png", "Rect": "134,1,5,7", "Center": "0,3" },
	"ecsu.oxyfont_small._": { "File": "oxyfont_small.png", "Rect": "140,1,4,9", "Center": "0,3" },
	"ecsu.oxyfont_small.`": { "File": "oxyfont_small.png", "Rect": "145,1,3,7", "Center": "0,3" },
	"ecsu.oxyfont_small.{": { "File": "oxyfont_small.png", "Rect": "100,11,4,7", "Center": "0,3" },
	"ecsu.oxyfont_small.|": { "File": "oxyfont_small.png", "Rect": "105,11,2,7", "Center": "0,3" },
	"ecsu.oxyfont_small.}": { "File": "oxyfont_small.png", "Rect": "108,11,4,7", "Center": "0,3" },
	"ecsu.oxyfont_small.~": { "File": "oxyfont_small.png", "Rect": "113,11,6,7", "Center": "0,3" },
	
	"ecsu.oxyfont_small.0": { "File": "oxyfont_small.png", "Rect": "1,11,5,7", "Center": "0,3" },
	"ecsu.oxyfont_small.1": { "File": "oxyfont_small.png", "Rect": "7,11,3,7", "Center": "0,3" },
	"ecsu.oxyfont_small.2": { "File": "oxyfont_small.png", "Rect": "12,11,5,7", "Center": "0,3" },
	"ecsu.oxyfont_small.3": { "File": "oxyfont_small.png", "Rect": "18,11,5,7", "Center": "0,3" },
	"ecsu.oxyfont_small.4": { "File": "oxyfont_small.png", "Rect": "24,11,5,7", "Center": "0,3" },
	"ecsu.oxyfont_small.5": { "File": "oxyfont_small.png", "Rect": "30,11,5,7", "Center": "0,3" },
	"ecsu.oxyfont_small.6": { "File": "oxyfont_small.png", "Rect": "36,11,5,7", "Center": "0,3" },
	"ecsu.oxyfont_small.7": { "File": "oxyfont_small.png", "Rect": "42,11,5,7", "Center": "0,3" },
	"ecsu.oxyfont_small.8": { "File": "oxyfont_small.png", "Rect": "48,11,5,7", "Center": "0,3" },
	"ecsu.oxyfont_small.9": { "File": "oxyfont_small.png", "Rect": "54,11,5,7", "Center": "0,3" },
	
	"ecsu.oxyfont_small.A": { "File": "oxyfont_small.png", "Rect": "1,21,5,7", "Center": "0,3" },
	"ecsu.oxyfont_small.B": { "File": "oxyfont_small.png", "Rect": "7,21,5,7", "Center": "0,3" },
	"ecsu.oxyfont_small.C": { "File": "oxyfont_small.png", "Rect": "13,21,5,7", "Center": "0,3" },
	"ecsu.oxyfont_small.D": { "File": "oxyfont_small.png", "Rect": "19,21,5,7", "Center": "0,3" },
	"ecsu.oxyfont_small.E": { "File": "oxyfont_small.png", "Rect": "25,21,5,7", "Center": "0,3" },
	"ecsu.oxyfont_small.F": { "File": "oxyfont_small.png", "Rect": "31,21,5,7", "Center": "0,3" },
	"ecsu.oxyfont_small.G": { "File": "oxyfont_small.png", "Rect": "37,21,5,7", "Center": "0,3" },
	"ecsu.oxyfont_small.H": { "File": "oxyfont_small.png", "Rect": "43,21,5,7", "Center": "0,3" },
	"ecsu.oxyfont_small.I": { "File": "oxyfont_small.png", "Rect": "49,21,2,7", "Center": "0,3" },
	"ecsu.oxyfont_small.J": { "File": "oxyfont_small.png", "Rect": "52,21,5,7", "Center": "0,3" },
	"ecsu.oxyfont_small.K": { "File": "oxyfont_small.png", "Rect": "58,21,5,7", "Center": "0,3" },
	"ecsu.oxyfont_small.L": { "File": "oxyfont_small.png", "Rect": "64,21,5,7", "Center": "0,3" },
	"ecsu.oxyfont_small.M": { "File": "oxyfont_small.png", "Rect": "70,21,7,7", "Center": "0,3" },
	"ecsu.oxyfont_small.N": { "File": "oxyfont_small.png", "Rect": "78,21,5,7", "Center": "0,3" },
	"ecsu.oxyfont_small.O": { "File": "oxyfont_small.png", "Rect": "84,21,6,7", "Center": "0,3" },
	"ecsu.oxyfont_small.P": { "File": "oxyfont_small.png", "Rect": "91,21,5,7", "Center": "0,3" },
	"ecsu.oxyfont_small.Q": { "File": "oxyfont_small.png", "Rect": "97,21,6,7", "Center": "0,3" },
	"ecsu.oxyfont_small.R": { "File": "oxyfont_small.png", "Rect": "104,21,5,7", "Center": "0,3" },
	"ecsu.oxyfont_small.S": { "File": "oxyfont_small.png", "Rect": "110,21,5,7", "Center": "0,3" },
	"ecsu.oxyfont_small.T": { "File": "oxyfont_small.png", "Rect": "116,21,6,7", "Center": "0,3" },
	"ecsu.oxyfont_small.U": { "File": "oxyfont_small.png", "Rect": "123,21,5,7", "Center": "0,3" },
	"ecsu.oxyfont_small.V": { "File": "oxyfont_small.png", "Rect": "129,21,7,7", "Center": "0,3" },
	"ecsu.oxyfont_small.W": { "File": "oxyfont_small.png", "Rect": "137,21,7,7", "Center": "0,3" },
	"ecsu.oxyfont_small.X": { "File": "oxyfont_small.png", "Rect": "145,21,5,7", "Center": "0,3" },
	"ecsu.oxyfont_small.Y": { "File": "oxyfont_small.png", "Rect": "151,21,6,7", "Center": "0,3" },
	"ecsu.oxyfont_small.Z": { "File": "oxyfont_small.png", "Rect": "158,21,5,7", "Center": "0,3" },
	
	"ecsu.oxyfont_small.a": { "File": "oxyfont_small.png", "Rect": "1,31,5,7", "Center": "0,3" },
	"ecsu.oxyfont_small.b": { "File": "oxyfont_small.png", "Rect": "7,31,5,7", "Center": "0,3" },
	"ecsu.oxyfont_small.c": { "File": "oxyfont_small.png", "Rect": "13,31,5,7", "Center": "0,3" },
	"ecsu.oxyfont_small.d": { "File": "oxyfont_small.png", "Rect": "19,31,5,7", "Center": "0,3" },
	"ecsu.oxyfont_small.e": { "File": "oxyfont_small.png", "Rect": "25,31,5,7", "Center": "0,3" },
	"ecsu.oxyfont_small.f": { "File": "oxyfont_small.png", "Rect": "31,31,5,7", "Center": "0,3" },
	"ecsu.oxyfont_small.g": { "File": "oxyfont_small.png", "Rect": "37,31,5,9", "Center": "0,3" },
	"ecsu.oxyfont_small.h": { "File": "oxyfont_small.png", "Rect": "43,31,5,7", "Center": "0,3" },
	"ecsu.oxyfont_small.i": { "File": "oxyfont_small.png", "Rect": "49,31,2,7", "Center": "0,3" },
	"ecsu.oxyfont_small.j": { "File": "oxyfont_small.png", "Rect": "52,31,4,9", "Center": "0,3" },
	"ecsu.oxyfont_small.k": { "File": "oxyfont_small.png", "Rect": "57,31,5,7", "Center": "0,3" },
	"ecsu.oxyfont_small.l": { "File": "oxyfont_small.png", "Rect": "63,31,2,7", "Center": "0,3" },
	"ecsu.oxyfont_small.m": { "File": "oxyfont_small.png", "Rect": "66,31,7,7", "Center": "0,3" },
	"ecsu.oxyfont_small.n": { "File": "oxyfont_small.png", "Rect": "74,31,5,7", "Center": "0,3" },
	"ecsu.oxyfont_small.o": { "File": "oxyfont_small.png", "Rect": "80,31,5,7", "Center": "0,3" },
	"ecsu.oxyfont_small.p": { "File": "oxyfont_small.png", "Rect": "86,31,5,9", "Center": "0,3" },
	"ecsu.oxyfont_small.q": { "File": "oxyfont_small.png", "Rect": "92,31,5,9", "Center": "0,3" },
	"ecsu.oxyfont_small.r": { "File": "oxyfont_small.png", "Rect": "98,31,5,7", "Center": "0,3" },
	"ecsu.oxyfont_small.s": { "File": "oxyfont_small.png", "Rect": "104,31,5,7", "Center": "0,3" },
	"ecsu.oxyfont_small.t": { "File": "oxyfont_small.png", "Rect": "110,31,4,7", "Center": "0,3" },
	"ecsu.oxyfont_small.u": { "File": "oxyfont_small.png", "Rect": "115,31,5,7", "Center": "0,3" },
	"ecsu.oxyfont_small.v": { "File": "oxyfont_small.png", "Rect": "121,31,5,7", "Center": "0,3" },
	"ecsu.oxyfont_small.w": { "File": "oxyfont_small.png", "Rect": "127,31,7,7", "Center": "0,3" },
	"ecsu.oxyfont_small.x": { "File": "oxyfont_small.png", "Rect": "135,31,5,7", "Center": "0,3" },
	"ecsu.oxyfont_small.y": { "File": "oxyfont_small.png", "Rect": "141,31,5,9", "Center": "0,3" },
	"ecsu.oxyfont_small.z": { "File": "oxyfont_small.png", "Rect": "147,31,5,7", "Center": "0,3" }
}