{
	"ecsu.oxyfont_regular. ": { "File": "oxyfont_regular.png", "Rect": "91,1,3,10", "Center": "0,5" },
	"ecsu.oxyfont_regular.!": { "File": "oxyfont_regular.png", "Rect": "1,1,2,10", "Center": "0,5" },
	"ecsu.oxyfont_regular.\"": { "File": "oxyfont_regular.png", "Rect": "4,1,5,10", "Center": "0,5" },
	"ecsu.oxyfont_regular.#": { "File": "oxyfont_regular.png", "Rect": "10,1,7,10", "Center": "0,5" },
	"ecsu.oxyfont_regular.$": { "File": "oxyfont_regular.png", "Rect": "18,1,8,10", "Center": "0,5" },
	"ecsu.oxyfont_regular.%": { "File": "oxyfont_regular.png", "Rect": "27,1,11,10", "Center": "0,5" },
	"ecsu.oxyfont_regular.&": { "File": "oxyfont_regular.png", "Rect": "39,1,8,10", "Center": "0,5" },
	"ecsu.oxyfont_regular.'": { "File": "oxyfont_regular.png", "Rect": "4,1,2,10", "Center": "0,5" },
	"ecsu.oxyfont_regular.(": { "File": "oxyfont_regular.png", "Rect": "48,1,4,10", "Center": "0,5" },
	"ecsu.oxyfont_regular.)": { "File": "oxyfont_regular.png", "Rect": "53,1,4,10", "Center": "0,5" },
	"ecsu.oxyfont_regular.*": { "File": "oxyfont_regular.png", "Rect": "66,1,8,10", "Center": "0,5" },
	"ecsu.oxyfont_regular.+": { "File": "oxyfont_regular.png", "Rect": "67,1,6,10", "Center": "0,5" },
	"ecsu.oxyfont_regular.,": { "File": "oxyfont_regular.png", "Rect": "74,1,2,12", "Center": "0,5" },
	"ecsu.oxyfont_regular.-": { "File": "oxyfont_regular.png", "Rect": "77,1,4,10", "Center": "0,5" },
	"ecsu.oxyfont_regular..": { "File": "oxyfont_regular.png", "Rect": "82,1,2,10", "Center": "0,5" },
	"ecsu.oxyfont_regular./": { "File": "oxyfont_regular.png", "Rect": "85,1,5,10", "Center": "0,5" },
	"ecsu.oxyfont_regular.:": { "File": "oxyfont_regular.png", "Rect": "100,1,2,10", "Center": "0,5" },
	"ecsu.oxyfont_regular.;": { "File": "oxyfont_regular.png", "Rect": "103,1,2,12", "Center": "0,5" },
	"ecsu.oxyfont_regular.<": { "File": "oxyfont_regular.png", "Rect": "106,1,7,10", "Center": "0,5" },
	"ecsu.oxyfont_regular.=": { "File": "oxyfont_regular.png", "Rect": "114,1,6,10", "Center": "0,5" },
	"ecsu.oxyfont_regular.>": { "File": "oxyfont_regular.png", "Rect": "121,1,7,10", "Center": "0,5" },
	"ecsu.oxyfont_regular.?": { "File": "oxyfont_regular.png", "Rect": "129,1,6,10", "Center": "0,5" },
	"ecsu.oxyfont_regular.@": { "File": "oxyfont_regular.png", "Rect": "136,1,9,10", "Center": "0,5" },
	"ecsu.oxyfont_regular.[": { "File": "oxyfont_regular.png", "Rect": "150,1,4,10", "Center": "0,5" },
	"ecsu.oxyfont_regular.\\": { "File": "oxyfont_regular.png", "Rect":"155,1,5,10", "Center": "0,5" },
	"ecsu.oxyfont_regular.]": { "File": "oxyfont_regular.png", "Rect": "161,1,4,10", "Center": "0,5" },
	"ecsu.oxyfont_regular.^": { "File": "oxyfont_regular.png", "Rect": "166,1,6,10", "Center": "0,5" },
	"ecsu.oxyfont_regular._": { "File": "oxyfont_regular.png", "Rect": "173,1,6,12", "Center": "0,5" },
	"ecsu.oxyfont_regular.`": { "File": "oxyfont_regular.png", "Rect": "180,1,4,10", "Center": "0,5" },
	"ecsu.oxyfont_regular.{": { "File": "oxyfont_regular.png", "Rect": "190,1,5,10", "Center": "0,5" },
	"ecsu.oxyfont_regular.|": { "File": "oxyfont_regular.png", "Rect": "196,1,2,10", "Center": "0,5" },
	"ecsu.oxyfont_regular.}": { "File": "oxyfont_regular.png", "Rect": "199,1,5,10", "Center": "0,5" },
	"ecsu.oxyfont_regular.~": { "File": "oxyfont_regular.png", "Rect": "205,1,8,10", "Center": "0,5" },
	
	"ecsu.oxyfont_regular.0": { "File": "oxyfont_regular.png", "Rect": "1,15,6,10", "Center": "0,5" },
	"ecsu.oxyfont_regular.1": { "File": "oxyfont_regular.png", "Rect": "8,15,6,10", "Center": "0,5" },
	"ecsu.oxyfont_regular.2": { "File": "oxyfont_regular.png", "Rect": "15,15,6,10", "Center": "0,5" },
	"ecsu.oxyfont_regular.3": { "File": "oxyfont_regular.png", "Rect": "22,15,6,10", "Center": "0,5" },
	"ecsu.oxyfont_regular.4": { "File": "oxyfont_regular.png", "Rect": "29,15,6,10", "Center": "0,5" },
	"ecsu.oxyfont_regular.5": { "File": "oxyfont_regular.png", "Rect": "36,15,6,10", "Center": "0,5" },
	"ecsu.oxyfont_regular.6": { "File": "oxyfont_regular.png", "Rect": "43,15,6,10", "Center": "0,5" },
	"ecsu.oxyfont_regular.7": { "File": "oxyfont_regular.png", "Rect": "50,15,6,10", "Center": "0,5" },
	"ecsu.oxyfont_regular.8": { "File": "oxyfont_regular.png", "Rect": "57,15,6,10", "Center": "0,5" },
	"ecsu.oxyfont_regular.9": { "File": "oxyfont_regular.png", "Rect": "64,15,6,10", "Center": "0,5" },
	
	"ecsu.oxyfont_regular.A": { "File": "oxyfont_regular.png", "Rect": "1,29,7,10", "Center": "0,5" },
	"ecsu.oxyfont_regular.B": { "File": "oxyfont_regular.png", "Rect": "9,29,7,10", "Center": "0,5" },
	"ecsu.oxyfont_regular.C": { "File": "oxyfont_regular.png", "Rect": "17,29,8,10", "Center": "0,5" },
	"ecsu.oxyfont_regular.D": { "File": "oxyfont_regular.png", "Rect": "26,29,8,10", "Center": "0,5" },
	"ecsu.oxyfont_regular.E": { "File": "oxyfont_regular.png", "Rect": "35,29,7,10", "Center": "0,5" },
	"ecsu.oxyfont_regular.F": { "File": "oxyfont_regular.png", "Rect": "43,29,6,10", "Center": "0,5" },
	"ecsu.oxyfont_regular.G": { "File": "oxyfont_regular.png", "Rect": "50,29,8,10", "Center": "0,5" },
	"ecsu.oxyfont_regular.H": { "File": "oxyfont_regular.png", "Rect": "59,29,8,10", "Center": "0,5" },
	"ecsu.oxyfont_regular.I": { "File": "oxyfont_regular.png", "Rect": "68,29,2,10", "Center": "0,5" },
	"ecsu.oxyfont_regular.J": { "File": "oxyfont_regular.png", "Rect": "72,29,6,10", "Center": "0,5" },
	"ecsu.oxyfont_regular.K": { "File": "oxyfont_regular.png", "Rect": "79,29,7,10", "Center": "0,5" },
	"ecsu.oxyfont_regular.L": { "File": "oxyfont_regular.png", "Rect": "87,29,7,10", "Center": "0,5" },
	"ecsu.oxyfont_regular.M": { "File": "oxyfont_regular.png", "Rect": "95,29,10,10", "Center": "0,5" },
	"ecsu.oxyfont_regular.N": { "File": "oxyfont_regular.png", "Rect": "106,29,8,10", "Center": "0,5" },
	"ecsu.oxyfont_regular.O": { "File": "oxyfont_regular.png", "Rect": "115,29,8,10", "Center": "0,5" },
	"ecsu.oxyfont_regular.P": { "File": "oxyfont_regular.png", "Rect": "124,29,7,10", "Center": "0,5" },
	"ecsu.oxyfont_regular.Q": { "File": "oxyfont_regular.png", "Rect": "132,29,9,10", "Center": "0,5" },
	"ecsu.oxyfont_regular.R": { "File": "oxyfont_regular.png", "Rect": "142,29,7,10", "Center": "0,5" },
	"ecsu.oxyfont_regular.S": { "File": "oxyfont_regular.png", "Rect": "150,29,7,10", "Center": "0,5" },
	"ecsu.oxyfont_regular.T": { "File": "oxyfont_regular.png", "Rect": "158,29,8,10", "Center": "0,5" },
	"ecsu.oxyfont_regular.U": { "File": "oxyfont_regular.png", "Rect": "167,29,7,10", "Center": "0,5" },
	"ecsu.oxyfont_regular.V": { "File": "oxyfont_regular.png", "Rect": "175,29,7,10", "Center": "0,5" },
	"ecsu.oxyfont_regular.W": { "File": "oxyfont_regular.png", "Rect": "183,29,10,10", "Center": "0,5" },
	"ecsu.oxyfont_regular.X": { "File": "oxyfont_regular.png", "Rect": "194,29,7,10", "Center": "0,5" },
	"ecsu.oxyfont_regular.Y": { "File": "oxyfont_regular.png", "Rect": "202,29,6,10", "Center": "0,5" },
	"ecsu.oxyfont_regular.Z": { "File": "oxyfont_regular.png", "Rect": "209,29,8,10", "Center": "0,5" },
	
	"ecsu.oxyfont_regular.a": { "File": "oxyfont_regular.png", "Rect": "1,43,6,10", "Center": "0,5" },
	"ecsu.oxyfont_regular.b": { "File": "oxyfont_regular.png", "Rect": "8,43,6,10", "Center": "0,5" },
	"ecsu.oxyfont_regular.c": { "File": "oxyfont_regular.png", "Rect": "15,43,6,10", "Center": "0,5" },
	"ecsu.oxyfont_regular.d": { "File": "oxyfont_regular.png", "Rect": "22,43,6,10", "Center": "0,5" },
	"ecsu.oxyfont_regular.e": { "File": "oxyfont_regular.png", "Rect": "29,43,6,10", "Center": "0,5" },
	"ecsu.oxyfont_regular.f": { "File": "oxyfont_regular.png", "Rect": "36,43,4,10", "Center": "0,5" },
	"ecsu.oxyfont_regular.g": { "File": "oxyfont_regular.png", "Rect": "41,43,6,13", "Center": "0,5" },
	"ecsu.oxyfont_regular.h": { "File": "oxyfont_regular.png", "Rect": "48,43,6,10", "Center": "0,5" },
	"ecsu.oxyfont_regular.i": { "File": "oxyfont_regular.png", "Rect": "55,43,2,10", "Center": "0,5" },
	"ecsu.oxyfont_regular.j": { "File": "oxyfont_regular.png", "Rect": "58,43,4,13", "Center": "0,5" },
	"ecsu.oxyfont_regular.k": { "File": "oxyfont_regular.png", "Rect": "63,43,6,10", "Center": "0,5" },
	"ecsu.oxyfont_regular.l": { "File": "oxyfont_regular.png", "Rect": "70,43,2,10", "Center": "0,5" },
	"ecsu.oxyfont_regular.m": { "File": "oxyfont_regular.png", "Rect": "73,43,8,10", "Center": "0,5" },
	"ecsu.oxyfont_regular.n": { "File": "oxyfont_regular.png", "Rect": "82,43,6,10", "Center": "0,5" },
	"ecsu.oxyfont_regular.o": { "File": "oxyfont_regular.png", "Rect": "89,43,6,10", "Center": "0,5" },
	"ecsu.oxyfont_regular.p": { "File": "oxyfont_regular.png", "Rect": "96,43,6,13", "Center": "0,5" },
	"ecsu.oxyfont_regular.q": { "File": "oxyfont_regular.png", "Rect": "103,43,6,13", "Center": "0,5" },
	"ecsu.oxyfont_regular.r": { "File": "oxyfont_regular.png", "Rect": "110,43,4,10", "Center": "0,5" },
	"ecsu.oxyfont_regular.s": { "File": "oxyfont_regular.png", "Rect": "115,43,5,10", "Center": "0,5" },
	"ecsu.oxyfont_regular.t": { "File": "oxyfont_regular.png", "Rect": "121,43,4,10", "Center": "0,5" },
	"ecsu.oxyfont_regular.u": { "File": "oxyfont_regular.png", "Rect": "126,43,6,10", "Center": "0,5" },
	"ecsu.oxyfont_regular.v": { "File": "oxyfont_regular.png", "Rect": "133,43,7,10", "Center": "0,5" },
	"ecsu.oxyfont_regular.w": { "File": "oxyfont_regular.png", "Rect": "141,43,8,10", "Center": "0,5" },
	"ecsu.oxyfont_regular.x": { "File": "oxyfont_regular.png", "Rect": "150,43,7,10", "Center": "0,5" },
	"ecsu.oxyfont_regular.y": { "File": "oxyfont_regular.png", "Rect": "158,43,6,13", "Center": "0,5" },
	"ecsu.oxyfont_regular.z": { "File": "oxyfont_regular.png", "Rect": "165,43,6,10", "Center": "0,5" }
}