{
	"ecsu.sonic3_fontC_overlay.A": { "File": "sonic3_fontC_overlay.png", "Rect": "1,1,16,15", "Center": "0,7" },
	"ecsu.sonic3_fontC_overlay.B": { "File": "sonic3_fontC_overlay.png", "Rect": "18,1,14,15", "Center": "0,7" },
	"ecsu.sonic3_fontC_overlay.C": { "File": "sonic3_fontC_overlay.png", "Rect": "33,1,13,15", "Center": "0,7" },
	"ecsu.sonic3_fontC_overlay.D": { "File": "sonic3_fontC_overlay.png", "Rect": "47,1,13,15", "Center": "0,7" },
	"ecsu.sonic3_fontC_overlay.E": { "File": "sonic3_fontC_overlay.png", "Rect": "61,1,14,15", "Center": "0,7" },
	"ecsu.sonic3_fontC_overlay.F": { "File": "sonic3_fontC_overlay.png", "Rect": "76,1,14,15", "Center": "0,7" },
	"ecsu.sonic3_fontC_overlay.G": { "File": "sonic3_fontC_overlay.png", "Rect": "91,1,13,15", "Center": "0,7" },
	"ecsu.sonic3_fontC_overlay.H": { "File": "sonic3_fontC_overlay.png", "Rect": "105,1,14,15", "Center": "0,7" },
	"ecsu.sonic3_fontC_overlay.I": { "File": "sonic3_fontC_overlay.png", "Rect": "120,1,3,15", "Center": "0,7" },
	"ecsu.sonic3_fontC_overlay.J": { "File": "sonic3_fontC_overlay.png", "Rect": "124,1,12,15", "Center": "0,7" },
	"ecsu.sonic3_fontC_overlay.K": { "File": "sonic3_fontC_overlay.png", "Rect": "137,1,14,15", "Center": "0,7" },
	"ecsu.sonic3_fontC_overlay.L": { "File": "sonic3_fontC_overlay.png", "Rect": "152,1,12,15", "Center": "0,7" },
	"ecsu.sonic3_fontC_overlay.M": { "File": "sonic3_fontC_overlay.png", "Rect": "165,1,15,15", "Center": "0,7" },
	"ecsu.sonic3_fontC_overlay.N": { "File": "sonic3_fontC_overlay.png", "Rect": "181,1,14,15", "Center": "0,7" },
	"ecsu.sonic3_fontC_overlay.O": { "File": "sonic3_fontC_overlay.png", "Rect": "196,1,14,15", "Center": "0,7" },
	"ecsu.sonic3_fontC_overlay.P": { "File": "sonic3_fontC_overlay.png", "Rect": "211,1,13,15", "Center": "0,7" },
	"ecsu.sonic3_fontC_overlay.Q": { "File": "sonic3_fontC_overlay.png", "Rect": "225,1,16,15", "Center": "0,7" },
	"ecsu.sonic3_fontC_overlay.R": { "File": "sonic3_fontC_overlay.png", "Rect": "242,1,13,15", "Center": "0,7" },
	"ecsu.sonic3_fontC_overlay.S": { "File": "sonic3_fontC_overlay.png", "Rect": "256,1,12,15", "Center": "0,7" },
	"ecsu.sonic3_fontC_overlay.T": { "File": "sonic3_fontC_overlay.png", "Rect": "269,1,13,15", "Center": "0,7" },
	"ecsu.sonic3_fontC_overlay.U": { "File": "sonic3_fontC_overlay.png", "Rect": "283,1,12,15", "Center": "0,7" },
	"ecsu.sonic3_fontC_overlay.V": { "File": "sonic3_fontC_overlay.png", "Rect": "296,1,12,15", "Center": "0,7" },
	"ecsu.sonic3_fontC_overlay.W": { "File": "sonic3_fontC_overlay.png", "Rect": "309,1,13,15", "Center": "0,7" },
	"ecsu.sonic3_fontC_overlay.X": { "File": "sonic3_fontC_overlay.png", "Rect": "323,1,14,15", "Center": "0,7" },
	"ecsu.sonic3_fontC_overlay.Y": { "File": "sonic3_fontC_overlay.png", "Rect": "338,1,13,15", "Center": "0,7" },
	"ecsu.sonic3_fontC_overlay.Z": { "File": "sonic3_fontC_overlay.png", "Rect": "352,1,12,15", "Center": "0,7" },
	
	"ecsu.sonic3_fontC_overlay.0": { "File": "sonic3_fontC_overlay.png", "Rect": "365,1,12,15", "Center": "0,7" },
	"ecsu.sonic3_fontC_overlay.1": { "File": "sonic3_fontC_overlay.png", "Rect": "378,1,9,15", "Center": "0,7" },
	"ecsu.sonic3_fontC_overlay.2": { "File": "sonic3_fontC_overlay.png", "Rect": "388,1,12,15", "Center": "0,7" },
	"ecsu.sonic3_fontC_overlay.3": { "File": "sonic3_fontC_overlay.png", "Rect": "401,1,12,15", "Center": "0,7" },
	"ecsu.sonic3_fontC_overlay.4": { "File": "sonic3_fontC_overlay.png", "Rect": "414,1,12,15", "Center": "0,7" },
	"ecsu.sonic3_fontC_overlay.5": { "File": "sonic3_fontC_overlay.png", "Rect": "427,1,12,15", "Center": "0,7" },
	"ecsu.sonic3_fontC_overlay.6": { "File": "sonic3_fontC_overlay.png", "Rect": "440,1,12,15", "Center": "0,7" },
	"ecsu.sonic3_fontC_overlay.7": { "File": "sonic3_fontC_overlay.png", "Rect": "453,1,12,15", "Center": "0,7" },
	"ecsu.sonic3_fontC_overlay.8": { "File": "sonic3_fontC_overlay.png", "Rect": "466,1,12,15", "Center": "0,7" },
	"ecsu.sonic3_fontC_overlay.9": { "File": "sonic3_fontC_overlay.png", "Rect": "479,1,12,15", "Center": "0,7" },
	
	"ecsu.sonic3_fontC_overlay.:": { "File": "sonic3_fontC_overlay.png", "Rect": "492,1,5,15", "Center": "0,7" },
	"ecsu.sonic3_fontC_overlay.'": { "File": "sonic3_fontC_overlay.png", "Rect": "498,1,6,15", "Center": "0,7" },
	"ecsu.sonic3_fontC_overlay.\"": { "File": "sonic3_fontC_overlay.png", "Rect": "505,1,9,15", "Center": "0,7" },
	"ecsu.sonic3_fontC_overlay.!": { "File": "sonic3_fontC_overlay.png", "Rect": "525,0,3,16", "Center": "0,9" },

	"ecsu.sonic3_fontC_overlay.?": { "File": "sonic3_fontC_overlay.png", "Rect": "532,0,12,16", "Center": "0,9" },
	"ecsu.sonic3_fontC_overlay.&": { "File": "sonic3_fontC_overlay.png", "Rect": "547,1,15,13", "Center": "0,6" },

	"ecsu.sonic3_fontC_overlay. ": { "File": "sonic3_fontC_overlay.png", "Rect": "514,1,8,15", "Center": "0,7" },
	"ecsu.sonic3_fontC_overlay.°": { "File": "sonic3_fontC_overlay.png", "Rect": "514,1,3,15", "Center": "0,7" }
}