{
	"endlogo_char4TT16_0xb1":  { "File": "EndingAmyTT16.bmp", "Rect": "0,0,43,45", "Center": "13,43" },
	"endlogo_char4TT16_0xb2":  { "File": "EndingAmyTT16.bmp", "Rect": "43,0,45,45", "Center": "14,43" },
	"endlogo_char4TT16_0xb3":  { "File": "EndingAmyTT16.bmp", "Rect": "88,0,45,45", "Center": "14,43" },
	"endlogo_char4TT16_0xb4":  { "File": "EndingAmyTT16.bmp", "Rect": "133,0,45,45", "Center": "14,43" },
	"endlogo_char4TT16_0xb5":  { "File": "EndingAmyTT16.bmp", "Rect": "178,0,45,45", "Center": "14,43" },
	"endlogo_char4TT16_0xb6":  { "File": "EndingAmyTT16.bmp", "Rect": "223,0,45,45", "Center": "14,43" },
	"endlogo_char4TT16_0x01":  { "File": "EndingAmyTT16.bmp", "Rect": "270,0,45,45", "Center": "12,43" },
	"endlogo_char4TT16_0x02":  { "File": "EndingAmyTT16.bmp", "Rect": "315,0,45,45", "Center": "12,43" },
	"endlogo_char4TT16_0x03":  { "File": "EndingAmyTT16.bmp", "Rect": "360,0,45,45", "Center": "12,43" },
}