{
	"char4tt16_tornado_00":  { "File": "amy_tornado_intro_tt16.bmp", "Rect": "0,0,34,34", "Center": "15,13" },
	"char4tt16_tornado_01":  { "File": "amy_tornado_intro_tt16.bmp", "Rect": "0,0,34,34", "Center": "15,13" },
	"tornado_char4tt16_small":  { "File": "tornado_amytt16.bmp", "Rect": "72,8,16,24", "Center": "8,12" },
	"char4tt16_tornadoalt_00":  { "File": "amy_tornado_intrott16Atomic.bmp", "Rect": "0,0,34,35", "Center": "15,14" },
	"char4tt16_tornadoalt_01":  { "File": "amy_tornado_intrott16Atomic.bmp", "Rect": "34,0,34,35", "Center": "15,14" },
	"char4tt16_tornadoalt_02":  { "File": "amy_tornado_intrott16Atomic.bmp", "Rect": "0,0,34,35", "Center": "15,14" },
	"char4tt16_tornadoalt_03":  { "File": "amy_tornado_intrott16Atomic.bmp", "Rect": "34,0,34,35", "Center": "15,14" },
	"char4tt16_tornadoAxol_00":  { "File": "amy_tornado_intro_tt16.bmp", "Rect": "35,0,34,34", "Center": "15,13" },
	"char4tt16_tornadoAxol_01":  { "File": "amy_tornado_intro_tt16.bmp", "Rect": "70,0,34,34", "Center": "14,13" },
	"char4tt16_tornadoAxol_02":  { "File": "amy_tornado_intro_tt16.bmp", "Rect": "35,0,34,34", "Center": "15,13" },
	"char4tt16_tornadoAxol_03":  { "File": "amy_tornado_intro_tt16.bmp", "Rect": "105,0,34,34", "Center": "16,13" },
	"MiniAmy_TT16":  { "File": "MicroAmy_TT16.bmp", "Rect": "0,0,5,7", "Center": "0,5" },
}