{
	"bluesphere_slot2_0x01":  { "File": "Bluesphere_Ray.bmp", "Rect": "0,8,32,40", "Center": "15,33" },
	"bluesphere_slot2_0x02":  { "File": "Bluesphere_Ray.bmp", "Rect": "32,5,32,47", "Center": "16,40" },
	"bluesphere_slot2_0x03":  { "File": "Bluesphere_Ray.bmp", "Rect": "64,0,32,56", "Center": "16,41" },
	"bluesphere_slot2_0x04":  { "File": "Bluesphere_Ray.bmp", "Rect": "99,0,25,56", "Center": "12,41" },
	"bluesphere_slot2_0x05":  { "File": "Bluesphere_Ray.bmp", "Rect": "130,0,26,56", "Center": "13,41" },
	"bluesphere_slot2_0x06":  { "File": "Bluesphere_Ray.bmp", "Rect": "165,0,26,56", "Center": "12,41" },
	"bluesphere_slot2_0x07":  { "File": "Bluesphere_Ray.bmp", "Rect": "197,0,26,56", "Center": "13,40" },
	"bluesphere_slot2_0x08":  { "File": "Bluesphere_Ray.bmp", "Rect": "228,0,28,56", "Center": "13,41" },
	"bluesphere_slot2_0x09":  { "File": "Bluesphere_Ray.bmp", "Rect": "259,12,26,32", "Center": "13,35" },
	"bluesphere_slot2_0x0a":  { "File": "Bluesphere_Ray.bmp", "Rect": "291,12,26,32", "Center": "13,35" },
	"bluesphere_slot2_0x0b":  { "File": "Bluesphere_Ray.bmp", "Rect": "323,12,26,32", "Center": "13,35" },
	"Ray_Tail_1":  { "File": "Bluesphere_Ray_Tail.bmp", "Rect": "22,22,11,10", "Center": "2,16" },
	"Ray_Tail_2":  { "File": "Bluesphere_Ray_Tail.bmp", "Rect": "65,20,10,13", "Center": "8,19" },
	"Ray_Tail_3":  { "File": "Bluesphere_Ray_Tail.bmp", "Rect": "112,23,12,12", "Center": "10,14" },
	"Ray_Tail_4":  { "File": "Bluesphere_Ray_Tail.bmp", "Rect": "160,24,14,9", "Center": "12,14" },
	"Ray_Tail_5":  { "File": "Bluesphere_Ray_Tail.bmp", "Rect": "188,22,11,10", "Center": "8,16" },
	"Ray_Tail_6":  { "File": "Bluesphere_Ray_Tail.bmp", "Rect": "219,20,10,13", "Center": "1,19" },
	"Ray_Tail_7":  { "File": "Bluesphere_Ray_Tail.bmp", "Rect": "245,23,12,12", "Center": "3,14" },
	"Ray_Tail_8":  { "File": "Bluesphere_Ray_Tail.bmp", "Rect": "267,24,14,9", "Center": "2,14" },
	"bluesphere_slot2_Mania_0x01":  { "File": "Bluesphere_Ray_Mania.bmp", "Rect": "1,6,23,36", "Center": "11,29" },
	"bluesphere_slot2_Mania_0x02":  { "File": "Bluesphere_Ray_Mania.bmp", "Rect": "33,1,23,41", "Center": "11,34" },
	"bluesphere_slot2_Mania_0x03":  { "File": "Bluesphere_Ray_Mania.bmp", "Rect": "64,1,23,43", "Center": "11,34" },
	"bluesphere_slot2_Mania_0x04":  { "File": "Bluesphere_Ray_Mania.bmp", "Rect": "101,2,23,45", "Center": "10,34" },
	"bluesphere_slot2_Mania_0x05":  { "File": "Bluesphere_Ray_Mania.bmp", "Rect": "129,1,23,45", "Center": "10,34" },
	"bluesphere_slot2_Mania_0x06":  { "File": "Bluesphere_Ray_Mania.bmp", "Rect": "169,1,23,43", "Center": "11,34" },
	"bluesphere_slot2_Mania_0x07":  { "File": "Bluesphere_Ray_Mania.bmp", "Rect": "196,2,23,45", "Center": "12,34" },
	"bluesphere_slot2_Mania_0x08":  { "File": "Bluesphere_Ray_Mania.bmp", "Rect": "232,1,23,45", "Center": "12,34" },
	"bluesphere_slot2_Mania_0x09":  { "File": "Bluesphere_Ray_Mania.bmp", "Rect": "260,8,26,30", "Center": "13,31" },
	"bluesphere_slot2_Mania_0x0a":  { "File": "Bluesphere_Ray_Mania.bmp", "Rect": "292,8,26,30", "Center": "13,31" },
	"bluesphere_slot2_Mania_0x0b":  { "File": "Bluesphere_Ray_Mania.bmp", "Rect": "323,8,26,30", "Center": "13,31" },
	"Ray_Tail_Mania_1":  { "File": "Bluesphere_Ray_Tail_Mania.bmp", "Rect": "0,3,11,10", "Center": "2,14" },
	"Ray_Tail_Mania_2":  { "File": "Bluesphere_Ray_Tail_Mania.bmp", "Rect": "12,0,9,13", "Center": "4,17" },
	"Ray_Tail_Mania_3":  { "File": "Bluesphere_Ray_Tail_Mania.bmp", "Rect": "22,0,10,13", "Center": "8,16" },
	"Ray_Tail_Mania_4":  { "File": "Bluesphere_Ray_Tail_Mania.bmp", "Rect": "33,0,11,13", "Center": "9,15" },
	"Ray_Tail_Mania_5":  { "File": "Bluesphere_Ray_Tail_Mania.bmp", "Rect": "45,1,12,12", "Center": "10,13" },
	"Ray_Tail_Mania_6":  { "File": "Bluesphere_Ray_Tail_Mania.bmp", "Rect": "58,4,14,9", "Center": "11,12" },
	"Ray_Tail_Mania_7":  { "File": "Bluesphere_Ray_Tail_Mania.bmp", "Rect": "73,3,11,10", "Center": "8,14" },
	"Ray_Tail_Mania_8":  { "File": "Bluesphere_Ray_Tail_Mania.bmp", "Rect": "85,0,9,13", "Center": "4,17" },
	"Ray_Tail_Mania_9":  { "File": "Bluesphere_Ray_Tail_Mania.bmp", "Rect": "95,0,10,13", "Center": "1,16" },
	"Ray_Tail_Mania_10":  { "File": "Bluesphere_Ray_Tail_Mania.bmp", "Rect": "106,0,11,13", "Center": "1,15" },
	"Ray_Tail_Mania_11":  { "File": "Bluesphere_Ray_Tail_Mania.bmp", "Rect": "118,1,12,12", "Center": "3,14" },
	"Ray_Tail_Mania_12":  { "File": "Bluesphere_Ray_Tail_Mania.bmp", "Rect": "131,4,14,9", "Center": "2,12" }
}