{
	"character_slot2_0x01":  { "File": "character_ray.bmp", "Rect": "8,9,40,39", "Center": "20,20" },
	"character_slot2_0x02":  { "File": "character_ray.bmp", "Rect": "64,9,40,39", "Center": "20,19" },
	"character_slot2_0x03":  { "File": "character_ray.bmp", "Rect": "124,8,36,40", "Center": "23,17" },
	"character_slot2_0x04":  { "File": "character_ray.bmp", "Rect": "180,8,32,40", "Center": "19,19" },
	"character_slot2_0x05":  { "File": "character_ray.bmp", "Rect": "232,8,40,40", "Center": "19,20" },
	"character_slot2_0x06":  { "File": "character_ray.bmp", "Rect": "288,8,40,40", "Center": "18,19" },
	"character_slot2_0x07":  { "File": "character_ray.bmp", "Rect": "348,8,32,40", "Center": "19,17" },
	"character_slot2_0x08":  { "File": "character_ray.bmp", "Rect": "404,8,32,40", "Center": "19,19" },
	"character_slot2_0x09":  { "File": "character_ray.bmp", "Rect": "456,4,40,48", "Center": "21,19" },
	"character_slot2_0x0a":  { "File": "character_ray.bmp", "Rect": "508,8,48,40", "Center": "20,14" },
	"character_slot2_0x0b":  { "File": "character_ray.bmp", "Rect": "568,8,40,40", "Center": "19,21" },
	"character_slot2_0x0c":  { "File": "character_ray.bmp", "Rect": "620,8,48,40", "Center": "20,19" },
	"character_slot2_0x0d":  { "File": "character_ray.bmp", "Rect": "680,4,40,48", "Center": "20,18" },
	"character_slot2_0x0e":  { "File": "character_ray.bmp", "Rect": "732,4,48,48", "Center": "21,20" },
	"character_slot2_0x0f":  { "File": "character_ray.bmp", "Rect": "792,8,40,40", "Center": "22,17" },
	"character_slot2_0x10":  { "File": "character_ray.bmp", "Rect": "848,8,40,40", "Center": "20,18" },
	"character_slot2_0x11":  { "File": "character_ray.bmp", "Rect": "8,64,40,40", "Center": "20,19" },
	"character_slot2_0x12":  { "File": "character_ray.bmp", "Rect": "64,64,40,40", "Center": "20,19" },
	"character_slot2_0x13":  { "File": "character_ray.bmp", "Rect": "120,68,40,32", "Center": "20,11" },
	"character_slot2_0x14":  { "File": "character_ray.bmp", "Rect": "176,68,40,32", "Center": "20,13" },
	"character_slot2_0x15":  { "File": "character_ray.bmp", "Rect": "232,64,40,40", "Center": "20,21" },
	"character_slot2_0x16":  { "File": "character_ray.bmp", "Rect": "288,64,40,40", "Center": "20,20" },
	"character_slot2_0x17":  { "File": "character_ray.bmp", "Rect": "344,68,40,32", "Center": "20,11" },
	"character_slot2_0x18":  { "File": "character_ray.bmp", "Rect": "400,68,40,32", "Center": "20,11" },
	"character_slot2_0x19":  { "File": "character_ray.bmp", "Rect": "452,64,48,40", "Center": "18,17" },
	"character_slot2_0x1a":  { "File": "character_ray.bmp", "Rect": "512,60,40,48", "Center": "16,25" },
	"character_slot2_0x1b":  { "File": "character_ray.bmp", "Rect": "568,64,40,40", "Center": "19,17" },
	"character_slot2_0x1c":  { "File": "character_ray.bmp", "Rect": "624,60,40,48", "Center": "16,25" },
	"character_slot2_0x1d":  { "File": "character_ray.bmp", "Rect": "676,64,48,40", "Center": "17,18" },
	"character_slot2_0x1e":  { "File": "character_ray.bmp", "Rect": "732,60,48,48", "Center": "17,24" },
	"character_slot2_0x1f":  { "File": "character_ray.bmp", "Rect": "792,64,40,40", "Center": "18,18" },
	"character_slot2_0x20":  { "File": "character_ray.bmp", "Rect": "848,64,40,40", "Center": "18,18" },
	"character_slot2_0x21":  { "File": "character_ray.bmp", "Rect": "4,120,48,35", "Center": "29,15" },
	"character_slot2_0x22":  { "File": "character_ray.bmp", "Rect": "60,120,48,35", "Center": "29,15" },
	"character_slot2_0x23":  { "File": "character_ray.bmp", "Rect": "116,120,48,35", "Center": "29,15" },
	"character_slot2_0x24":  { "File": "character_ray.bmp", "Rect": "172,120,48,35", "Center": "29,15" },
	"character_slot2_0x25":  { "File": "character_ray.bmp", "Rect": "232,120,40,40", "Center": "19,17" },
	"character_slot2_0x26":  { "File": "character_ray.bmp", "Rect": "292,120,32,40", "Center": "16,18" },
	"character_slot2_0x27":  { "File": "character_ray.bmp", "Rect": "344,120,40,40", "Center": "19,17" },
	"character_slot2_0x28":  { "File": "character_ray.bmp", "Rect": "404,120,32,40", "Center": "16,18" },
	"character_slot2_0x29":  { "File": "character_ray.bmp", "Rect": "456,124,40,32", "Center": "20,16" },
	"character_slot2_0x2a":  { "File": "character_ray.bmp", "Rect": "512,124,40,32", "Center": "20,16" },
	"character_slot2_0x2b":  { "File": "character_ray.bmp", "Rect": "568,124,40,32", "Center": "20,16" },
	"character_slot2_0x2c":  { "File": "character_ray.bmp", "Rect": "624,124,40,32", "Center": "20,16" },
	"character_slot2_0x2d":  { "File": "character_ray.bmp", "Rect": "680,120,40,40", "Center": "18,22" },
	"character_slot2_0x2e":  { "File": "character_ray.bmp", "Rect": "736,124,40,32", "Center": "19,17" },
	"character_slot2_0x2f":  { "File": "character_ray.bmp", "Rect": "792,120,40,40", "Center": "18,22" },
	"character_slot2_0x30":  { "File": "character_ray.bmp", "Rect": "848,124,40,32", "Center": "19,17" },
	"character_slot2_0x31":  { "File": "character_ray.bmp", "Rect": "12,176,32,40", "Center": "14,20" },
	"character_slot2_0x32":  { "File": "character_ray.bmp", "Rect": "68,176,32,40", "Center": "13,22" },
	"character_slot2_0x33":  { "File": "character_ray.bmp", "Rect": "124,180,32,32", "Center": "15,16" },
	"character_slot2_0x34":  { "File": "character_ray.bmp", "Rect": "180,180,32,32", "Center": "15,17" },
	"character_slot2_0x35":  { "File": "character_ray.bmp", "Rect": "236,180,32,32", "Center": "12,17" },
	"character_slot2_0x36":  { "File": "character_ray.bmp", "Rect": "292,176,32,40", "Center": "15,22" },
	"character_slot2_0x37":  { "File": "character_ray.bmp", "Rect": "348,176,32,40", "Center": "16,20" },
	"character_slot2_0x38":  { "File": "character_ray.bmp", "Rect": "408,176,24,40", "Center": "12,18" },
	"character_slot2_0x39":  { "File": "character_ray.bmp", "Rect": "460,180,32,32", "Center": "16,18" },
	"character_slot2_0x3a":  { "File": "character_ray.bmp", "Rect": "516,180,32,32", "Center": "19,16" },
	"character_slot2_0x3b":  { "File": "character_ray.bmp", "Rect": "576,176,24,40", "Center": "12,20" },
	"character_slot2_0x3c":  { "File": "character_ray.bmp", "Rect": "632,176,24,40", "Center": "12,20" },
	"character_slot2_0x3d":  { "File": "character_ray.bmp", "Rect": "688,172,24,48", "Center": "14,26" },
	"character_slot2_0x3e":  { "File": "character_ray.bmp", "Rect": "744,180,24,32", "Center": "13,16" },
	"character_slot2_0x3f":  { "File": "character_ray.bmp", "Rect": "796,180,32,32", "Center": "17,15" },
	"character_slot2_0x40":  { "File": "character_ray.bmp", "Rect": "852,180,32,32", "Center": "16,14" },
	"character_slot2_0x41":  { "File": "character_ray.bmp", "Rect": "12,232,32,40", "Center": "16,17" },
	"character_slot2_0x42":  { "File": "character_ray.bmp", "Rect": "68,232,32,40", "Center": "16,20" },
	"character_slot2_0x43":  { "File": "character_ray.bmp", "Rect": "128,232,24,40", "Center": "11,20" },
	"character_slot2_0x44":  { "File": "character_ray.bmp", "Rect": "184,236,24,32", "Center": "12,16" },
	"character_slot2_0x45":  { "File": "character_ray.bmp", "Rect": "236,240,32,24", "Center": "14,10" },
	"character_slot2_0x46":  { "File": "character_ray.bmp", "Rect": "296,236,24,32", "Center": "13,13" },
	"character_slot2_0x47":  { "File": "character_ray.bmp", "Rect": "352,232,24,40", "Center": "13,21" },
	"character_slot2_0x48":  { "File": "character_ray.bmp", "Rect": "400,232,40,40", "Center": "23,20" },
	"character_slot2_0x49":  { "File": "character_ray.bmp", "Rect": "456,232,40,40", "Center": "20,24" },
	"character_slot2_0x4a":  { "File": "character_ray.bmp", "Rect": "516,228,32,48", "Center": "14,22" },
	"character_slot2_0x4b":  { "File": "character_ray.bmp", "Rect": "572,236,32,32", "Center": "16,21" },
	"character_slot2_0x4c":  { "File": "character_ray.bmp", "Rect": "628,236,32,32", "Center": "13,15" },
	"character_slot2_0x4d":  { "File": "character_ray.bmp", "Rect": "684,236,32,32", "Center": "13,18" },
	"character_slot2_0x4e":  { "File": "character_ray.bmp", "Rect": "740,236,32,32", "Center": "18,14" },
	"character_slot2_0x4f":  { "File": "character_ray.bmp", "Rect": "792,232,40,40", "Center": "22,22" },
	"character_slot2_0x50":  { "File": "character_ray.bmp", "Rect": "848,232,40,40", "Center": "21,20" },
	"character_slot2_0x51":  { "File": "character_ray.bmp", "Rect": "12,292,32,32", "Center": "17,19" },
	"character_slot2_0x52":  { "File": "character_ray.bmp", "Rect": "68,292,32,32", "Center": "14,17" },
	"character_slot2_0x53":  { "File": "character_ray.bmp", "Rect": "120,292,40,32", "Center": "24,19" },
	"character_slot2_0x54":  { "File": "character_ray.bmp", "Rect": "176,292,40,32", "Center": "17,16" },
	"character_slot2_0x55":  { "File": "character_ray.bmp", "Rect": "228,288,48,40", "Center": "24,20" },
	"character_slot2_0x56":  { "File": "character_ray.bmp", "Rect": "288,288,40,40", "Center": "24,20" },
	"character_slot2_0x57":  { "File": "character_ray.bmp", "Rect": "348,288,32,40", "Center": "16,20" },
	"character_slot2_0x58":  { "File": "character_ray.bmp", "Rect": "408,288,24,40", "Center": "13,20" },
	"character_slot2_0x59":  { "File": "character_ray.bmp", "Rect": "460,288,32,40", "Center": "17,20" },
	"character_slot2_0x5a":  { "File": "character_ray.bmp", "Rect": "516,288,32,40", "Center": "18,20" },
	"character_slot2_0x5b":  { "File": "character_ray.bmp", "Rect": "576,288,24,40", "Center": "13,20" },
	"character_slot2_0x5c":  { "File": "character_ray.bmp", "Rect": "620,296,48,24", "Center": "20,11" },
	"character_slot2_0x5d":  { "File": "character_ray.bmp", "Rect": "680,296,39,24", "Center": "8,12" },
	"character_slot2_0x5e":  { "File": "character_ray.bmp", "Rect": "736,296,40,24", "Center": "30,12" },
	"character_slot2_0x5f":  { "File": "character_ray.bmp", "Rect": "788,296,48,24", "Center": "27,11" },
	"character_slot2_0x60":  { "File": "character_ray.bmp", "Rect": "848,296,40,24", "Center": "14,12" },
	"character_slot2_0x61":  { "File": "character_ray.bmp", "Rect": "8,352,40,24", "Center": "38,12" },
	"character_slot2_0x62":  { "File": "character_ray.bmp", "Rect": "64,348,40,32", "Center": "20,16" },
	"character_slot2_0x63":  { "File": "character_ray.bmp", "Rect": "128,340,24,48", "Center": "11,24" },
	"character_slot2_0x64":  { "File": "character_ray.bmp", "Rect": "184,344,24,40", "Center": "13,19" },
	"character_slot2_0x65":  { "File": "character_ray.bmp", "Rect": "240,344,24,40", "Center": "12,21" },
	"character_slot2_0x66":  { "File": "character_ray.bmp", "Rect": "296,340,24,48", "Center": "12,24" },
	"character_slot2_0x67":  { "File": "character_ray.bmp", "Rect": "352,344,24,40", "Center": "14,20" },
	"character_slot2_0x68":  { "File": "character_ray.bmp", "Rect": "408,344,24,40", "Center": "14,24" },
	"character_slot2_0x69":  { "File": "character_ray.bmp", "Rect": "460,344,32,40", "Center": "16,20" },
	"character_slot2_0x6a":  { "File": "character_ray.bmp", "Rect": "516,344,32,40", "Center": "16,20" },
	"character_slot2_0x6b":  { "File": "character_ray.bmp", "Rect": "572,348,32,32", "Center": "21,20" },
	"character_slot2_0x6c":  { "File": "character_ray.bmp", "Rect": "628,348,32,32", "Center": "16,16" },
	"character_slot2_0x6d":  { "File": "character_ray.bmp", "Rect": "680,348,40,32", "Center": "20,16" },
	"character_slot2_0x6e":  { "File": "character_ray.bmp", "Rect": "736,352,40,24", "Center": "20,12" },
	"character_slot2_0x6f":  { "File": "character_ray.bmp", "Rect": "796,348,32,32", "Center": "16,16" },
	"character_slot2_0x70":  { "File": "character_ray.bmp", "Rect": "852,348,32,32", "Center": "16,16" },
	"character_slot2_0x71":  { "File": "character_ray.bmp", "Rect": "8,408,36,24", "Center": "20,12" },
	"character_slot2_0x72":  { "File": "character_ray.bmp", "Rect": "64,408,40,24", "Center": "20,12" },
	"character_slot2_0x73":  { "File": "character_ray.bmp", "Rect": "120,404,40,32", "Center": "20,16" },
	"character_slot2_0x74":  { "File": "character_ray.bmp", "Rect": "176,404,36,32", "Center": "20,16" },
	"character_slot2_0x75":  { "File": "character_ray.bmp", "Rect": "240,404,28,32", "Center": "16,16" },
	"character_slot2_0x76":  { "File": "character_ray.bmp", "Rect": "292,404,32,32", "Center": "16,16" },
	"character_slot2_0x77":  { "File": "character_ray.bmp", "Rect": "348,408,32,28", "Center": "16,16" },
	"character_slot2_0x78":  { "File": "character_ray.bmp", "Rect": "396,396,48,48", "Center": "22,25" },
	"character_slot2_0x79":  { "File": "character_ray.bmp", "Rect": "460,392,32,56", "Center": "19,30" },
	"character_slot2_0x7a":  { "File": "character_ray.bmp", "Rect": "508,400,48,40", "Center": "26,23" },
	"character_slot2_0x7b":  { "File": "character_ray.bmp", "Rect": "568,396,40,48", "Center": "27,18" },
	"character_slot2_0x7c":  { "File": "character_ray.bmp", "Rect": "624,396,40,48", "Center": "23,22" },
	"character_slot2_0x7d":  { "File": "character_ray.bmp", "Rect": "676,400,48,40", "Center": "20,13" },
	"character_slot2_0x7e":  { "File": "character_ray.bmp", "Rect": "732,400,48,40", "Center": "23,17" },
	"character_slot2_0x7f":  { "File": "character_ray.bmp", "Rect": "792,396,40,48", "Center": "13,28" },
	"character_slot2_0x85":  { "File": "character_ray.bmp", "Rect": "112,452,56,48", "Center": "30,24" },
	"character_slot2_0x80":  { "File": "character_ray.bmp", "Rect": "168,452,56,48", "Center": "29,24" },
	"character_slot2_0x81":  { "File": "character_ray.bmp", "Rect": "232,452,40,48", "Center": "21,24" },
	"character_slot2_0x82":  { "File": "character_ray.bmp", "Rect": "848,396,40,48", "Center": "17,24" },
	"character_slot2_0x83":  { "File": "character_ray.bmp", "Rect": "8,452,40,48", "Center": "23,24" },
	"character_slot2_0x84":  { "File": "character_ray.bmp", "Rect": "60,452,48,48", "Center": "28,24" },
	"character_slot2_0x86":  { "File": "character_ray.bmp", "Rect": "292,460,32,32", "Center": "12,8" },
	"character_slot2_0x87":  { "File": "character_ray.bmp", "Rect": "348,460,32,32", "Center": "12,8" },
	"character_slot2_0x88":  { "File": "character_ray.bmp", "Rect": "404,460,32,32", "Center": "12,8" },
	"character_slot2_0x89":  { "File": "character_ray.bmp", "Rect": "460,460,32,32", "Center": "12,8" },
	"character_slot2_0x8a":  { "File": "character_ray.bmp", "Rect": "516,460,32,32", "Center": "12,8" },
	"character_slot2_0x8b":  { "File": "character_ray.bmp", "Rect": "572,460,32,32", "Center": "12,8" },
	"character_slot2_0x8c":  { "File": "character_ray.bmp", "Rect": "624,460,40,32", "Center": "20,16" },
	"character_slot2_0x8d":  { "File": "character_ray.bmp", "Rect": "680,460,40,32", "Center": "20,17" },
	"character_slot2_0x8e":  { "File": "character_ray.bmp", "Rect": "744,452,24,48", "Center": "13,24" },
	"character_slot2_0x8f":  { "File": "character_ray.bmp", "Rect": "792,460,40,32", "Center": "23,15" },
	"character_slot2_0x90":  { "File": "character_ray.bmp", "Rect": "848,452,40,48", "Center": "20,24" },
	"character_slot2_0x91":  { "File": "character_ray.bmp", "Rect": "4,508,48,48", "Center": "20,26" },
	"character_slot2_0x92":  { "File": "character_ray.bmp", "Rect": "60,512,48,40", "Center": "20,24" },
	"character_slot2_0x93":  { "File": "character_ray.bmp", "Rect": "120,516,40,32", "Center": "20,24" },
	"character_slot2_0x94":  { "File": "character_ray.bmp", "Rect": "180,508,32,48", "Center": "14,24" },
	"character_slot2_0x95":  { "File": "character_ray.bmp", "Rect": "239,508,25,48", "Center": "10,24" },
	"character_slot2_0x96":  { "File": "character_ray.bmp", "Rect": "292,516,32,32", "Center": "16,16" },
	"character_slot2_0x97":  { "File": "character_ray.bmp", "Rect": "348,516,32,32", "Center": "16,16" },
	"character_slot2_0x98":  { "File": "character_ray.bmp", "Rect": "404,516,32,32", "Center": "16,16" },
	"character_slot2_0x99":  { "File": "character_ray.bmp", "Rect": "460,516,32,32", "Center": "16,16" },
	"character_slot2_0x9a":  { "File": "character_ray.bmp", "Rect": "516,516,32,32", "Center": "16,16" },
	"character_slot2_0x9b":  { "File": "character_ray.bmp", "Rect": "568,512,40,40", "Center": "27,14" },
	"character_slot2_0x9c":  { "File": "character_ray.bmp", "Rect": "624,516,40,32", "Center": "27,9" },
	"character_slot2_0x9d":  { "File": "character_ray.bmp", "Rect": "684,512,32,40", "Center": "15,20" },
	"character_slot2_0x9e":  { "File": "character_ray.bmp", "Rect": "740,512,32,40", "Center": "15,20" },
	"character_slot2_0x9f":  { "File": "character_ray.bmp", "Rect": "796,512,32,40", "Center": "17,20" },
	"character_slot2_0xa0":  { "File": "character_ray.bmp", "Rect": "852,512,32,40", "Center": "17,20" },
	"character_slot2_0xa1":  { "File": "character_ray.bmp", "Rect": "8,568,40,40", "Center": "24,18" },
	"character_slot2_0xa2":  { "File": "character_ray.bmp", "Rect": "68,568,32,40", "Center": "17,20" },
	"character_slot2_0xa3":  { "File": "character_ray.bmp", "Rect": "124,568,32,40", "Center": "18,20" },
	"character_slot2_0xa4":  { "File": "character_ray.bmp", "Rect": "176,568,40,40", "Center": "22,20" },
	"character_slot2_0xa5":  { "File": "character_ray.bmp", "Rect": "232,568,40,40", "Center": "22,20" },
	"character_slot2_0xa6":  { "File": "character_ray.bmp", "Rect": "288,568,40,40", "Center": "22,19" },
	"character_slot2_0xa7":  { "File": "character_ray.bmp", "Rect": "344,564,40,48", "Center": "20,24" },
	"character_slot2_0xa8":  { "File": "character_ray.bmp", "Rect": "400,564,40,48", "Center": "20,24" },
	"character_slot2_0xa9":  { "File": "character_ray.bmp", "Rect": "456,564,40,48", "Center": "20,24" },
	"character_slot2_0xaa":  { "File": "character_ray.bmp", "Rect": "504,576,56,24", "Center": "26,12" },
	"character_slot2_0xab":  { "File": "character_ray.bmp", "Rect": "560,576,56,24", "Center": "26,12" },
	"character_slot2_0xac":  { "File": "character_ray.bmp", "Rect": "624,568,40,40", "Center": "20,20" },
	"character_slot2_0xad":  { "File": "character_ray.bmp", "Rect": "683,568,33,40", "Center": "21,20" },
	"character_slot2_0xae":  { "File": "character_ray.bmp", "Rect": "739,568,33,40", "Center": "21,20" },
	"character_slot2_0xaf":  { "File": "character_ray.bmp", "Rect": "795,568,33,40", "Center": "21,20" },
	"character_slot2_0xb0":  { "File": "character_ray.bmp", "Rect": "848,568,40,40", "Center": "22,20" },
	"character_slot2_0xb1":  { "File": "character_ray.bmp", "Rect": "8,624,40,40", "Center": "22,20" },
	"character_slot2_0xb2":  { "File": "character_ray.bmp", "Rect": "64,624,40,40", "Center": "22,20" },
	"character_slot2_0xb3":  { "File": "character_ray.bmp", "Rect": "120,624,40,40", "Center": "22,20" },
	"character_slot2_0xb4":  { "File": "character_ray.bmp", "Rect": "184,616,24,56", "Center": "11,26" },
	"character_slot2_0xb5":  { "File": "character_ray.bmp", "Rect": "240,616,24,56", "Center": "11,26" },
	"character_slot2_0xb6":  { "File": "character_ray.bmp", "Rect": "292,624,32,40", "Center": "19,20" },
	"character_slot2_0xb7":  { "File": "character_ray.bmp", "Rect": "348,624,32,40", "Center": "19,20" },
	"character_slot2_0xb8":  { "File": "character_ray.bmp", "Rect": "404,624,32,40", "Center": "19,20" },
	"character_slot2_0xb9":  { "File": "character_ray.bmp", "Rect": "460,624,32,40", "Center": "19,20" },
	"character_slot2_0xba":  { "File": "character_ray.bmp", "Rect": "523,626,24,38", "Center": "12,18" },
	"character_slot2_0xbb":  { "File": "character_ray.bmp", "Rect": "568,624,40,40", "Center": "21,20" },
	"character_slot2_0xbc":  { "File": "character_ray.bmp", "Rect": "624,624,40,40", "Center": "20,20" },
	"character_slot2_0xbd":  { "File": "character_ray.bmp", "Rect": "680,624,40,40", "Center": "20,20" },
	"character_slot2_0xbe":  { "File": "character_ray.bmp", "Rect": "736,624,40,40", "Center": "20,20" },
	"character_slot2_0xbf":  { "File": "character_ray.bmp", "Rect": "788,624,48,40", "Center": "26,18" },
	"character_slot2_0xc0":  { "File": "character_ray.bmp", "Rect": "844,624,48,40", "Center": "26,18" },
	"character_slot2_0xc1":  { "File": "character_ray.bmp", "Rect": "12,680,32,40", "Center": "20,19" },
	"character_slot2_0xc2":  { "File": "character_ray.bmp", "Rect": "68,680,32,40", "Center": "20,19" },
	"character_slot2_0xc3":  { "File": "character_ray.bmp", "Rect": "120,680,40,40", "Center": "23,20" },
	"character_slot2_0xc4":  { "File": "character_ray.bmp", "Rect": "176,680,40,40", "Center": "27,20" },
	"character_slot2_0xc5":  { "File": "character_ray.bmp", "Rect": "232,684,40,32", "Center": "23,17" },
	"character_slot2_0xc6":  { "File": "character_ray.bmp", "Rect": "288,688,40,24", "Center": "22,13" },
	"character_slot2_0xc7":  { "File": "character_ray.bmp", "Rect": "344,684,40,32", "Center": "23,16" },
	"character_slot2_0xc8":  { "File": "character_ray.bmp", "Rect": "396,688,48,24", "Center": "29,12" },
	"character_slot2_0xc9":  { "File": "character_ray.bmp", "Rect": "456,688,40,24", "Center": "20,12" },
	"character_slot2_0xca":  { "File": "character_ray.bmp", "Rect": "516,688,32,24", "Center": "17,12" },
	"character_slot2_0xcb":  { "File": "character_ray.bmp", "Rect": "568,688,40,24", "Center": "21,12" },
	"character_slot2_0xcc":  { "File": "character_ray.bmp", "Rect": "620,688,48,24", "Center": "18,12" },
	"character_slot2_0xcd":  { "File": "character_ray.bmp", "Rect": "680,688,40,24", "Center": "22,12" },
	"character_slot2_0xce":  { "File": "character_ray.bmp", "Rect": "740,688,32,24", "Center": "17,12" },
	"character_slot2_0xcf":  { "File": "character_ray.bmp", "Rect": "792,688,40,24", "Center": "17,12" },
	"character_slot2_0xd0":  { "File": "character_ray.bmp", "Rect": "848,684,40,32", "Center": "20,8" },
	"character_slot2_0xd1":  { "File": "character_ray.bmp", "Rect": "8,740,40,32", "Center": "20,9" },
	"character_slot2_0xd2":  { "File": "character_ray.bmp", "Rect": "124,732,32,48", "Center": "16,24" },
	"character_slot2_0xd3":  { "File": "character_ray.bmp", "Rect": "124,732,32,48", "Center": "16,24" },
	"character_slot2_0xd4":  { "File": "character_ray.bmp", "Rect": "180,732,32,48", "Center": "16,24" },
	"character_slot2_0xd5":  { "File": "character_ray.bmp", "Rect": "236,732,32,48", "Center": "16,24" },
	"character_slot2_0xd6":  { "File": "character_ray.bmp", "Rect": "292,732,32,48", "Center": "16,24" },
	"character_slot2_0xd7":  { "File": "character_ray.bmp", "Rect": "344,740,40,32", "Center": "24,12" },
	"character_slot2_0xd8":  { "File": "character_ray.bmp", "Rect": "400,740,40,32", "Center": "24,13" },
	"character_slot2_0xd9":  { "File": "character_ray.bmp", "Rect": "456,736,40,40", "Center": "23,20" },
	"character_slot2_0xda":  { "File": "character_ray.bmp", "Rect": "564,792,48,35", "Center": "25,15" },
	"character_slot2_0xdb":  { "File": "character_ray.bmp", "Rect": "620,792,48,35", "Center": "25,15" },
	"character_slot2_0xdc":  { "File": "character_ray.bmp", "Rect": "676,792,48,35", "Center": "25,15" },
	"character_slot2_0xdd":  { "File": "character_ray.bmp", "Rect": "732,792,48,35", "Center": "25,15" },
	"character_slot2_0xde":  { "File": "character_ray.bmp", "Rect": "740,736,32,40", "Center": "16,20" },
	"character_slot2_0xdf":  { "File": "character_ray.bmp", "Rect": "796,736,32,40", "Center": "16,20" },
	"character_slot2_0xe0":  { "File": "character_ray.bmp", "Rect": "856,740,24,32", "Center": "12,16" },
	"character_slot2_0xe1":  { "File": "character_ray.bmp", "Rect": "16,792,24,40", "Center": "12,20" },
	"character_slot2_0xe2":  { "File": "character_ray.bmp", "Rect": "68,792,32,40", "Center": "16,20" },
	"character_slot2_0xe3":  { "File": "character_ray.bmp", "Rect": "120,788,40,48", "Center": "20,24" },
	"character_slot2_0xe4":  { "File": "character_ray.bmp", "Rect": "176,788,40,48", "Center": "20,24" },
	"character_slot2_0xe5":  { "File": "character_ray.bmp", "Rect": "232,788,36,48", "Center": "20,24" },
	"character_slot2_0xe6":  { "File": "character_ray.bmp", "Rect": "292,788,32,48", "Center": "16,24" },
	"character_slot2_0xe7":  { "File": "character_ray.bmp", "Rect": "352,788,24,48", "Center": "12,24" },
	"character_slot2_0xe8":  { "File": "character_ray.bmp", "Rect": "404,788,32,48", "Center": "16,24" },
	"character_slot2_0xe9":  { "File": "character_ray.bmp", "Rect": "460,788,32,48", "Center": "16,24" },
	"character_slot2_0xea":  { "File": "character_ray.bmp", "Rect": "520,788,24,48", "Center": "12,24" },
	"character_slot2_0xeb":  { "File": "character_ray.bmp", "Rect": "564,792,48,35", "Center": "25,15" },
	"character_slot2_0xec":  { "File": "character_ray.bmp", "Rect": "620,792,48,35", "Center": "25,15" },
	"character_slot2_0xed":  { "File": "character_ray.bmp", "Rect": "676,792,48,35", "Center": "25,15" },
	"character_slot2_0xee":  { "File": "character_ray.bmp", "Rect": "732,792,48,35", "Center": "25,15" },
	"character_slot2_0xef":  { "File": "character_ray.bmp", "Rect": "796,792,32,40", "Center": "16,21" },
	"character_slot2_0xf0":  { "File": "character_ray.bmp", "Rect": "852,792,32,40", "Center": "16,21" },
	"character_slot2_0xf1":  { "File": "character_ray.bmp", "Rect": "16,848,24,40", "Center": "12,21" },
	"character_slot2_0xf2":  { "File": "character_ray.bmp", "Rect": "72,848,24,40", "Center": "12,21" },
	"character_slot2_0xf3":  { "File": "character_ray.bmp", "Rect": "128,848,24,40", "Center": "12,21" },
	"character_slot2_0xf4":  { "File": "character_ray.bmp", "Rect": "180,848,32,40", "Center": "16,21" },
	"character_slot2_0xf5":  { "File": "character_ray.bmp", "Rect": "236,848,32,40", "Center": "16,21" },
	"character_slot2_0xf6":  { "File": "character_ray.bmp", "Rect": "292,848,32,40", "Center": "16,21" },
	"character_slot2_0xf7":  { "File": "character_ray.bmp", "Rect": "352,848,24,40", "Center": "12,21" },
	"character_slot2_0xf8":  { "File": "character_ray.bmp", "Rect": "408,848,24,40", "Center": "12,21" },
	"character_slot2_0xf9":  { "File": "character_ray.bmp", "Rect": "464,848,24,40", "Center": "12,21" },
	"character_slot2_0xfa":  { "File": "character_ray.bmp", "Rect": "516,848,32,40", "Center": "16,21" },
	"Boost_frame_0":  { "File": "character_ray.bmp", "Rect": "60,64,48,40", "Center": "26,18" },
	"Boost_frame_1":  { "File": "character_ray.bmp", "Rect": "116,64,48,40", "Center": "26,18" },
	"Tail_Hang":  { "File": "character_ray.bmp", "Rect": "460,392,32,56", "Center": "19,30" },
	"RayPose_0x03":  { "File": "Ray_end.bmp", "Rect": "163,22,64,72", "Center": "0,25" },
	"RayPose_0x04":  { "File": "Ray_end.bmp", "Rect": "0,0,128,112", "Center": "13,35" },
	"RayWallCling":  { "File": "character_ray.bmp", "Rect": "674,847,37,37", "Center": "19,18" }
}