{
	"Mania_Ray_0x01":  { "File": "Rayven.bmp", "Rect": "0,0,37,39", "Center": "21,21" },
	"Mania_Ray_0x02":  { "File": "Rayven.bmp", "Rect": "43,0,30,40", "Center": "19,20" },
	"Mania_Ray_0x03":  { "File": "Rayven.bmp", "Rect": "79,0,29,40", "Center": "17,20" },
	"Mania_Ray_0x04":  { "File": "Rayven.bmp", "Rect": "114,0,30,39", "Center": "18,19" },
	"Mania_Ray_0x05":  { "File": "Rayven.bmp", "Rect": "150,0,40,38", "Center": "20,21" },
	"Mania_Ray_0x06":  { "File": "Rayven.bmp", "Rect": "196,0,37,40", "Center": "22,20" },
	"Mania_Ray_0x07":  { "File": "Rayven.bmp", "Rect": "239,0,33,40", "Center": "22,20" },
	"Mania_Ray_0x08":  { "File": "Rayven.bmp", "Rect": "278,0,31,39", "Center": "20,19" },
	"Mania_Ray_0x09":  { "File": "Rayven.bmp", "Rect": "456,4,40,48", "Center": "21,19" },
	"Mania_Ray_0x0a":  { "File": "Rayven.bmp", "Rect": "508,8,48,40", "Center": "20,14" },
	"Mania_Ray_0x0b":  { "File": "Rayven.bmp", "Rect": "568,8,40,40", "Center": "19,21" },
	"Mania_Ray_0x0c":  { "File": "Rayven.bmp", "Rect": "620,8,48,40", "Center": "20,19" },
	"Mania_Ray_0x0d":  { "File": "Rayven.bmp", "Rect": "680,4,40,48", "Center": "20,18" },
	"Mania_Ray_0x0e":  { "File": "Rayven.bmp", "Rect": "732,4,48,48", "Center": "21,20" },
	"Mania_Ray_0x0f":  { "File": "Rayven.bmp", "Rect": "792,8,40,40", "Center": "22,17" },
	"Mania_Ray_0x10":  { "File": "Rayven.bmp", "Rect": "848,8,40,40", "Center": "20,18" },
	"Mania_Ray_0x11":  { "File": "Rayven.bmp", "Rect": "8,64,40,40", "Center": "20,19" },
	"Mania_Ray_0x12":  { "File": "Rayven.bmp", "Rect": "64,64,40,40", "Center": "20,19" },
	"Mania_Ray_0x13":  { "File": "Rayven.bmp", "Rect": "120,68,40,32", "Center": "20,11" },
	"Mania_Ray_0x14":  { "File": "Rayven.bmp", "Rect": "176,68,40,32", "Center": "20,13" },
	"Mania_Ray_0x15":  { "File": "Rayven.bmp", "Rect": "232,64,40,40", "Center": "20,21" },
	"Mania_Ray_0x16":  { "File": "Rayven.bmp", "Rect": "288,64,40,40", "Center": "20,20" },
	"Mania_Ray_0x17":  { "File": "Rayven.bmp", "Rect": "344,68,40,32", "Center": "20,11" },
	"Mania_Ray_0x18":  { "File": "Rayven.bmp", "Rect": "400,68,40,32", "Center": "20,11" },
	"Mania_Ray_0x19":  { "File": "Rayven.bmp", "Rect": "452,64,48,40", "Center": "18,17" },
	"Mania_Ray_0x1a":  { "File": "Rayven.bmp", "Rect": "512,60,40,48", "Center": "16,25" },
	"Mania_Ray_0x1b":  { "File": "Rayven.bmp", "Rect": "568,64,40,40", "Center": "19,17" },
	"Mania_Ray_0x1c":  { "File": "Rayven.bmp", "Rect": "624,60,40,48", "Center": "16,25" },
	"Mania_Ray_0x1d":  { "File": "Rayven.bmp", "Rect": "676,64,48,40", "Center": "17,18" },
	"Mania_Ray_0x1e":  { "File": "Rayven.bmp", "Rect": "732,60,48,48", "Center": "17,24" },
	"Mania_Ray_0x1f":  { "File": "Rayven.bmp", "Rect": "792,64,40,40", "Center": "18,18" },
	"Mania_Ray_0x20":  { "File": "Rayven.bmp", "Rect": "848,64,40,40", "Center": "18,18" },
	"Mania_Ray_0x21":  { "File": "Rayven.bmp", "Rect": "315,0,42,38", "Center": "26,18" },
	"Mania_Ray_0x22":  { "File": "Rayven.bmp", "Rect": "363,0,43,38", "Center": "27,18" },
	"Mania_Ray_0x23":  { "File": "Rayven.bmp", "Rect": "412,0,37,38", "Center": "21,18" },
	"Mania_Ray_0x24":  { "File": "Rayven.bmp", "Rect": "455,0,38,38", "Center": "22,18" },
	"Mania_Ray_0x25":  { "File": "Rayven.bmp", "Rect": "232,120,40,40", "Center": "19,17" },
	"Mania_Ray_0x26":  { "File": "Rayven.bmp", "Rect": "292,120,32,40", "Center": "16,18" },
	"Mania_Ray_0x27":  { "File": "Rayven.bmp", "Rect": "344,120,40,40", "Center": "19,17" },
	"Mania_Ray_0x28":  { "File": "Rayven.bmp", "Rect": "404,120,32,40", "Center": "16,18" },
	"Mania_Ray_0x29":  { "File": "Rayven.bmp", "Rect": "456,124,40,32", "Center": "20,16" },
	"Mania_Ray_0x2a":  { "File": "Rayven.bmp", "Rect": "0,124,42,32", "Center": "20,16" },
	"Mania_Ray_0x2b":  { "File": "Rayven.bmp", "Rect": "0,124,98,32", "Center": "20,16" },
	"Mania_Ray_0x2c":  { "File": "Rayven.bmp", "Rect": "0,124,154,32", "Center": "20,16" },
	"Mania_Ray_0x2d":  { "File": "Rayven.bmp", "Rect": "0,120,210,40", "Center": "18,22" },
	"Mania_Ray_0x2e":  { "File": "Rayven.bmp", "Rect": "0,124,266,32", "Center": "19,17" },
	"Mania_Ray_0x2f":  { "File": "Rayven.bmp", "Rect": "0,120,322,40", "Center": "18,22" },
	"Mania_Ray_0x30":  { "File": "Rayven.bmp", "Rect": "0,124,378,32", "Center": "19,17" },
	"Mania_Ray_0x31":  { "File": "Rayven.bmp", "Rect": "0,43,27,39", "Center": "14,19" },
	"Mania_Ray_0x32":  { "File": "Rayven.bmp", "Rect": "28,43,29,36", "Center": "14,16" },
	"Mania_Ray_0x33":  { "File": "Rayven.bmp", "Rect": "58,43,26,28", "Center": "10,14" },
	"Mania_Ray_0x34":  { "File": "Rayven.bmp", "Rect": "85,43,28,31", "Center": "13,13" },
	"Mania_Ray_0x35":  { "File": "Rayven.bmp", "Rect": "114,43,26,30", "Center": "12,10" },
	"Mania_Ray_0x36":  { "File": "Rayven.bmp", "Rect": "141,43,30,38", "Center": "15,15" },
	"Mania_Ray_0x37":  { "File": "Rayven.bmp", "Rect": "172,43,32,37", "Center": "15,15" },
	"Mania_Ray_0x38":  { "File": "Rayven.bmp", "Rect": "205,43,28,38", "Center": "14,16" },
	"Mania_Ray_0x39":  { "File": "Rayven.bmp", "Rect": "234,43,32,34", "Center": "15,15" },
	"Mania_Ray_0x3a":  { "File": "Rayven.bmp", "Rect": "267,43,28,33", "Center": "12,12" },
	"Mania_Ray_0x3b":  { "File": "Rayven.bmp", "Rect": "296,43,26,30", "Center": "10,10" },
	"Mania_Ray_0x3c":  { "File": "Rayven.bmp", "Rect": "323,43,31,36", "Center": "13,16" },
	"Mania_Ray_0x3d":  { "File": "Rayven.bmp", "Rect": "0,83,20,36", "Center": "9,17" },
	"Mania_Ray_0x3e":  { "File": "Rayven.bmp", "Rect": "21,83,23,30", "Center": "11,15" },
	"Mania_Ray_0x3f":  { "File": "Rayven.bmp", "Rect": "45,83,22,23", "Center": "10,12" },
	"Mania_Ray_0x40":  { "File": "Rayven.bmp", "Rect": "68,83,18,24", "Center": "8,14" },
	"Mania_Ray_0x41":  { "File": "Rayven.bmp", "Rect": "87,83,20,36", "Center": "8,19" },
	"Mania_Ray_0x42":  { "File": "Rayven.bmp", "Rect": "108,83,23,39", "Center": "11,20" },
	"Mania_Ray_0x43":  { "File": "Rayven.bmp", "Rect": "132,83,24,36", "Center": "12,20" },
	"Mania_Ray_0x44":  { "File": "Rayven.bmp", "Rect": "157,83,20,29", "Center": "9,17" },
	"Mania_Ray_0x45":  { "File": "Rayven.bmp", "Rect": "178,83,19,20", "Center": "7,12" },
	"Mania_Ray_0x46":  { "File": "Rayven.bmp", "Rect": "198,83,19,29", "Center": "8,14" },
	"Mania_Ray_0x47":  { "File": "Rayven.bmp", "Rect": "218,83,19,36", "Center": "8,17" },
	"Mania_Ray_0x48":  { "File": "Rayven.bmp", "Rect": "238,83,20,40", "Center": "9,18" },
	"Mania_Ray_0x49":  { "File": "Rayven.bmp", "Rect": "0,136,40,40", "Center": "20,24" },
	"Mania_Ray_0x4a":  { "File": "Rayven.bmp", "Rect": "60,132,32,48", "Center": "14,22" },
	"Mania_Ray_0x4b":  { "File": "Rayven.bmp", "Rect": "117,141,32,32", "Center": "16,21" },
	"Mania_Ray_0x4c":  { "File": "Rayven.bmp", "Rect": "173,142,32,32", "Center": "13,15" },
	"Mania_Ray_0x4d":  { "File": "Rayven.bmp", "Rect": "228,140,32,32", "Center": "13,18" },
	"Mania_Ray_0x4e":  { "File": "Rayven.bmp", "Rect": "284,140,32,32", "Center": "18,14" },
	"Mania_Ray_0x4f":  { "File": "Rayven.bmp", "Rect": "336,136,40,40", "Center": "22,22" },
	"Mania_Ray_0x50":  { "File": "Rayven.bmp", "Rect": "393,137,40,40", "Center": "21,20" },
	"Mania_Ray_0x51":  { "File": "Rayven.bmp", "Rect": "13,196,32,32", "Center": "17,19" },
	"Mania_Ray_0x52":  { "File": "Rayven.bmp", "Rect": "69,194,32,36", "Center": "14,17" },
	"Mania_Ray_0x53":  { "File": "Rayven.bmp", "Rect": "119,196,40,36", "Center": "24,19" },
	"Mania_Ray_0x54":  { "File": "Rayven.bmp", "Rect": "175,197,40,32", "Center": "17,16" },
	"Mania_Ray_0x55":  { "File": "Rayven.bmp", "Rect": "0,341,29,39", "Center": "18,19" },
	"Mania_Ray_0x56":  { "File": "Rayven.bmp", "Rect": "30,341,31,39", "Center": "17,19" },
	"Mania_Ray_0x57":  { "File": "Rayven.bmp", "Rect": "62,341,25,39", "Center": "13,19" },
	"Mania_Ray_0x58":  { "File": "Rayven.bmp", "Rect": "88,341,19,39", "Center": "10,19" },
	"Mania_Ray_0x59":  { "File": "Rayven.bmp", "Rect": "108,341,24,39", "Center": "12,19" },
	"Mania_Ray_0x5a":  { "File": "Rayven.bmp", "Rect": "133,341,21,39", "Center": "11,19" },
	"Mania_Ray_0x5b":  { "File": "Rayven.bmp", "Rect": "155,341,19,39", "Center": "10,19" },
	"Mania_Ray_0x5c":  { "File": "Rayven.bmp", "Rect": "177,575,50,23", "Center": "21,12" },
	"Mania_Ray_0x5d":  { "File": "Rayven.bmp", "Rect": "228,575,41,29", "Center": "4,15" },
	"Mania_Ray_0x5e":  { "File": "Rayven.bmp", "Rect": "270,575,41,23", "Center": "31,12" },
	"Mania_Ray_0x5f":  { "File": "Rayven.bmp", "Rect": "312,575,50,21", "Center": "28,11" },
	"Mania_Ray_0x60":  { "File": "Rayven.bmp", "Rect": "363,575,42,21", "Center": "20,11" },
	"Mania_Ray_0x61":  { "File": "Rayven.bmp", "Rect": "406,575,35,23", "Center": "28,12" },
	"Mania_Ray_0x62":  { "File": "Rayven.bmp", "Rect": "177,575,50,23", "Center": "21,12" },
	"Mania_Ray_0x63":  { "File": "Rayven.bmp", "Rect": "177,619,23,50", "Center": "12,25" },
	"Mania_Ray_0x64":  { "File": "Rayven.bmp", "Rect": "201,619,29,41", "Center": "15,15" },
	"Mania_Ray_0x65":  { "File": "Rayven.bmp", "Rect": "231,619,23,41", "Center": "12,22" },
	"Mania_Ray_0x66":  { "File": "Rayven.bmp", "Rect": "255,619,21,50", "Center": "11,25" },
	"Mania_Ray_0x67":  { "File": "Rayven.bmp", "Rect": "277,619,21,42", "Center": "11,26" },
	"Mania_Ray_0x68":  { "File": "Rayven.bmp", "Rect": "299,619,23,35", "Center": "12,14" },
	"Mania_Ray_0x69":  { "File": "Rayven.bmp", "Rect": "16,774,32,40", "Center": "16,20" },
	"Mania_Ray_0x6a":  { "File": "Rayven.bmp", "Rect": "72,774,32,40", "Center": "16,20" },
	"Mania_Ray_0x6b":  { "File": "Rayven.bmp", "Rect": "128,777,32,32", "Center": "21,20" },
	"Mania_Ray_0x6c":  { "File": "Rayven.bmp", "Rect": "0,732,38,30", "Center": "22,14" },
	"Mania_Ray_0x6d":  { "File": "Rayven.bmp", "Rect": "40,731,37,32", "Center": "22,15" },
	"Mania_Ray_0x6e":  { "File": "Rayven.bmp", "Rect": "83,731,38,28", "Center": "22,14" },
	"Mania_Ray_0x6f":  { "File": "Rayven.bmp", "Rect": "126,729,34,32", "Center": "19,17" },
	"Mania_Ray_0x70":  { "File": "Rayven.bmp", "Rect": "163,731,33,28", "Center": "21,16" },
	"Mania_Ray_0x71":  { "File": "Rayven.bmp", "Rect": "199,732,30,26", "Center": "20,16" },
	"Mania_Ray_0x72":  { "File": "Rayven.bmp", "Rect": "232,730,36,31", "Center": "20,18" },
	"Mania_Ray_0x73":  { "File": "Rayven.bmp", "Rect": "275,733,39,27", "Center": "20,13" },
	"Mania_Ray_0x74":  { "File": "Rayven.bmp", "Rect": "321,732,36,29", "Center": "20,15" },
	"Mania_Ray_0x75":  { "File": "Rayven.bmp", "Rect": "362,733,28,26", "Center": "14,16" },
	"Mania_Ray_0x76":  { "File": "Rayven.bmp", "Rect": "394,732,31,28", "Center": "16,15" },
	"Mania_Ray_0x77":  { "File": "Rayven.bmp", "Rect": "427,733,30,26", "Center": "15,14" },
	"Mania_Ray_0x78":  { "File": "Rayven.bmp", "Rect": "335,240,40,41", "Center": "20,25" },
	"Mania_Ray_0x79":  { "File": "Rayven.bmp", "Rect": "452,400,48,40", "Center": "31,26" },
	"Mania_Ray_0x7a":  { "File": "Rayven.bmp", "Rect": "508,400,48,40", "Center": "26,23" },
	"Mania_Ray_0x7b":  { "File": "Rayven.bmp", "Rect": "568,396,40,48", "Center": "27,18" },
	"Mania_Ray_0x7c":  { "File": "Rayven.bmp", "Rect": "624,396,40,48", "Center": "23,22" },
	"Mania_Ray_0x7d":  { "File": "Rayven.bmp", "Rect": "676,400,48,40", "Center": "20,13" },
	"Mania_Ray_0x7e":  { "File": "Rayven.bmp", "Rect": "732,400,48,40", "Center": "23,17" },
	"Mania_Ray_0x7f":  { "File": "Rayven.bmp", "Rect": "792,396,40,48", "Center": "13,28" },
	"Mania_Ray_0x80":  { "File": "Rayven.bmp", "Rect": "0,240,44,35", "Center": "28,23" },
	"Mania_Ray_0x81":  { "File": "Rayven.bmp", "Rect": "45,240,42,34", "Center": "28,22" },
	"Mania_Ray_0x82":  { "File": "Rayven.bmp", "Rect": "88,240,38,37", "Center": "22,22" },
	"Mania_Ray_0x83":  { "File": "Rayven.bmp", "Rect": "127,240,47,37", "Center": "32,22" },
	"Mania_Ray_0x84":  { "File": "Rayven.bmp", "Rect": "175,240,36,44", "Center": "29,23" },
	"Mania_Ray_0x85":  { "File": "Rayven.bmp", "Rect": "212,240,40,42", "Center": "28,23" },
	"Mania_Ray_Tail_Hang":  { "File": "Rayven.bmp", "Rect": "41,276,29,52", "Center": "19,25" },
	"Mania_Ray_0x86":  { "File": "Rayven.bmp", "Rect": "175,341,30,27", "Center": "10,7" },
	"Mania_Ray_0x87":  { "File": "Rayven.bmp", "Rect": "206,341,29,27", "Center": "10,7" },
	"Mania_Ray_0x88":  { "File": "Rayven.bmp", "Rect": "236,341,29,27", "Center": "10,7" },
	"Mania_Ray_0x89":  { "File": "Rayven.bmp", "Rect": "266,341,29,27", "Center": "10,7" },
	"Mania_Ray_0x8a":  { "File": "Rayven.bmp", "Rect": "296,341,29,27", "Center": "10,7" },
	"Mania_Ray_0x8b":  { "File": "Rayven.bmp", "Rect": "326,341,29,27", "Center": "10,7" },
	"Mania_Ray_0x8c":  { "File": "Rayven.bmp", "Rect": "30,381,42,34", "Center": "24,15" },
	"Mania_Ray_0x8d":  { "File": "Rayven.bmp", "Rect": "73,381,42,33", "Center": "23,15" },
	"Mania_Ray_0x8e":  { "File": "Rayven.bmp", "Rect": "261,416,29,44", "Center": "17,23" },
	"Mania_Ray_0x8f":  { "File": "Rayven.bmp", "Rect": "291,416,36,33", "Center": "20,17" },
	"Mania_Ray_0x90":  { "File": "Rayven.bmp", "Rect": "253,240,40,41", "Center": "19,24" },
	"Mania_Ray_0x91":  { "File": "Rayven.bmp", "Rect": "0,276,40,41", "Center": "19,24" },
	"Mania_Ray_0x92":  { "File": "Rayven.bmp", "Rect": "294,240,40,41", "Center": "19,24" },
	"Mania_Ray_0x93":  { "File": "Rayven.bmp", "Rect": "326,295,32,33", "Center": "20,24" },
	"Mania_Ray_0x94":  { "File": "Rayven.bmp", "Rect": "382,243,31,50", "Center": "16,25" },
	"Mania_Ray_0x95":  { "File": "Rayven.bmp", "Rect": "440,243,25,50", "Center": "13,25" },
	"Mania_Ray_0x96":  { "File": "Rayven.bmp", "Rect": "356,341,30,30", "Center": "15,15" },
	"Mania_Ray_0x97":  { "File": "Rayven.bmp", "Rect": "387,341,30,30", "Center": "15,15" },
	"Mania_Ray_0x98":  { "File": "Rayven.bmp", "Rect": "418,341,30,30", "Center": "15,15" },
	"Mania_Ray_0x99":  { "File": "Rayven.bmp", "Rect": "449,341,30,30", "Center": "15,15" },
	"Mania_Ray_0x9a":  { "File": "Rayven.bmp", "Rect": "480,341,30,30", "Center": "15,15" },
	"Mania_Ray_0x9b":  { "File": "Rayven.bmp", "Rect": "222,502,33,36", "Center": "16,16" },
	"Mania_Ray_0x9c":  { "File": "Rayven.bmp", "Rect": "291,502,35,28", "Center": "13,8" },
	"Mania_Ray_0x9d":  { "File": "Rayven.bmp", "Rect": "328,416,27,42", "Center": "14,22" },
	"Mania_Ray_0x9e":  { "File": "Rayven.bmp", "Rect": "356,416,29,42", "Center": "15,22" },
	"Mania_Ray_0x9f":  { "File": "Rayven.bmp", "Rect": "386,416,31,42", "Center": "16,22" },
	"Mania_Ray_0xa0":  { "File": "Rayven.bmp", "Rect": "418,416,33,42", "Center": "16,22" },
	"Mania_Ray_0xa1":  { "File": "Rayven.bmp", "Rect": "32,162,30,30", "Center": "15,15" },
	"Mania_Ray_0xa4":  { "File": "Rayven.bmp", "Rect": "251,461,39,36", "Center": "23,16" },
	"Mania_Ray_0xa5":  { "File": "Rayven.bmp", "Rect": "291,461,34,39", "Center": "21,19" },
	"Mania_Ray_0xa6":  { "File": "Rayven.bmp", "Rect": "326,461,34,37", "Center": "21,17" },
	"Mania_Ray_0xa7":  { "File": "Rayven.bmp", "Rect": "189,369,36,46", "Center": "17,25" },
	"Mania_Ray_0xa8":  { "File": "Rayven.bmp", "Rect": "226,369,36,46", "Center": "17,25" },
	"Mania_Ray_0xa9":  { "File": "Rayven.bmp", "Rect": "301,369,36,41", "Center": "17,20" },
	"Mania_Ray_0xaa":  { "File": "Rayven.bmp", "Rect": "372,308,51,23", "Center": "26,12" },
	"Mania_Ray_0xab":  { "File": "Rayven.bmp", "Rect": "424,308,50,23", "Center": "26,12" },
	"Mania_Ray_0xac":  { "File": "Rayven.bmp", "Rect": "263,369,37,36", "Center": "19,17" },
	"Mania_Ray_0xb0":  { "File": "Rayven.bmp", "Rect": "361,461,37,34", "Center": "19,14" },
	"Mania_Ray_0xb1":  { "File": "Rayven.bmp", "Rect": "399,461,32,38", "Center": "16,18" },
	"Mania_Ray_0xb2":  { "File": "Rayven.bmp", "Rect": "432,461,32,38", "Center": "16,18" },
	"Mania_Ray_0xb3":  { "File": "Rayven.bmp", "Rect": "465,461,32,38", "Center": "16,18" },
	"Mania_Ray_0xb4":  { "File": "Rayven.bmp", "Rect": "452,372,24,56", "Center": "12,25" },
	"Mania_Ray_0xb5":  { "File": "Rayven.bmp", "Rect": "476,372,24,56", "Center": "12,25" },
	"Mania_Ray_0xb6":  { "File": "Rayven.bmp", "Rect": "351,502,31,38", "Center": "19,18" },
	"Mania_Ray_0xb7":  { "File": "Rayven.bmp", "Rect": "383,502,28,39", "Center": "16,19" },
	"Mania_Ray_0xb8":  { "File": "Rayven.bmp", "Rect": "412,502,29,38", "Center": "17,18" },
	"Mania_Ray_0xb9":  { "File": "Rayven.bmp", "Rect": "442,502,28,39", "Center": "16,19" },
	"Mania_Ray_0xba":  { "File": "Rayven.bmp", "Rect": "327,502,23,39", "Center": "10,19" },
	"Mania_Ray_0xbb":  { "File": "Rayven.bmp", "Rect": "0,461,36,35", "Center": "15,15" },
	"Mania_Ray_0xbc":  { "File": "Rayven.bmp", "Rect": "37,461,33,36", "Center": "14,16" },
	"Mania_Ray_0xbd":  { "File": "Rayven.bmp", "Rect": "71,461,33,36", "Center": "14,16" },
	"Mania_Ray_0xbe":  { "File": "Rayven.bmp", "Rect": "105,461,34,36", "Center": "15,16" },
	"Mania_Ray_0xad":  { "File": "Rayven.bmp", "Rect": "140,461,29,39", "Center": "15,19" },
	"Mania_Ray_0xae":  { "File": "Rayven.bmp", "Rect": "140,461,29,39", "Center": "15,19" },
	"Mania_Ray_0xaf":  { "File": "Rayven.bmp", "Rect": "140,461,29,39", "Center": "15,19" },
	"Mania_Ray_0xd9":  { "File": "Rayven.bmp", "Rect": "170,461,29,39", "Center": "15,19" },
	"Mania_Ray_0xa2":  { "File": "Rayven.bmp", "Rect": "200,461,24,40", "Center": "15,20" },
	"Mania_Ray_0xa3":  { "File": "Rayven.bmp", "Rect": "225,461,25,36", "Center": "16,16" },
	"Mania_Ray_0xbf":  { "File": "Rayven.bmp", "Rect": "229,197,38,33", "Center": "21,18" },
	"Mania_Ray_0xc0":  { "File": "Rayven.bmp", "Rect": "268,197,37,33", "Center": "20,18" },
	"Mania_Ray_0xc1":  { "File": "Rayven.bmp", "Rect": "306,195,33,35", "Center": "17,17" },
	"Mania_Ray_0xc2":  { "File": "Rayven.bmp", "Rect": "340,194,33,36", "Center": "17,18" },
	"Mania_Ray_0xc3":  { "File": "Rayven.bmp", "Rect": "0,502,31,39", "Center": "18,19" },
	"Mania_Ray_0xc4":  { "File": "Rayven.bmp", "Rect": "125,501,30,40", "Center": "18,20" },
	"Mania_Ray_0xc5":  { "File": "Rayven.bmp", "Rect": "374,194,41,32", "Center": "20,17" },
	"Mania_Ray_0xc6":  { "File": "Rayven.bmp", "Rect": "416,194,41,23", "Center": "19,13" },
	"Mania_Ray_0xc7":  { "File": "Rayven.bmp", "Rect": "458,194,37,29", "Center": "19,16" },
	"Mania_Ray_0xc8":  { "File": "Rayven.bmp", "Rect": "0,542,44,28", "Center": "24,16" },
	"Mania_Ray_0xc9":  { "File": "Rayven.bmp", "Rect": "45,542,40,28", "Center": "19,16" },
	"Mania_Ray_0xca":  { "File": "Rayven.bmp", "Rect": "86,542,44,29", "Center": "22,17" },
	"Mania_Ray_0xcb":  { "File": "Rayven.bmp", "Rect": "131,542,40,28", "Center": "21,16" },
	"Mania_Ray_0xcc":  { "File": "Rayven.bmp", "Rect": "172,542,44,28", "Center": "20,16" },
	"Mania_Ray_0xcd":  { "File": "Rayven.bmp", "Rect": "217,542,40,30", "Center": "22,16" },
	"Mania_Ray_0xce":  { "File": "Rayven.bmp", "Rect": "258,542,38,27", "Center": "19,16" },
	"Mania_Ray_0xcf":  { "File": "Rayven.bmp", "Rect": "297,542,40,30", "Center": "18,16" },
	"Mania_Ray_0xd0":  { "File": "Rayven.bmp", "Rect": "0,622,42,34", "Center": "24,7" },
	"Mania_Ray_0xd1":  { "File": "Rayven.bmp", "Rect": "43,622,42,33", "Center": "23,7" },
	"Mania_Ray_0xd2":  { "File": "Rayven.bmp", "Rect": "0,575,31,30", "Center": "19,9" },
	"Mania_Ray_0xd3":  { "File": "Rayven.bmp", "Rect": "32,575,34,43", "Center": "21,22" },
	"Mania_Ray_0xd4":  { "File": "Rayven.bmp", "Rect": "67,575,35,46", "Center": "22,24" },
	"Mania_Ray_0xd5":  { "File": "Rayven.bmp", "Rect": "103,575,36,44", "Center": "22,23" },
	"Mania_Ray_0xd6":  { "File": "Rayven.bmp", "Rect": "140,575,36,44", "Center": "22,23" },
	"Mania_Ray_0xd7":  { "File": "Rayven.bmp", "Rect": "30,381,42,34", "Center": "24,15" },
	"Mania_Ray_0xd8":  { "File": "Rayven.bmp", "Rect": "73,381,42,33", "Center": "23,15" },
	"Mania_Ray_0xde":  { "File": "Rayven.bmp", "Rect": "740,736,32,40", "Center": "16,20" },
	"Mania_Ray_0xdf":  { "File": "Rayven.bmp", "Rect": "323,650,29,36", "Center": "19,13" },
	"Mania_Ray_0xe0":  { "File": "Rayven.bmp", "Rect": "353,650,29,25", "Center": "19,9" },
	"Mania_Ray_0xe1":  { "File": "Rayven.bmp", "Rect": "383,651,30,24", "Center": "20,9" },
	"Mania_Ray_0xe2":  { "File": "Rayven.bmp", "Rect": "414,650,28,31", "Center": "18,15" },
	"Mania_Ray_0xe3":  { "File": "Rayven.bmp", "Rect": "443,650,26,35", "Center": "17,17" },
	"Mania_Ray_0xe4":  { "File": "Rayven.bmp", "Rect": "79,289,25,47", "Center": "12,23" },
	"Mania_Ray_0xe5":  { "File": "Rayven.bmp", "Rect": "114,289,31,47", "Center": "12,23" },
	"Mania_Ray_0xe6":  { "File": "Rayven.bmp", "Rect": "155,289,24,47", "Center": "12,23" },
	"Mania_Ray_0xe7":  { "File": "Rayven.bmp", "Rect": "191,289,23,47", "Center": "12,23" },
	"Mania_Ray_0xe8":  { "File": "Rayven.bmp", "Rect": "225,290,23,47", "Center": "12,23" },
	"Mania_Ray_0xe9":  { "File": "Rayven.bmp", "Rect": "256,290,22,47", "Center": "12,23" },
	"Mania_Ray_0xea":  { "File": "Rayven.bmp", "Rect": "286,290,23,47", "Center": "12,23" },
	"Mania_Ray_0xda":  { "File": "Rayven.bmp", "Rect": "259,84,45,35", "Center": "26,15" },
	"Mania_Ray_0xdb":  { "File": "Rayven.bmp", "Rect": "305,84,43,35", "Center": "24,15" },
	"Mania_Ray_0xdc":  { "File": "Rayven.bmp", "Rect": "349,84,40,35", "Center": "21,15" },
	"Mania_Ray_0xdd":  { "File": "Rayven.bmp", "Rect": "390,84,42,35", "Center": "23,15" },
	"Mania_Ray_0xef":  { "File": "Rayven.bmp", "Rect": "0,684,32,39", "Center": "18,22" },
	"Mania_Ray_0xf0":  { "File": "Rayven.bmp", "Rect": "33,684,28,39", "Center": "15,22" },
	"Mania_Ray_0xf1":  { "File": "Rayven.bmp", "Rect": "62,684,23,39", "Center": "13,22" },
	"Mania_Ray_0xf2":  { "File": "Rayven.bmp", "Rect": "86,684,21,39", "Center": "12,22" },
	"Mania_Ray_0xf3":  { "File": "Rayven.bmp", "Rect": "108,684,23,39", "Center": "11,22" },
	"Mania_Ray_0xf4":  { "File": "Rayven.bmp", "Rect": "132,684,29,39", "Center": "14,22" },
	"Mania_Ray_0xf5":  { "File": "Rayven.bmp", "Rect": "162,684,33,39", "Center": "16,22" },
	"Mania_Ray_0xf6":  { "File": "Rayven.bmp", "Rect": "196,684,31,39", "Center": "14,22" },
	"Mania_Ray_0xf7":  { "File": "Rayven.bmp", "Rect": "228,684,23,39", "Center": "12,22" },
	"Mania_Ray_0xf8":  { "File": "Rayven.bmp", "Rect": "252,684,21,40", "Center": "10,23" },
	"Mania_Ray_0xf9":  { "File": "Rayven.bmp", "Rect": "274,684,20,39", "Center": "9,22" },
	"Mania_Ray_0xfa":  { "File": "Rayven.bmp", "Rect": "295,684,25,39", "Center": "15,22" },
	"Mania_Boost_0":  { "File": "Rayven.bmp", "Rect": "342,780,33,34", "Center": "20,18" },
	"Mania_Boost_1":  { "File": "Rayven.bmp", "Rect": "382,780,33,34", "Center": "21,19" },
	"Mania_Boost_2":  { "File": "Rayven.bmp", "Rect": "419,780,33,34", "Center": "21,20" }
}