{
	"Ray_ESU_Conflict_0":  { "File": "RayConflict.png", "Rect": "12,128,78,90", "Center": "39,45" },
	"Ray_ESU_Conflict_1":  { "File": "RayConflict.png", "Rect": "97,128,80,90", "Center": "41,45" },

	"Ray_ESU_Conflict_red_0":  { "File": "RayConflict.png", "Rect": "193,262,78,90", "Center": "39,45" },
	"Ray_ESU_Conflict_red_1":  { "File": "RayConflict.png", "Rect": "278,262,80,90", "Center": "41,45" },

	"Ray_Logo":  { "File": "RayConflict.png", "Rect": "193,201,35,45", "Center": "17,22" }
}