{
	// Used

	// S3 Ray
	"character_slot2_tails_0x23":  { "File": "character_ray.bmp", "Rect": "513,17,21,29", "Center": "22,11" },
	"character_slot2_tails_0x24":  { "File": "character_ray.bmp", "Rect": "571,17,19,29", "Center": "20,11" },
	"character_slot2_tails_0x25":  { "File": "character_ray.bmp", "Rect": "626,17,20,29", "Center": "21,11" },
	"character_slot2_tails_0x26":  { "File": "character_ray.bmp", "Rect": "456,17,22,29", "Center": "23,11" },

	// Mania Ray
	"character_Mania_tails_0x22":  { "File": "Rayven.bmp", "Rect": "175,764,16,32", "Center": "19,19" },
	"character_Mania_tails_0x23":  { "File": "Rayven.bmp", "Rect": "175,803,16,32", "Center": "19,19" },
	"character_Mania_tails_0x24":  { "File": "Rayven.bmp", "Rect": "208,803,16,32", "Center": "20,19" },
	"character_Mania_tails_0x25":  { "File": "Rayven.bmp", "Rect": "242,803,16,32", "Center": "20,19" },
	"character_Mania_tails_0x26":  { "File": "Rayven.bmp", "Rect": "276,803,16,32", "Center": "20,19" },

	"character_slot2_tails_0x27":  { "File": "character_ray.bmp", "Rect": "68,3,11,7", "Center": "18,-3" },
	"character_slot2_tails_0x28":  { "File": "character_ray.bmp", "Rect": "115,2,5,16", "Center": "15,0" },
	"character_slot2_tails_0x29":  { "File": "character_ray.bmp", "Rect": "1,1,1,1", "Center": "20,15" },
	"character_slot2_tails_0x2a":  { "File": "character_ray.bmp", "Rect": "1,1,1,1", "Center": "20,15" },
	"character_slot2_tails_0x2b":  { "File": "character_ray.bmp", "Rect": "1,1,1,1", "Center": "20,15" },
	"character_slot2_tails_0x2c":  { "File": "character_ray.bmp", "Rect": "1,1,1,1", "Center": "20,15" }
}