{

	"Spin_0": { "File": "Secret Boss/SecretBoss.bmp", "Rect": "53,1,42,42", "Center": "21,16" },
	"Spin_1": { "File": "Secret Boss/SecretBoss.bmp", "Rect": "98,1,40,42", "Center": "20,16" },
	"Spin_2": { "File": "Secret Boss/SecretBoss.bmp", "Rect": "167,1,39,42", "Center": "19,16" },

	"Eye_L": { "File": "Secret Boss/SecretBoss.bmp", "Rect": "66,50,14,6", "Center": "9,-14" },
	"Eye_R": { "File": "Secret Boss/SecretBoss.bmp", "Rect": "81,50,14,6", "Center": "5,-14" },

	"Broken_0": { "File": "Secret Boss/SecretBoss_Broken.bmp", "Rect": "0,0,21,21", "Center": "10,10" },
	"Broken_1": { "File": "Secret Boss/SecretBoss_Broken.bmp", "Rect": "43,0,21,21", "Center": "10,10" },
	"Broken_2": { "File": "Secret Boss/SecretBoss_Broken.bmp", "Rect": "0,43,21,21", "Center": "10,10" },
	"Broken_3": { "File": "Secret Boss/SecretBoss_Broken.bmp", "Rect": "43,43,21,21", "Center": "10,10" },

	"Blinky_Blue": { "File": "Secret Boss/SecretBoss.bmp", "Rect": "207,32,30,6", "Center": "15,-31" },
	"Blinky_Pink": { "File": "Secret Boss/SecretBoss.bmp", "Rect": "207,40,30,6", "Center": "15,-31" },

	"spiku": { "File": "Secret Boss/Secret_Ice.bmp", "Rect": "0,0,16,32", "Center": "8,16" }
}