{
	"shc_Mighty_splash_frame_00": { "File": "ESU_SHC/shc_Mighty_splash_frame_00.bmp", "Rect": "0,0,320,240", "Center": "160,120" },
	"shc_Mighty_splash_frame_01": { "File": "ESU_SHC/shc_Mighty_splash_frame_01.bmp", "Rect": "0,0,320,240", "Center": "160,120" },
	"shc_Mighty_splash_frame_02": { "File": "ESU_SHC/shc_Mighty_splash_frame_02.bmp", "Rect": "0,0,320,240", "Center": "160,120" },

	"shc_Ray_splash_frame_00": { "File": "ESU_SHC/shc_Ray_splash_frame_00.bmp", "Rect": "0,0,320,240", "Center": "160,120" },
	"shc_Ray_splash_frame_01": { "File": "ESU_SHC/shc_Ray_splash_frame_01.bmp", "Rect": "0,0,320,240", "Center": "160,120" },
	"shc_Ray_splash_frame_02": { "File": "ESU_SHC/shc_Ray_splash_frame_02.bmp", "Rect": "0,0,320,240", "Center": "160,120" },

	"shc_Amy_splash_frame_00": { "File": "ESU_SHC/shc_Amy_splash_frame_00.bmp", "Rect": "0,0,320,240", "Center": "160,120" },
	"shc_Amy_splash_frame_01": { "File": "ESU_SHC/shc_Amy_splash_frame_01.bmp", "Rect": "0,0,320,240", "Center": "160,120" },
	"shc_Amy_splash_frame_02": { "File": "ESU_SHC/shc_Amy_splash_frame_02.bmp", "Rect": "0,0,320,240", "Center": "160,120" }
}
