{
	"bluesphere_cream_0x01":  { "File": "bluespheres_cream.png", "Rect": "2,2,70,70", "Center": "35,56" },
	"bluesphere_cream_0x02":  { "File": "bluespheres_cream.png", "Rect": "74,2,70,70", "Center": "35,54" },
	"bluesphere_cream_0x03":  { "File": "bluespheres_cream.png", "Rect": "366,2,70,70", "Center": "36,51" },
	"bluesphere_cream_0x04":  { "File": "bluespheres_cream.png", "Rect": "2,74,70,70", "Center": "38,51" },
	"bluesphere_cream_0x05":  { "File": "bluespheres_cream.png", "Rect": "74,74,70,70", "Center": "40,52" },
	"bluesphere_cream_0x06":  { "File": "bluespheres_cream.png", "Rect": "147,2,70,70", "Center": "36,51" },
	"bluesphere_cream_0x07":  { "File": "bluespheres_cream.png", "Rect": "220,2,70,70", "Center": "35,51" },
	"bluesphere_cream_0x08":  { "File": "bluespheres_cream.png", "Rect": "293,2,70,70", "Center": "37,52" },
	"bluesphere_cream_0x09":  { "File": "bluespheres_cream.png", "Rect": "147,74,70,70", "Center": "35,55" },
	"bluesphere_cream_0x0a":  { "File": "bluespheres_cream.png", "Rect": "220,74,70,70", "Center": "35,55" },
	"bluesphere_cream_0x0b":  { "File": "bluespheres_cream.png", "Rect": "293,74,70,70", "Center": "35,55" },
	"bluesphere_cream_tails_0x01":  { "File": "bluespheres_cream.png", "Rect": "2,146,50,50", "Center": "24,37" },
	"bluesphere_cream_tails_0x02":  { "File": "bluespheres_cream.png", "Rect": "54,146,50,50", "Center": "19,29" },
	"bluesphere_cream_tails_0x03":  { "File": "bluespheres_cream.png", "Rect": "106,146,50,50", "Center": "22,29" },
	"bluesphere_cream_tails_0x04":  { "File": "bluespheres_cream.png", "Rect": "158,146,50,50", "Center": "25,29" },
	"bluesphere_cream_tails_0x05":  { "File": "bluespheres_cream.png", "Rect": "210,146,50,50", "Center": "26,31" },
	"bluesphere_cream_tails_0x06":  { "File": "bluespheres_cream.png", "Rect": "262,146,50,50", "Center": "28,34" },
	"bluesphere_cream_tails_0x07":  { "File": "bluespheres_cream.png", "Rect": "314,146,50,50", "Center": "25,34" },
	"bluesphere_cream_tails_0x08":  { "File": "bluespheres_cream.png", "Rect": "366,146,50,50", "Center": "26,34" },
	"bluesphere_cream_tails_0x09":  { "File": "bluespheres_cream.png", "Rect": "2,198,50,50", "Center": "31,27" },
	"bluesphere_cream_tails_0x0a":  { "File": "bluespheres_cream.png", "Rect": "54,198,50,50", "Center": "28,25" },
	"bluesphere_cream_tails_0x0b":  { "File": "bluespheres_cream.png", "Rect": "106,198,50,50", "Center": "25,29" },
	"bluesphere_cream_tails_0x0c":  { "File": "bluespheres_cream.png", "Rect": "158,198,50,50", "Center": "24,33" },
	"bluesphere_cream_tails_0x0d":  { "File": "bluespheres_cream.png", "Rect": "210,198,50,50", "Center": "22,37" },
	"bluesphere_cream_tails_0x0e":  { "File": "bluespheres_cream.png", "Rect": "262,198,50,50", "Center": "25,38" }
}