{
	"bluesphere_sonic_0x01":  { "File": "bluesphere_sonic.bmp", "Rect": "0,7,49,41", "Center": "25,36" },
	"bluesphere_sonic_0x02":  { "File": "bluesphere_sonic.bmp", "Rect": "49,3,49,49", "Center": "25,44" },
	"bluesphere_sonic_0x03":  { "File": "bluesphere_sonic.bmp", "Rect": "98,0,49,56", "Center": "27,44" },
	"bluesphere_sonic_0x04":  { "File": "bluesphere_sonic.bmp", "Rect": "147,0,50,56", "Center": "28,44" },
	"bluesphere_sonic_0x05":  { "File": "bluesphere_sonic.bmp", "Rect": "197,0,47,56", "Center": "29,43" },
	"bluesphere_sonic_0x06":  { "File": "bluesphere_sonic.bmp", "Rect": "244,0,49,56", "Center": "22,44" },
	"bluesphere_sonic_0x07":  { "File": "bluesphere_sonic.bmp", "Rect": "293,0,50,56", "Center": "22,44" },
	"bluesphere_sonic_0x08":  { "File": "bluesphere_sonic.bmp", "Rect": "343,0,47,56", "Center": "18,43" },
	"bluesphere_sonic_0x09":  { "File": "bluesphere_sonic.bmp", "Rect": "390,12,32,32", "Center": "14,38" },
	"bluesphere_sonic_0x0a":  { "File": "bluesphere_sonic.bmp", "Rect": "419,12,32,32", "Center": "17,38" },
	"bluesphere_sonic_0x0b":  { "File": "bluesphere_sonic.bmp", "Rect": "451,12,32,32", "Center": "17,38" }
}