{
	"character_sonic_0x01":  { "File": "character_sonic.bmp", "Rect": "1,6,48,42", "Center": "25,22" },
	"character_sonic_0x02":  { "File": "character_sonic.bmp", "Rect": "56,6,48,42", "Center": "25,22" },
	"character_sonic_0x03":  { "File": "character_sonic.bmp", "Rect": "123,6,33,42", "Center": "19,22" },
	"character_sonic_0x04":  { "File": "character_sonic.bmp", "Rect": "172,6,44,42", "Center": "24,22" },
	"character_sonic_0x05":  { "File": "character_sonic.bmp", "Rect": "224,6,49,42", "Center": "26,22" },
	"character_sonic_0x06":  { "File": "character_sonic.bmp", "Rect": "279,6,49,42", "Center": "26,22" },
	"character_sonic_0x07":  { "File": "character_sonic.bmp", "Rect": "348,6,32,42", "Center": "18,22" },
	"character_sonic_0x08":  { "File": "character_sonic.bmp", "Rect": "397,6,44,42", "Center": "23,22" },
	"character_sonic_0x09":  { "File": "character_sonic.bmp", "Rect": "455,4,41,48", "Center": "23,24" },
	"character_sonic_0x0a":  { "File": "character_sonic.bmp", "Rect": "508,7,48,41", "Center": "23,20" },
	"character_sonic_0x0b":  { "File": "character_sonic.bmp", "Rect": "566,6,44,45", "Center": "23,20" },
	"character_sonic_0x0c":  { "File": "character_sonic.bmp", "Rect": "620,6,48,44", "Center": "23,20" },
	"character_sonic_0x0d":  { "File": "character_sonic.bmp", "Rect": "679,4,41,48", "Center": "23,24" },
	"character_sonic_0x0e":  { "File": "character_sonic.bmp", "Rect": "732,4,48,48", "Center": "22,23" },
	"character_sonic_0x0f":  { "File": "character_sonic.bmp", "Rect": "789,5,45,46", "Center": "22,22" },
	"character_sonic_0x10":  { "File": "character_sonic.bmp", "Rect": "844,5,51,45", "Center": "22,22" },
	"character_sonic_0x11":  { "File": "character_sonic.bmp", "Rect": "7,64,41,40", "Center": "22,20" },
	"character_sonic_0x12":  { "File": "character_sonic.bmp", "Rect": "64,64,40,40", "Center": "21,22" },
	"character_sonic_0x13":  { "File": "character_sonic.bmp", "Rect": "120,65,40,38", "Center": "21,20" },
	"character_sonic_0x14":  { "File": "character_sonic.bmp", "Rect": "174,68,42,34", "Center": "23,18" },
	"character_sonic_0x15":  { "File": "character_sonic.bmp", "Rect": "230,64,42,40", "Center": "23,20" },
	"character_sonic_0x16":  { "File": "character_sonic.bmp", "Rect": "287,64,41,40", "Center": "21,22" },
	"character_sonic_0x17":  { "File": "character_sonic.bmp", "Rect": "344,63,40,41", "Center": "21,21" },
	"character_sonic_0x18":  { "File": "character_sonic.bmp", "Rect": "398,68,42,32", "Center": "22,18" },
	"character_sonic_0x19":  { "File": "character_sonic.bmp", "Rect": "452,64,48,40", "Center": "24,19" },
	"character_sonic_0x1a":  { "File": "character_sonic.bmp", "Rect": "511,62,41,48", "Center": "20,25" },
	"character_sonic_0x1b":  { "File": "character_sonic.bmp", "Rect": "565,64,47,44", "Center": "21,21" },
	"character_sonic_0x1c":  { "File": "character_sonic.bmp", "Rect": "622,62,45,49", "Center": "20,26" },
	"character_sonic_0x1d":  { "File": "character_sonic.bmp", "Rect": "676,66,48,41", "Center": "24,18" },
	"character_sonic_0x1e":  { "File": "character_sonic.bmp", "Rect": "732,60,48,49", "Center": "23,27" },
	"character_sonic_0x1f":  { "File": "character_sonic.bmp", "Rect": "789,62,47,45", "Center": "22,23" },
	"character_sonic_0x20":  { "File": "character_sonic.bmp", "Rect": "847,60,45,49", "Center": "22,27" },
	"character_sonic_0x21":  { "File": "character_sonic.bmp", "Rect": "2,120,49,43", "Center": "27,20" },
	"character_sonic_0x22":  { "File": "character_sonic.bmp", "Rect": "68,120,35,41", "Center": "18,21" },
	"character_sonic_0x23":  { "File": "character_sonic.bmp", "Rect": "113,120,49,43", "Center": "27,20" },
	"character_sonic_0x24":  { "File": "character_sonic.bmp", "Rect": "178,120,37,40", "Center": "19,20" },
	"character_sonic_0x25":  { "File": "character_sonic.bmp", "Rect": "232,120,40,40", "Center": "18,24" },
	"character_sonic_0x26":  { "File": "character_sonic.bmp", "Rect": "289,118,34,44", "Center": "19,22" },
	"character_sonic_0x27":  { "File": "character_sonic.bmp", "Rect": "344,120,40,40", "Center": "18,24" },
	"character_sonic_0x28":  { "File": "character_sonic.bmp", "Rect": "402,120,36,40", "Center": "19,22" },
	"character_sonic_0x29":  { "File": "character_sonic.bmp", "Rect": "456,116,40,48", "Center": "20,24" },
	"character_sonic_0x2a":  { "File": "character_sonic.bmp", "Rect": "512,122,40,36", "Center": "20,17" },
	"character_sonic_0x2b":  { "File": "character_sonic.bmp", "Rect": "568,116,40,48", "Center": "20,24" },
	"character_sonic_0x2c":  { "File": "character_sonic.bmp", "Rect": "624,122,40,37", "Center": "20,17" },
	"character_sonic_0x2d":  { "File": "character_sonic.bmp", "Rect": "680,118,40,42", "Center": "23,23" },
	"character_sonic_0x2e":  { "File": "character_sonic.bmp", "Rect": "733,124,44,34", "Center": "21,14" },
	"character_sonic_0x2f":  { "File": "character_sonic.bmp", "Rect": "792,119,40,42", "Center": "23,23" },
	"character_sonic_0x30":  { "File": "character_sonic.bmp", "Rect": "848,124,40,34", "Center": "21,15" },
	"character_sonic_0x31":  { "File": "character_sonic.bmp", "Rect": "9,174,33,42", "Center": "17,22" },
	"character_sonic_0x32":  { "File": "character_sonic.bmp", "Rect": "64,176,35,40", "Center": "17,22" },
	"character_sonic_0x33":  { "File": "character_sonic.bmp", "Rect": "119,179,33,33", "Center": "20,17" },
	"character_sonic_0x34":  { "File": "character_sonic.bmp", "Rect": "176,180,34,36", "Center": "19,17" },
	"character_sonic_0x35":  { "File": "character_sonic.bmp", "Rect": "229,180,32,34", "Center": "19,17" },
	"character_sonic_0x36":  { "File": "character_sonic.bmp", "Rect": "290,175,32,45", "Center": "17,23" },
	"character_sonic_0x37":  { "File": "character_sonic.bmp", "Rect": "347,176,36,43", "Center": "17,20" },
	"character_sonic_0x38":  { "File": "character_sonic.bmp", "Rect": "404,175,27,40", "Center": "16,19" },
	"character_sonic_0x39":  { "File": "character_sonic.bmp", "Rect": "459,179,32,34", "Center": "17,19" },
	"character_sonic_0x3a":  { "File": "character_sonic.bmp", "Rect": "516,177,32,35", "Center": "19,19" },
	"character_sonic_0x3b":  { "File": "character_sonic.bmp", "Rect": "571,174,29,42", "Center": "17,22" },
	"character_sonic_0x3c":  { "File": "character_sonic.bmp", "Rect": "624,174,32,42", "Center": "17,22" },
	"character_sonic_0x3d":  { "File": "character_sonic.bmp", "Rect": "685,172,28,48", "Center": "17,26" },
	"character_sonic_0x3e":  { "File": "character_sonic.bmp", "Rect": "738,176,30,35", "Center": "19,20" },
	"character_sonic_0x3f":  { "File": "character_sonic.bmp", "Rect": "793,176,32,35", "Center": "20,19" },
	"character_sonic_0x40":  { "File": "character_sonic.bmp", "Rect": "847,180,35,32", "Center": "21,14" },
	"character_sonic_0x41":  { "File": "character_sonic.bmp", "Rect": "9,232,35,40", "Center": "19,17" },
	"character_sonic_0x42":  { "File": "character_sonic.bmp", "Rect": "64,232,34,44", "Center": "20,20" },
	"character_sonic_0x43":  { "File": "character_sonic.bmp", "Rect": "122,232,28,42", "Center": "17,20" },
	"character_sonic_0x44":  { "File": "character_sonic.bmp", "Rect": "178,236,30,40", "Center": "17,16" },
	"character_sonic_0x45":  { "File": "character_sonic.bmp", "Rect": "233,240,32,27", "Center": "17,10" },
	"character_sonic_0x46":  { "File": "character_sonic.bmp", "Rect": "292,236,28,32", "Center": "17,13" },
	"character_sonic_0x47":  { "File": "character_sonic.bmp", "Rect": "347,232,29,40", "Center": "18,21" },
	"character_sonic_0x48":  { "File": "character_sonic.bmp", "Rect": "400,228,33,44", "Center": "21,24" },
	"character_sonic_0x49":  { "File": "character_sonic.bmp", "Rect": "454,230,41,44", "Center": "22,26" },
	"character_sonic_0x4a":  { "File": "character_sonic.bmp", "Rect": "516,222,32,51", "Center": "14,28" },
	"character_sonic_0x4b":  { "File": "character_sonic.bmp", "Rect": "572,230,32,38", "Center": "16,27" },
	"character_sonic_0x4c":  { "File": "character_sonic.bmp", "Rect": "628,230,32,38", "Center": "13,21" },
	"character_sonic_0x4d":  { "File": "character_sonic.bmp", "Rect": "684,233,32,34", "Center": "13,21" },
	"character_sonic_0x4e":  { "File": "character_sonic.bmp", "Rect": "738,236,34,32", "Center": "20,14" },
	"character_sonic_0x4f":  { "File": "character_sonic.bmp", "Rect": "790,232,42,40", "Center": "24,22" },
	"character_sonic_0x50":  { "File": "character_sonic.bmp", "Rect": "846,232,43,40", "Center": "23,20" },
	"character_sonic_0x51":  { "File": "character_sonic.bmp", "Rect": "7,292,37,32", "Center": "22,19" },
	"character_sonic_0x52":  { "File": "character_sonic.bmp", "Rect": "64,292,36,32", "Center": "18,17" },
	"character_sonic_0x53":  { "File": "character_sonic.bmp", "Rect": "120,292,40,33", "Center": "24,19" },
	"character_sonic_0x54":  { "File": "character_sonic.bmp", "Rect": "176,291,40,33", "Center": "17,17" },
	"character_sonic_0x55":  { "File": "character_sonic.bmp", "Rect": "234,284,32,44", "Center": "20,24" },
	"character_sonic_0x56":  { "File": "character_sonic.bmp", "Rect": "289,284,33,44", "Center": "21,24" },
	"character_sonic_0x57":  { "File": "character_sonic.bmp", "Rect": "346,284,32,44", "Center": "18,24" },
	"character_sonic_0x58":  { "File": "character_sonic.bmp", "Rect": "404,284,33,44", "Center": "17,24" },
	"character_sonic_0x59":  { "File": "character_sonic.bmp", "Rect": "460,284,36,44", "Center": "14,24" },
	"character_sonic_0x5a":  { "File": "character_sonic.bmp", "Rect": "516,284,36,44", "Center": "16,24" },
	"character_sonic_0x5b":  { "File": "character_sonic.bmp", "Rect": "574,284,31,44", "Center": "16,24" },
	"character_sonic_0x5c":  { "File": "character_sonic.bmp", "Rect": "620,291,47,32", "Center": "20,16" },
	"character_sonic_0x5d":  { "File": "character_sonic.bmp", "Rect": "684,296,32,24", "Center": "4,12" },
	"character_sonic_0x5e":  { "File": "character_sonic.bmp", "Rect": "736,296,42,24", "Center": "30,12" },
	"character_sonic_0x5f":  { "File": "character_sonic.bmp", "Rect": "788,296,48,24", "Center": "27,11" },
	"character_sonic_0x60":  { "File": "character_sonic.bmp", "Rect": "852,296,32,24", "Center": "10,12" },
	"character_sonic_0x61":  { "File": "character_sonic.bmp", "Rect": "8,352,40,24", "Center": "38,12" },
	"character_sonic_0x62":  { "File": "character_sonic.bmp", "Rect": "64,348,40,32", "Center": "20,16" },
	"character_sonic_0x63":  { "File": "character_sonic.bmp", "Rect": "123,340,32,48", "Center": "15,24" },
	"character_sonic_0x64":  { "File": "character_sonic.bmp", "Rect": "184,348,24,32", "Center": "13,15" },
	"character_sonic_0x65":  { "File": "character_sonic.bmp", "Rect": "240,344,24,42", "Center": "12,21" },
	"character_sonic_0x66":  { "File": "character_sonic.bmp", "Rect": "296,340,24,48", "Center": "11,24" },
	"character_sonic_0x67":  { "File": "character_sonic.bmp", "Rect": "352,348,24,32", "Center": "14,16" },
	"character_sonic_0x68":  { "File": "character_sonic.bmp", "Rect": "408,344,24,40", "Center": "14,24" },
	"character_sonic_0x69":  { "File": "character_sonic.bmp", "Rect": "453,344,36,40", "Center": "23,20" },
	"character_sonic_0x6a":  { "File": "character_sonic.bmp", "Rect": "511,344,32,40", "Center": "21,20" },
	"character_sonic_0x6b":  { "File": "character_sonic.bmp", "Rect": "572,348,33,35", "Center": "21,20" },
	"character_sonic_0x6c":  { "File": "character_sonic.bmp", "Rect": "616,348,45,34", "Center": "28,16" },
	"character_sonic_0x6d":  { "File": "character_sonic.bmp", "Rect": "677,347,43,37", "Center": "23,17" },
	"character_sonic_0x6e":  { "File": "character_sonic.bmp", "Rect": "736,348,40,33", "Center": "20,16" },
	"character_sonic_0x6f":  { "File": "character_sonic.bmp", "Rect": "794,348,34,34", "Center": "18,16" },
	"character_sonic_0x70":  { "File": "character_sonic.bmp", "Rect": "850,348,35,32", "Center": "18,16" },
	"character_sonic_0x71":  { "File": "character_sonic.bmp", "Rect": "12,404,42,33", "Center": "16,16" },
	"character_sonic_0x72":  { "File": "character_sonic.bmp", "Rect": "64,404,48,35", "Center": "20,16" },
	"character_sonic_0x73":  { "File": "character_sonic.bmp", "Rect": "120,404,43,34", "Center": "20,16" },
	"character_sonic_0x74":  { "File": "character_sonic.bmp", "Rect": "180,404,38,35", "Center": "16,16" },
	"character_sonic_0x75":  { "File": "character_sonic.bmp", "Rect": "237,404,30,34", "Center": "15,16" },
	"character_sonic_0x76":  { "File": "character_sonic.bmp", "Rect": "289,404,36,33", "Center": "19,16" },
	"character_sonic_0x77":  { "File": "character_sonic.bmp", "Rect": "344,404,36,33", "Center": "20,16" },
	"character_sonic_0x78":  { "File": "character_sonic.bmp", "Rect": "396,396,41,48", "Center": "22,25" },
	"character_sonic_0x79":  { "File": "character_sonic.bmp", "Rect": "452,400,50,42", "Center": "31,26" },
	"character_sonic_0x7a":  { "File": "character_sonic.bmp", "Rect": "508,400,48,44", "Center": "26,23" },
	"character_sonic_0x7b":  { "File": "character_sonic.bmp", "Rect": "568,396,42,48", "Center": "27,18" },
	"character_sonic_0x7c":  { "File": "character_sonic.bmp", "Rect": "624,396,44,48", "Center": "23,22" },
	"character_sonic_0x7d":  { "File": "character_sonic.bmp", "Rect": "675,398,48,40", "Center": "21,15" },
	"character_sonic_0x7e":  { "File": "character_sonic.bmp", "Rect": "732,396,48,40", "Center": "23,21" },
	"character_sonic_0x7f":  { "File": "character_sonic.bmp", "Rect": "790,396,40,49", "Center": "15,28" },
	"character_sonic_0x80":  { "File": "character_sonic.bmp", "Rect": "848,396,40,51", "Center": "17,24" },
	"character_sonic_0x81":  { "File": "character_sonic.bmp", "Rect": "7,452,32,52", "Center": "23,24" },
	"character_sonic_0x82":  { "File": "character_sonic.bmp", "Rect": "67,452,32,54", "Center": "21,24" },
	"character_sonic_0x83":  { "File": "character_sonic.bmp", "Rect": "120,452,40,51", "Center": "22,24" },
	"character_sonic_0x84":  { "File": "character_sonic.bmp", "Rect": "178,452,32,52", "Center": "21,24" },
	"character_sonic_0x85":  { "File": "character_sonic.bmp", "Rect": "233,452,32,51", "Center": "20,24" },
	"character_sonic_0x86":  { "File": "character_sonic.bmp", "Rect": "292,460,32,32", "Center": "12,8" },
	"character_sonic_0x87":  { "File": "character_sonic.bmp", "Rect": "348,460,32,32", "Center": "12,8" },
	"character_sonic_0x88":  { "File": "character_sonic.bmp", "Rect": "404,460,32,32", "Center": "12,8" },
	"character_sonic_0x89":  { "File": "character_sonic.bmp", "Rect": "460,460,32,32", "Center": "12,8" },
	"character_sonic_0x8a":  { "File": "character_sonic.bmp", "Rect": "516,460,32,32", "Center": "12,8" },
	"character_sonic_0x8b":  { "File": "character_sonic.bmp", "Rect": "572,460,32,32", "Center": "12,8" },
	"character_sonic_0x8c":  { "File": "character_sonic.bmp", "Rect": "620,453,48,48", "Center": "28,23" },
	"character_sonic_0x8d":  { "File": "character_sonic.bmp", "Rect": "677,453,48,48", "Center": "28,23" },
	"character_sonic_0x8e":  { "File": "character_sonic.bmp", "Rect": "736,450,37,50", "Center": "23,26" },
	"character_sonic_0x8f":  { "File": "character_sonic.bmp", "Rect": "788,459,42,32", "Center": "27,16" },
	"character_sonic_0x90":  { "File": "character_sonic.bmp", "Rect": "848,452,35,51", "Center": "20,24" },
	"character_sonic_0x91":  { "File": "character_sonic.bmp", "Rect": "4,508,40,48", "Center": "20,26" },
	"character_sonic_0x92":  { "File": "character_sonic.bmp", "Rect": "60,512,40,40", "Center": "20,24" },
	"character_sonic_0x93":  { "File": "character_sonic.bmp", "Rect": "121,516,32,32", "Center": "20,24" },
	"character_sonic_0x94":  { "File": "character_sonic.bmp", "Rect": "178,508,33,48", "Center": "16,24" },
	"character_sonic_0x95":  { "File": "character_sonic.bmp", "Rect": "233,508,33,48", "Center": "16,24" },
	"character_sonic_0x96":  { "File": "character_sonic.bmp", "Rect": "290,516,35,33", "Center": "18,16" },
	"character_sonic_0x97":  { "File": "character_sonic.bmp", "Rect": "348,516,32,32", "Center": "16,16" },
	"character_sonic_0x98":  { "File": "character_sonic.bmp", "Rect": "404,516,32,32", "Center": "16,16" },
	"character_sonic_0x99":  { "File": "character_sonic.bmp", "Rect": "460,516,32,32", "Center": "16,16" },
	"character_sonic_0x9a":  { "File": "character_sonic.bmp", "Rect": "516,516,32,32", "Center": "16,16" },
	"character_sonic_0x9b":  { "File": "character_sonic.bmp", "Rect": "573,512,29,40", "Center": "15,20" },
	"character_sonic_0x9c":  { "File": "character_sonic.bmp", "Rect": "628,516,33,32", "Center": "16,12" },
	"character_sonic_0x9d":  { "File": "character_sonic.bmp", "Rect": "679,511,41,41", "Center": "19,22" },
	"character_sonic_0x9e":  { "File": "character_sonic.bmp", "Rect": "736,511,48,41", "Center": "19,22" },
	"character_sonic_0x9f":  { "File": "character_sonic.bmp", "Rect": "793,511,48,41", "Center": "18,22" },
	"character_sonic_0xa0":  { "File": "character_sonic.bmp", "Rect": "844,510,50,42", "Center": "20,21" },
	"character_sonic_0xa1":  { "File": "character_sonic.bmp", "Rect": "1,568,48,44", "Center": "27,24" },
	"character_sonic_0xa2":  { "File": "character_sonic.bmp", "Rect": "58,568,46,44", "Center": "25,24" },
	"character_sonic_0xa3":  { "File": "character_sonic.bmp", "Rect": "115,568,48,44", "Center": "24,24" },
	"character_sonic_0xa4":  { "File": "character_sonic.bmp", "Rect": "170,565,48,44", "Center": "25,24" },
	"character_sonic_0xa5":  { "File": "character_sonic.bmp", "Rect": "227,565,46,44", "Center": "25,24" },
	"character_sonic_0xa6":  { "File": "character_sonic.bmp", "Rect": "283,565,48,44", "Center": "25,24" },
	"character_sonic_0xa7":  { "File": "character_sonic.bmp", "Rect": "340,564,48,46", "Center": "24,23" },
	"character_sonic_0xa8":  { "File": "character_sonic.bmp", "Rect": "396,564,48,46", "Center": "24,23" },
	"character_sonic_0xa9":  { "File": "character_sonic.bmp", "Rect": "453,568,46,40", "Center": "23,20" },
	"character_sonic_0xaa":  { "File": "character_sonic.bmp", "Rect": "504,572,56,34", "Center": "26,16" },
	"character_sonic_0xab":  { "File": "character_sonic.bmp", "Rect": "561,572,57,34", "Center": "26,16" },
	"character_sonic_0xac":  { "File": "character_sonic.bmp", "Rect": "622,565,43,47", "Center": "27,24" },
	"character_sonic_0xad":  { "File": "character_sonic.bmp", "Rect": "683,558,33,50", "Center": "20,30" },
	"character_sonic_0xae":  { "File": "character_sonic.bmp", "Rect": "737,563,39,45", "Center": "22,25" },
	"character_sonic_0xaf":  { "File": "character_sonic.bmp", "Rect": "792,563,40,45", "Center": "23,25" },
	"character_sonic_0xb0":  { "File": "character_sonic.bmp", "Rect": "852,560,33,48", "Center": "20,28" },
	"character_sonic_0xb1":  { "File": "character_sonic.bmp", "Rect": "11,619,35,45", "Center": "20,25" },
	"character_sonic_0xb2":  { "File": "character_sonic.bmp", "Rect": "67,619,35,45", "Center": "20,25" },
	"character_sonic_0xb3":  { "File": "character_sonic.bmp", "Rect": "123,619,35,45", "Center": "20,25" },
	"character_sonic_0xb4":  { "File": "character_sonic.bmp", "Rect": "178,616,34,57", "Center": "16,26" },
	"character_sonic_0xb5":  { "File": "character_sonic.bmp", "Rect": "235,616,34,57", "Center": "16,26" },
	"character_sonic_0xb6":  { "File": "character_sonic.bmp", "Rect": "292,624,32,40", "Center": "20,20" },
	"character_sonic_0xb7":  { "File": "character_sonic.bmp", "Rect": "351,623,27,41", "Center": "15,21" },
	"character_sonic_0xb8":  { "File": "character_sonic.bmp", "Rect": "404,624,32,40", "Center": "20,20" },
	"character_sonic_0xb9":  { "File": "character_sonic.bmp", "Rect": "463,623,27,41", "Center": "15,21" },
	"character_sonic_0xba":  { "File": "character_sonic.bmp", "Rect": "515,620,33,44", "Center": "20,24" },
	"character_sonic_0xbb":  { "File": "character_sonic.bmp", "Rect": "571,620,33,44", "Center": "20,24" },
	"character_sonic_0xbc":  { "File": "character_sonic.bmp", "Rect": "628,620,32,44", "Center": "20,24" },
	"character_sonic_0xbd":  { "File": "character_sonic.bmp", "Rect": "684,620,32,44", "Center": "20,24" },
	"character_sonic_0xbe":  { "File": "character_sonic.bmp", "Rect": "740,620,34,44", "Center": "20,24" },
	"character_sonic_0xbf":  { "File": "character_sonic.bmp", "Rect": "796,620,32,44", "Center": "20,24" },
	"character_sonic_0xc0":  { "File": "character_sonic.bmp", "Rect": "852,620,34,44", "Center": "20,24" },
	"character_sonic_0xc1":  { "File": "character_sonic.bmp", "Rect": "10,670,34,50", "Center": "21,30" },
	"character_sonic_0xc2":  { "File": "character_sonic.bmp", "Rect": "66,670,34,50", "Center": "21,30" },
	"character_sonic_0xc3":  { "File": "character_sonic.bmp", "Rect": "122,677,34,44", "Center": "22,24" },
	"character_sonic_0xc4":  { "File": "character_sonic.bmp", "Rect": "176,676,41,44", "Center": "27,24" },
	"character_sonic_0xc5":  { "File": "character_sonic.bmp", "Rect": "235,677,33,43", "Center": "21,23" },
	"character_sonic_0xc6":  { "File": "character_sonic.bmp", "Rect": "291,677,35,43", "Center": "21,23" },
	"character_sonic_0xc7":  { "File": "character_sonic.bmp", "Rect": "348,677,32,43", "Center": "17,23" },
	"character_sonic_0xc8":  { "File": "character_sonic.bmp", "Rect": "396,687,48,25", "Center": "26,13" },
	"character_sonic_0xc9":  { "File": "character_sonic.bmp", "Rect": "455,687,41,25", "Center": "18,13" },
	"character_sonic_0xca":  { "File": "character_sonic.bmp", "Rect": "512,687,43,25", "Center": "21,13" },
	"character_sonic_0xcb":  { "File": "character_sonic.bmp", "Rect": "568,687,41,25", "Center": "23,13" },
	"character_sonic_0xcc":  { "File": "character_sonic.bmp", "Rect": "620,687,48,25", "Center": "22,13" },
	"character_sonic_0xcd":  { "File": "character_sonic.bmp", "Rect": "676,686,47,26", "Center": "21,14" },
	"character_sonic_0xce":  { "File": "character_sonic.bmp", "Rect": "740,687,35,25", "Center": "17,13" },
	"character_sonic_0xcf":  { "File": "character_sonic.bmp", "Rect": "788,686,47,26", "Center": "26,14" },
	"character_sonic_0xd0":  { "File": "character_sonic.bmp", "Rect": "844,677,47,48", "Center": "27,23" },
	"character_sonic_0xd1":  { "File": "character_sonic.bmp", "Rect": "6,731,46,48", "Center": "27,23" },
	"character_sonic_0xd2":  { "File": "character_sonic.bmp", "Rect": "67,736,29,36", "Center": "16,21" },
	"character_sonic_0xd3":  { "File": "character_sonic.bmp", "Rect": "124,732,33,48", "Center": "16,24" },
	"character_sonic_0xd4":  { "File": "character_sonic.bmp", "Rect": "177,727,40,53", "Center": "20,28" },
	"character_sonic_0xd5":  { "File": "character_sonic.bmp", "Rect": "232,727,40,53", "Center": "20,28" },
	"character_sonic_0xd6":  { "File": "character_sonic.bmp", "Rect": "288,727,40,53", "Center": "20,28" },
	"character_sonic_0xd7":  { "File": "character_sonic.bmp", "Rect": "346,728,35,54", "Center": "20,26" },
	"character_sonic_0xd8":  { "File": "character_sonic.bmp", "Rect": "403,728,35,54", "Center": "20,26" },
	"character_sonic_0xd9":  { "File": "character_sonic.bmp", "Rect": "456,731,40,45", "Center": "23,25" },
	"character_sonic_0xda":  { "File": "character_sonic.bmp", "Rect": "511,734,35,42", "Center": "21,22" },
	"character_sonic_0xdb":  { "File": "character_sonic.bmp", "Rect": "567,734,35,42", "Center": "21,22" },
	"character_sonic_0xdc":  { "File": "character_sonic.bmp", "Rect": "623,734,35,42", "Center": "21,22" },
	"character_sonic_0xdd":  { "File": "character_sonic.bmp", "Rect": "679,734,35,42", "Center": "21,22" },
	"character_sonic_0xde":  { "File": "character_sonic.bmp", "Rect": "735,734,35,42", "Center": "21,22" },
	"character_sonic_0xdf":  { "File": "character_sonic.bmp", "Rect": "791,734,35,42", "Center": "21,22" },
	"character_sonic_0xe0":  { "File": "character_sonic.bmp", "Rect": "852,735,28,36", "Center": "16,21" },
	"character_sonic_0xe1":  { "File": "character_sonic.bmp", "Rect": "16,786,24,46", "Center": "12,26" },
	"character_sonic_0xe2":  { "File": "character_sonic.bmp", "Rect": "68,789,32,42", "Center": "16,23" },
	"character_sonic_0xe3":  { "File": "character_sonic.bmp", "Rect": "117,786,40,48", "Center": "23,26" },
	"character_sonic_0xe4":  { "File": "character_sonic.bmp", "Rect": "175,788,35,51", "Center": "21,24" },
	"character_sonic_0xe5":  { "File": "character_sonic.bmp", "Rect": "232,788,36,52", "Center": "20,24" },
	"character_sonic_0xe6":  { "File": "character_sonic.bmp", "Rect": "290,788,32,52", "Center": "18,24" },
	"character_sonic_0xe7":  { "File": "character_sonic.bmp", "Rect": "349,788,32,51", "Center": "15,24" },
	"character_sonic_0xe8":  { "File": "character_sonic.bmp", "Rect": "403,788,37,50", "Center": "17,24" },
	"character_sonic_0xe9":  { "File": "character_sonic.bmp", "Rect": "460,788,35,50", "Center": "16,24" },
	"character_sonic_0xea":  { "File": "character_sonic.bmp", "Rect": "517,788,31,50", "Center": "15,24" },
	"character_sonic_0xeb":  { "File": "character_sonic.bmp", "Rect": "568,788,40,48", "Center": "20,24" },
	"character_sonic_0xec":  { "File": "character_sonic.bmp", "Rect": "620,792,48,40", "Center": "24,20" },
	"character_sonic_0xed":  { "File": "character_sonic.bmp", "Rect": "684,788,32,48", "Center": "16,24" },
	"character_sonic_0xee":  { "File": "character_sonic.bmp", "Rect": "732,792,48,40", "Center": "24,20" },
	"character_sonic_0xef":  { "File": "character_sonic.bmp", "Rect": "783,788,49,44", "Center": "30,23" },
	"character_sonic_0xf0":  { "File": "character_sonic.bmp", "Rect": "843,787,47,44", "Center": "30,23" },
	"character_sonic_0xf1":  { "File": "character_sonic.bmp", "Rect": "13,844,42,45", "Center": "26,23" },
	"character_sonic_0xf2":  { "File": "character_sonic.bmp", "Rect": "68,844,34,45", "Center": "15,23" },
	"character_sonic_0xf3":  { "File": "character_sonic.bmp", "Rect": "125,844,29,45", "Center": "12,23" },
	"character_sonic_0xf4":  { "File": "character_sonic.bmp", "Rect": "166,844,49,46", "Center": "20,23" },
	"character_sonic_0xf5":  { "File": "character_sonic.bmp", "Rect": "224,844,49,46", "Center": "19,23" },
	"character_sonic_0xf6":  { "File": "character_sonic.bmp", "Rect": "283,843,46,46", "Center": "20,24" },
	"character_sonic_0xf7":  { "File": "character_sonic.bmp", "Rect": "341,843,44,47", "Center": "18,24" },
	"character_sonic_0xf8":  { "File": "character_sonic.bmp", "Rect": "403,843,38,47", "Center": "17,24" },
	"character_sonic_0xf9":  { "File": "character_sonic.bmp", "Rect": "460,843,36,46", "Center": "18,24" },
	"character_sonic_0xfa":  { "File": "character_sonic.bmp", "Rect": "502,843,49,47", "Center": "32,25" }
}