{
	"character_supersonic_0x01":  { "File": "character_supersonic.bmp", "Rect": "8,1,40,48", "Center": "20,29" },
	"character_supersonic_0x02":  { "File": "character_supersonic.bmp", "Rect": "64,2,40,48", "Center": "20,28" },
	"character_supersonic_0x03":  { "File": "character_supersonic.bmp", "Rect": "120,3,35,48", "Center": "20,27" },
	"character_supersonic_0x04":  { "File": "character_supersonic.bmp", "Rect": "176,2,34,48", "Center": "20,28" },
	"character_supersonic_0x05":  { "File": "character_supersonic.bmp", "Rect": "232,1,40,48", "Center": "20,29" },
	"character_supersonic_0x06":  { "File": "character_supersonic.bmp", "Rect": "288,2,40,50", "Center": "20,28" },
	"character_supersonic_0x07":  { "File": "character_supersonic.bmp", "Rect": "344,2,34,48", "Center": "20,28" },
	"character_supersonic_0x08":  { "File": "character_supersonic.bmp", "Rect": "400,2,34,48", "Center": "20,28" },
	"character_supersonic_0x09":  { "File": "character_supersonic.bmp", "Rect": "452,0,48,56", "Center": "29,29" },
	"character_supersonic_0x0a":  { "File": "character_supersonic.bmp", "Rect": "504,4,56,48", "Center": "29,25" },
	"character_supersonic_0x0b":  { "File": "character_supersonic.bmp", "Rect": "564,8,48,40", "Center": "29,21" },
	"character_supersonic_0x0c":  { "File": "character_supersonic.bmp", "Rect": "616,4,56,48", "Center": "29,29" },
	"character_supersonic_0x0d":  { "File": "character_supersonic.bmp", "Rect": "676,0,48,56", "Center": "29,29" },
	"character_supersonic_0x0e":  { "File": "character_supersonic.bmp", "Rect": "728,4,56,48", "Center": "29,21" },
	"character_supersonic_0x0f":  { "File": "character_supersonic.bmp", "Rect": "788,4,48,48", "Center": "29,29" },
	"character_supersonic_0x10":  { "File": "character_supersonic.bmp", "Rect": "844,8,48,40", "Center": "29,21" },
	"character_supersonic_0x11":  { "File": "character_supersonic.bmp", "Rect": "4,64,48,40", "Center": "28,20" },
	"character_supersonic_0x12":  { "File": "character_supersonic.bmp", "Rect": "60,64,48,40", "Center": "25,20" },
	"character_supersonic_0x13":  { "File": "character_supersonic.bmp", "Rect": "116,68,48,32", "Center": "24,12" },
	"character_supersonic_0x14":  { "File": "character_supersonic.bmp", "Rect": "172,65,48,36", "Center": "26,16" },
	"character_supersonic_0x15":  { "File": "character_supersonic.bmp", "Rect": "228,63,48,42", "Center": "24,21" },
	"character_supersonic_0x16":  { "File": "character_supersonic.bmp", "Rect": "283,63,49,41", "Center": "26,18" },
	"character_supersonic_0x17":  { "File": "character_supersonic.bmp", "Rect": "340,68,48,32", "Center": "27,12" },
	"character_supersonic_0x18":  { "File": "character_supersonic.bmp", "Rect": "396,68,48,32", "Center": "27,12" },
	"character_supersonic_0x19":  { "File": "character_supersonic.bmp", "Rect": "448,60,56,48", "Center": "28,20" },
	"character_supersonic_0x1a":  { "File": "character_supersonic.bmp", "Rect": "508,56,48,56", "Center": "24,28" },
	"character_supersonic_0x1b":  { "File": "character_supersonic.bmp", "Rect": "568,60,40,48", "Center": "20,20" },
	"character_supersonic_0x1c":  { "File": "character_supersonic.bmp", "Rect": "620,56,48,56", "Center": "28,28" },
	"character_supersonic_0x1d":  { "File": "character_supersonic.bmp", "Rect": "672,60,56,48", "Center": "28,20" },
	"character_supersonic_0x1e":  { "File": "character_supersonic.bmp", "Rect": "732,56,48,56", "Center": "20,28" },
	"character_supersonic_0x1f":  { "File": "character_supersonic.bmp", "Rect": "788,60,48,48", "Center": "28,20" },
	"character_supersonic_0x20":  { "File": "character_supersonic.bmp", "Rect": "848,60,40,48", "Center": "20,20" },
	"character_supersonic_0x21":  { "File": "character_supersonic.bmp", "Rect": "5,115,48,44", "Center": "29,25" },
	"character_supersonic_0x22":  { "File": "character_supersonic.bmp", "Rect": "60,116,47,44", "Center": "31,24" },
	"character_supersonic_0x23":  { "File": "character_supersonic.bmp", "Rect": "117,115,46,43", "Center": "29,25" },
	"character_supersonic_0x24":  { "File": "character_supersonic.bmp", "Rect": "172,117,48,43", "Center": "31,23" },
	"character_supersonic_0x25":  { "File": "character_supersonic.bmp", "Rect": "232,116,40,48", "Center": "28,22" },
	"character_supersonic_0x26":  { "File": "character_supersonic.bmp", "Rect": "288,116,40,48", "Center": "28,23" },
	"character_supersonic_0x27":  { "File": "character_supersonic.bmp", "Rect": "344,116,40,48", "Center": "28,22" },
	"character_supersonic_0x28":  { "File": "character_supersonic.bmp", "Rect": "400,116,40,48", "Center": "28,23" },
	"character_supersonic_0x29":  { "File": "character_supersonic.bmp", "Rect": "454,122,40,41", "Center": "25,18" },
	"character_supersonic_0x2a":  { "File": "character_supersonic.bmp", "Rect": "510,120,44,43", "Center": "25,19" },
	"character_supersonic_0x2b":  { "File": "character_supersonic.bmp", "Rect": "566,122,42,40", "Center": "26,18" },
	"character_supersonic_0x2c":  { "File": "character_supersonic.bmp", "Rect": "622,120,44,43", "Center": "25,20" },
	"character_supersonic_0x2d":  { "File": "character_supersonic.bmp", "Rect": "676,120,48,40", "Center": "22,12" },
	"character_supersonic_0x2e":  { "File": "character_supersonic.bmp", "Rect": "732,120,48,40", "Center": "23,12" },
	"character_supersonic_0x2f":  { "File": "character_supersonic.bmp", "Rect": "788,120,48,40", "Center": "22,12" },
	"character_supersonic_0x30":  { "File": "character_supersonic.bmp", "Rect": "844,120,48,40", "Center": "23,12" },
	"character_supersonic_0x31":  { "File": "character_supersonic.bmp", "Rect": "9,171,32,45", "Center": "17,25" },
	"character_supersonic_0x32":  { "File": "character_supersonic.bmp", "Rect": "64,176,33,40", "Center": "17,22" },
	"character_supersonic_0x33":  { "File": "character_supersonic.bmp", "Rect": "119,180,32,32", "Center": "20,16" },
	"character_supersonic_0x34":  { "File": "character_supersonic.bmp", "Rect": "176,180,33,36", "Center": "19,17" },
	"character_supersonic_0x35":  { "File": "character_supersonic.bmp", "Rect": "229,180,32,37", "Center": "19,17" },
	"character_supersonic_0x36":  { "File": "character_supersonic.bmp", "Rect": "289,175,32,45", "Center": "18,23" },
	"character_supersonic_0x37":  { "File": "character_supersonic.bmp", "Rect": "347,176,36,48", "Center": "17,20" },
	"character_supersonic_0x38":  { "File": "character_supersonic.bmp", "Rect": "404,175,28,40", "Center": "16,19" },
	"character_supersonic_0x39":  { "File": "character_supersonic.bmp", "Rect": "459,179,32,34", "Center": "17,19" },
	"character_supersonic_0x3a":  { "File": "character_supersonic.bmp", "Rect": "516,177,32,35", "Center": "19,19" },
	"character_supersonic_0x3b":  { "File": "character_supersonic.bmp", "Rect": "571,172,30,44", "Center": "17,24" },
	"character_supersonic_0x3c":  { "File": "character_supersonic.bmp", "Rect": "624,169,31,47", "Center": "17,27" },
	"character_supersonic_0x3d":  { "File": "character_supersonic.bmp", "Rect": "684,171,29,49", "Center": "18,27" },
	"character_supersonic_0x3e":  { "File": "character_supersonic.bmp", "Rect": "738,175,30,36", "Center": "19,21" },
	"character_supersonic_0x3f":  { "File": "character_supersonic.bmp", "Rect": "793,176,33,35", "Center": "20,19" },
	"character_supersonic_0x40":  { "File": "character_supersonic.bmp", "Rect": "847,180,35,32", "Center": "21,14" },
	"character_supersonic_0x41":  { "File": "character_supersonic.bmp", "Rect": "9,232,34,40", "Center": "19,17" },
	"character_supersonic_0x42":  { "File": "character_supersonic.bmp", "Rect": "64,232,34,48", "Center": "20,20" },
	"character_supersonic_0x43":  { "File": "character_supersonic.bmp", "Rect": "123,232,27,45", "Center": "16,20" },
	"character_supersonic_0x44":  { "File": "character_supersonic.bmp", "Rect": "178,236,30,42", "Center": "17,16" },
	"character_supersonic_0x45":  { "File": "character_supersonic.bmp", "Rect": "233,240,32,27", "Center": "17,10" },
	"character_supersonic_0x46":  { "File": "character_supersonic.bmp", "Rect": "292,236,28,32", "Center": "17,13" },
	"character_supersonic_0x47":  { "File": "character_supersonic.bmp", "Rect": "347,232,29,40", "Center": "18,21" },
	"character_supersonic_0x48":  { "File": "character_supersonic.bmp", "Rect": "402,221,32,51", "Center": "20,31" },
	"character_supersonic_0x49":  { "File": "character_supersonic.bmp", "Rect": "454,226,42,48", "Center": "22,30" },
	"character_supersonic_0x4a":  { "File": "character_supersonic.bmp", "Rect": "516,218,32,54", "Center": "14,32" },
	"character_supersonic_0x4b":  { "File": "character_supersonic.bmp", "Rect": "572,227,32,41", "Center": "16,30" },
	"character_supersonic_0x4c":  { "File": "character_supersonic.bmp", "Rect": "628,230,32,38", "Center": "13,21" },
	"character_supersonic_0x4d":  { "File": "character_supersonic.bmp", "Rect": "684,230,32,38", "Center": "13,24" },
	"character_supersonic_0x4e":  { "File": "character_supersonic.bmp", "Rect": "736,236,36,32", "Center": "22,14" },
	"character_supersonic_0x4f":  { "File": "character_supersonic.bmp", "Rect": "786,232,46,40", "Center": "28,22" },
	"character_supersonic_0x50":  { "File": "character_supersonic.bmp", "Rect": "843,232,46,40", "Center": "26,20" },
	"character_supersonic_0x51":  { "File": "character_supersonic.bmp", "Rect": "5,292,39,33", "Center": "24,19" },
	"character_supersonic_0x52":  { "File": "character_supersonic.bmp", "Rect": "64,292,36,32", "Center": "18,17" },
	"character_supersonic_0x53":  { "File": "character_supersonic.bmp", "Rect": "120,292,40,33", "Center": "24,19" },
	"character_supersonic_0x54":  { "File": "character_supersonic.bmp", "Rect": "176,287,40,36", "Center": "17,21" },
	"character_supersonic_0x55":  { "File": "character_supersonic.bmp", "Rect": "236,284,32,44", "Center": "18,24" },
	"character_supersonic_0x56":  { "File": "character_supersonic.bmp", "Rect": "290,284,32,44", "Center": "20,24" },
	"character_supersonic_0x57":  { "File": "character_supersonic.bmp", "Rect": "346,284,32,44", "Center": "18,24" },
	"character_supersonic_0x58":  { "File": "character_supersonic.bmp", "Rect": "405,284,32,44", "Center": "15,24" },
	"character_supersonic_0x59":  { "File": "character_supersonic.bmp", "Rect": "460,284,36,44", "Center": "14,24" },
	"character_supersonic_0x5a":  { "File": "character_supersonic.bmp", "Rect": "516,284,36,44", "Center": "16,24" },
	"character_supersonic_0x5b":  { "File": "character_supersonic.bmp", "Rect": "574,284,32,44", "Center": "16,24" },
	"character_supersonic_0x5c":  { "File": "character_supersonic.bmp", "Rect": "613,294,54,26", "Center": "27,13" },
	"character_supersonic_0x5d":  { "File": "character_supersonic.bmp", "Rect": "684,293,32,31", "Center": "4,15" },
	"character_supersonic_0x5e":  { "File": "character_supersonic.bmp", "Rect": "736,295,45,25", "Center": "30,13" },
	"character_supersonic_0x5f":  { "File": "character_supersonic.bmp", "Rect": "788,294,55,25", "Center": "27,13" },
	"character_supersonic_0x60":  { "File": "character_supersonic.bmp", "Rect": "852,294,32,27", "Center": "10,14" },
	"character_supersonic_0x61":  { "File": "character_supersonic.bmp", "Rect": "8,351,40,26", "Center": "38,13" },
	"character_supersonic_0x62":  { "File": "character_supersonic.bmp", "Rect": "64,348,40,32", "Center": "20,16" },
	"character_supersonic_0x63":  { "File": "character_supersonic.bmp", "Rect": "126,333,26,54", "Center": "13,31" },
	"character_supersonic_0x64":  { "File": "character_supersonic.bmp", "Rect": "181,348,31,32", "Center": "16,15" },
	"character_supersonic_0x65":  { "File": "character_supersonic.bmp", "Rect": "239,344,25,45", "Center": "13,21" },
	"character_supersonic_0x66":  { "File": "character_supersonic.bmp", "Rect": "294,340,26,55", "Center": "13,24" },
	"character_supersonic_0x67":  { "File": "character_supersonic.bmp", "Rect": "351,348,27,32", "Center": "15,16" },
	"character_supersonic_0x68":  { "File": "character_supersonic.bmp", "Rect": "407,344,27,40", "Center": "15,24" },
	"character_supersonic_0x69":  { "File": "character_supersonic.bmp", "Rect": "453,344,36,40", "Center": "23,20" },
	"character_supersonic_0x6a":  { "File": "character_supersonic.bmp", "Rect": "510,344,33,40", "Center": "22,20" },
	"character_supersonic_0x6b":  { "File": "character_supersonic.bmp", "Rect": "572,348,33,35", "Center": "21,20" },
	"character_supersonic_0x6c":  { "File": "character_supersonic.bmp", "Rect": "615,348,45,35", "Center": "29,16" },
	"character_supersonic_0x6d":  { "File": "character_supersonic.bmp", "Rect": "672,348,48,35", "Center": "28,16" },
	"character_supersonic_0x6e":  { "File": "character_supersonic.bmp", "Rect": "736,348,40,33", "Center": "20,16" },
	"character_supersonic_0x6f":  { "File": "character_supersonic.bmp", "Rect": "794,348,34,34", "Center": "18,16" },
	"character_supersonic_0x70":  { "File": "character_supersonic.bmp", "Rect": "850,348,35,32", "Center": "18,16" },
	"character_supersonic_0x71":  { "File": "character_supersonic.bmp", "Rect": "12,404,44,33", "Center": "16,16" },
	"character_supersonic_0x72":  { "File": "character_supersonic.bmp", "Rect": "64,404,53,35", "Center": "20,16" },
	"character_supersonic_0x73":  { "File": "character_supersonic.bmp", "Rect": "120,404,46,34", "Center": "20,16" },
	"character_supersonic_0x74":  { "File": "character_supersonic.bmp", "Rect": "180,404,38,35", "Center": "16,16" },
	"character_supersonic_0x75":  { "File": "character_supersonic.bmp", "Rect": "237,404,30,33", "Center": "15,16" },
	"character_supersonic_0x76":  { "File": "character_supersonic.bmp", "Rect": "289,404,36,33", "Center": "19,16" },
	"character_supersonic_0x77":  { "File": "character_supersonic.bmp", "Rect": "343,404,37,33", "Center": "21,16" },
	"character_supersonic_0x78":  { "File": "character_supersonic.bmp", "Rect": "396,393,41,50", "Center": "22,28" },
	"character_supersonic_0x79":  { "File": "character_supersonic.bmp", "Rect": "452,400,48,40", "Center": "31,26" },
	"character_supersonic_0x7a":  { "File": "character_supersonic.bmp", "Rect": "508,400,48,40", "Center": "26,23" },
	"character_supersonic_0x7b":  { "File": "character_supersonic.bmp", "Rect": "568,396,40,48", "Center": "27,18" },
	"character_supersonic_0x7c":  { "File": "character_supersonic.bmp", "Rect": "624,396,40,48", "Center": "23,22" },
	"character_supersonic_0x7d":  { "File": "character_supersonic.bmp", "Rect": "676,400,48,40", "Center": "20,13" },
	"character_supersonic_0x7e":  { "File": "character_supersonic.bmp", "Rect": "732,400,48,40", "Center": "23,17" },
	"character_supersonic_0x7f":  { "File": "character_supersonic.bmp", "Rect": "792,396,40,48", "Center": "13,28" },
	"character_supersonic_0x80":  { "File": "character_supersonic.bmp", "Rect": "848,389,40,58", "Center": "17,31" },
	"character_supersonic_0x81":  { "File": "character_supersonic.bmp", "Rect": "9,451,30,53", "Center": "21,25" },
	"character_supersonic_0x82":  { "File": "character_supersonic.bmp", "Rect": "67,448,32,58", "Center": "21,28" },
	"character_supersonic_0x83":  { "File": "character_supersonic.bmp", "Rect": "120,445,40,58", "Center": "22,31" },
	"character_supersonic_0x84":  { "File": "character_supersonic.bmp", "Rect": "178,446,32,58", "Center": "21,30" },
	"character_supersonic_0x85":  { "File": "character_supersonic.bmp", "Rect": "235,449,32,54", "Center": "18,27" },
	"character_supersonic_0x86":  { "File": "character_supersonic.bmp", "Rect": "292,460,32,32", "Center": "12,8" },
	"character_supersonic_0x87":  { "File": "character_supersonic.bmp", "Rect": "348,460,32,32", "Center": "12,8" },
	"character_supersonic_0x88":  { "File": "character_supersonic.bmp", "Rect": "404,460,32,32", "Center": "12,8" },
	"character_supersonic_0x89":  { "File": "character_supersonic.bmp", "Rect": "460,460,32,32", "Center": "12,8" },
	"character_supersonic_0x8a":  { "File": "character_supersonic.bmp", "Rect": "516,460,32,32", "Center": "12,8" },
	"character_supersonic_0x8b":  { "File": "character_supersonic.bmp", "Rect": "572,460,32,32", "Center": "12,8" },
	"character_supersonic_0x8c":  { "File": "character_supersonic.bmp", "Rect": "620,453,48,48", "Center": "28,23" },
	"character_supersonic_0x8d":  { "File": "character_supersonic.bmp", "Rect": "678,453,46,48", "Center": "27,23" },
	"character_supersonic_0x8e":  { "File": "character_supersonic.bmp", "Rect": "736,449,37,51", "Center": "23,26" },
	"character_supersonic_0x8f":  { "File": "character_supersonic.bmp", "Rect": "787,457,44,34", "Center": "28,18" },
	"character_supersonic_0x90":  { "File": "character_supersonic.bmp", "Rect": "849,449,34,54", "Center": "19,27" },
	"character_supersonic_0x91":  { "File": "character_supersonic.bmp", "Rect": "5,508,41,48", "Center": "19,26" },
	"character_supersonic_0x92":  { "File": "character_supersonic.bmp", "Rect": "61,512,37,40", "Center": "19,22" },
	"character_supersonic_0x93":  { "File": "character_supersonic.bmp", "Rect": "122,516,32,32", "Center": "19,22" },
	"character_supersonic_0x94":  { "File": "character_supersonic.bmp", "Rect": "178,508,33,47", "Center": "16,24" },
	"character_supersonic_0x95":  { "File": "character_supersonic.bmp", "Rect": "233,508,33,48", "Center": "16,24" },
	"character_supersonic_0x96":  { "File": "character_supersonic.bmp", "Rect": "290,516,35,33", "Center": "18,16" },
	"character_supersonic_0x97":  { "File": "character_supersonic.bmp", "Rect": "348,516,32,32", "Center": "16,16" },
	"character_supersonic_0x98":  { "File": "character_supersonic.bmp", "Rect": "404,516,32,32", "Center": "16,16" },
	"character_supersonic_0x99":  { "File": "character_supersonic.bmp", "Rect": "460,516,32,32", "Center": "16,16" },
	"character_supersonic_0x9a":  { "File": "character_supersonic.bmp", "Rect": "516,516,32,32", "Center": "16,16" },
	"character_supersonic_0x9b":  { "File": "character_supersonic.bmp", "Rect": "628,516,33,32", "Center": "16,12" },
	"character_supersonic_0x9c":  { "File": "character_supersonic.bmp", "Rect": "628,516,33,32", "Center": "16,12" },
	"character_supersonic_0x9d":  { "File": "character_supersonic.bmp", "Rect": "679,511,41,41", "Center": "19,22" },
	"character_supersonic_0x9e":  { "File": "character_supersonic.bmp", "Rect": "736,511,48,41", "Center": "19,22" },
	"character_supersonic_0x9f":  { "File": "character_supersonic.bmp", "Rect": "793,511,48,41", "Center": "18,22" },
	"character_supersonic_0xa0":  { "File": "character_supersonic.bmp", "Rect": "844,510,50,43", "Center": "20,21" },
	"character_supersonic_0xa1":  { "File": "character_supersonic.bmp", "Rect": "7,566,42,46", "Center": "21,26" },
	"character_supersonic_0xa2":  { "File": "character_supersonic.bmp", "Rect": "63,566,42,46", "Center": "22,26" },
	"character_supersonic_0xa3":  { "File": "character_supersonic.bmp", "Rect": "120,566,40,46", "Center": "21,26" },
	"character_supersonic_0xa4":  { "File": "character_supersonic.bmp", "Rect": "175,562,42,46", "Center": "22,26" },
	"character_supersonic_0xa5":  { "File": "character_supersonic.bmp", "Rect": "231,562,42,46", "Center": "23,26" },
	"character_supersonic_0xa6":  { "File": "character_supersonic.bmp", "Rect": "288,562,40,46", "Center": "22,26" },
	"character_supersonic_0xa7":  { "File": "character_supersonic.bmp", "Rect": "340,564,48,46", "Center": "24,23" },
	"character_supersonic_0xa8":  { "File": "character_supersonic.bmp", "Rect": "396,564,48,46", "Center": "24,23" },
	"character_supersonic_0xa9":  { "File": "character_supersonic.bmp", "Rect": "453,568,46,40", "Center": "23,20" },
	"character_supersonic_0xaa":  { "File": "character_supersonic.bmp", "Rect": "504,572,56,34", "Center": "26,16" },
	"character_supersonic_0xab":  { "File": "character_supersonic.bmp", "Rect": "560,572,58,34", "Center": "27,16" },
	"character_supersonic_0xac":  { "File": "character_supersonic.bmp", "Rect": "622,565,44,48", "Center": "27,24" },
	"character_supersonic_0xad":  { "File": "character_supersonic.bmp", "Rect": "684,568,32,40", "Center": "18,20" },
	"character_supersonic_0xae":  { "File": "character_supersonic.bmp", "Rect": "740,568,32,40", "Center": "18,20" },
	"character_supersonic_0xaf":  { "File": "character_supersonic.bmp", "Rect": "792,568,40,40", "Center": "26,20" },
	"character_supersonic_0xb0":  { "File": "character_supersonic.bmp", "Rect": "852,562,33,46", "Center": "20,26" },
	"character_supersonic_0xb1":  { "File": "character_supersonic.bmp", "Rect": "11,619,35,45", "Center": "20,25" },
	"character_supersonic_0xb2":  { "File": "character_supersonic.bmp", "Rect": "67,619,35,45", "Center": "20,25" },
	"character_supersonic_0xb3":  { "File": "character_supersonic.bmp", "Rect": "123,619,35,45", "Center": "20,25" },
	"character_supersonic_0xb4":  { "File": "character_supersonic.bmp", "Rect": "178,616,34,57", "Center": "16,26" },
	"character_supersonic_0xb5":  { "File": "character_supersonic.bmp", "Rect": "235,616,34,56", "Center": "16,26" },
	"character_supersonic_0xb6":  { "File": "character_supersonic.bmp", "Rect": "292,623,32,41", "Center": "20,21" },
	"character_supersonic_0xb7":  { "File": "character_supersonic.bmp", "Rect": "350,623,28,41", "Center": "16,21" },
	"character_supersonic_0xb8":  { "File": "character_supersonic.bmp", "Rect": "404,623,32,41", "Center": "20,21" },
	"character_supersonic_0xb9":  { "File": "character_supersonic.bmp", "Rect": "462,623,28,41", "Center": "16,21" },
	"character_supersonic_0xba":  { "File": "character_supersonic.bmp", "Rect": "512,617,40,51", "Center": "25,31" },
	"character_supersonic_0xbb":  { "File": "character_supersonic.bmp", "Rect": "568,618,40,50", "Center": "25,30" },
	"character_supersonic_0xbc":  { "File": "character_supersonic.bmp", "Rect": "624,619,40,49", "Center": "25,29" },
	"character_supersonic_0xbd":  { "File": "character_supersonic.bmp", "Rect": "680,617,40,51", "Center": "26,31" },
	"character_supersonic_0xbe":  { "File": "character_supersonic.bmp", "Rect": "737,618,40,50", "Center": "25,30" },
	"character_supersonic_0xbf":  { "File": "character_supersonic.bmp", "Rect": "793,619,40,49", "Center": "25,29" },
	"character_supersonic_0xc0":  { "File": "character_supersonic.bmp", "Rect": "848,617,40,51", "Center": "25,31" },
	"character_supersonic_0xc1":  { "File": "character_supersonic.bmp", "Rect": "8,674,40,50", "Center": "25,30" },
	"character_supersonic_0xc2":  { "File": "character_supersonic.bmp", "Rect": "64,675,40,49", "Center": "25,29" },
	"character_supersonic_0xc3":  { "File": "character_supersonic.bmp", "Rect": "124,676,33,45", "Center": "20,25" },
	"character_supersonic_0xc4":  { "File": "character_supersonic.bmp", "Rect": "176,676,41,44", "Center": "27,24" },
	"character_supersonic_0xc5":  { "File": "character_supersonic.bmp", "Rect": "232,673,40,51", "Center": "25,31" },
	"character_supersonic_0xc6":  { "File": "character_supersonic.bmp", "Rect": "288,674,40,50", "Center": "25,30" },
	"character_supersonic_0xc7":  { "File": "character_supersonic.bmp", "Rect": "344,674,40,50", "Center": "25,30" },
	"character_supersonic_0xc8":  { "File": "character_supersonic.bmp", "Rect": "396,687,48,25", "Center": "26,13" },
	"character_supersonic_0xc9":  { "File": "character_supersonic.bmp", "Rect": "455,687,41,25", "Center": "18,13" },
	"character_supersonic_0xca":  { "File": "character_supersonic.bmp", "Rect": "512,687,43,25", "Center": "21,13" },
	"character_supersonic_0xcb":  { "File": "character_supersonic.bmp", "Rect": "568,687,41,25", "Center": "23,13" },
	"character_supersonic_0xcc":  { "File": "character_supersonic.bmp", "Rect": "620,687,48,25", "Center": "22,13" },
	"character_supersonic_0xcd":  { "File": "character_supersonic.bmp", "Rect": "676,686,47,26", "Center": "21,14" },
	"character_supersonic_0xce":  { "File": "character_supersonic.bmp", "Rect": "740,687,35,25", "Center": "17,13" },
	"character_supersonic_0xcf":  { "File": "character_supersonic.bmp", "Rect": "788,686,46,26", "Center": "26,14" },
	"character_supersonic_0xd0":  { "File": "character_supersonic.bmp", "Rect": "843,677,47,48", "Center": "28,23" },
	"character_supersonic_0xd1":  { "File": "character_supersonic.bmp", "Rect": "5,731,47,48", "Center": "28,23" },
	"character_supersonic_0xd2":  { "File": "character_supersonic.bmp", "Rect": "67,736,29,36", "Center": "16,21" },
	"character_supersonic_0xd3":  { "File": "character_supersonic.bmp", "Rect": "124,732,33,48", "Center": "16,24" },
	"character_supersonic_0xd4":  { "File": "character_supersonic.bmp", "Rect": "177,727,40,53", "Center": "20,28" },
	"character_supersonic_0xd5":  { "File": "character_supersonic.bmp", "Rect": "232,727,40,53", "Center": "20,28" },
	"character_supersonic_0xd6":  { "File": "character_supersonic.bmp", "Rect": "288,727,40,53", "Center": "20,28" },
	"character_supersonic_0xd7":  { "File": "character_supersonic.bmp", "Rect": "346,728,35,54", "Center": "20,26" },
	"character_supersonic_0xd8":  { "File": "character_supersonic.bmp", "Rect": "403,728,35,53", "Center": "20,26" },
	"character_supersonic_0xd9":  { "File": "character_supersonic.bmp", "Rect": "456,736,40,40", "Center": "24,20" },
	"character_supersonic_0xda":  { "File": "character_supersonic.bmp", "Rect": "511,732,35,44", "Center": "21,24" },
	"character_supersonic_0xdb":  { "File": "character_supersonic.bmp", "Rect": "567,732,35,44", "Center": "21,24" },
	"character_supersonic_0xdc":  { "File": "character_supersonic.bmp", "Rect": "623,732,35,44", "Center": "21,24" },
	"character_supersonic_0xdd":  { "File": "character_supersonic.bmp", "Rect": "679,732,35,44", "Center": "21,24" },
	"character_supersonic_0xde":  { "File": "character_supersonic.bmp", "Rect": "735,732,35,44", "Center": "21,24" },
	"character_supersonic_0xdf":  { "File": "character_supersonic.bmp", "Rect": "791,732,35,44", "Center": "21,24" },
	"character_supersonic_0xe0":  { "File": "character_supersonic.bmp", "Rect": "852,735,28,36", "Center": "16,21" },
	"character_supersonic_0xe1":  { "File": "character_supersonic.bmp", "Rect": "13,786,29,40", "Center": "15,26" },
	"character_supersonic_0xe2":  { "File": "character_supersonic.bmp", "Rect": "67,788,32,43", "Center": "17,24" },
	"character_supersonic_0xe3":  { "File": "character_supersonic.bmp", "Rect": "117,781,40,50", "Center": "23,31" },
	"character_supersonic_0xe4":  { "File": "character_supersonic.bmp", "Rect": "177,787,33,51", "Center": "19,25" },
	"character_supersonic_0xe5":  { "File": "character_supersonic.bmp", "Rect": "235,787,33,51", "Center": "17,25" },
	"character_supersonic_0xe6":  { "File": "character_supersonic.bmp", "Rect": "292,787,32,51", "Center": "16,25" },
	"character_supersonic_0xe7":  { "File": "character_supersonic.bmp", "Rect": "351,786,25,52", "Center": "13,26" },
	"character_supersonic_0xe8":  { "File": "character_supersonic.bmp", "Rect": "404,787,32,50", "Center": "16,25" },
	"character_supersonic_0xe9":  { "File": "character_supersonic.bmp", "Rect": "460,787,32,51", "Center": "16,25" },
	"character_supersonic_0xea":  { "File": "character_supersonic.bmp", "Rect": "520,786,25,52", "Center": "12,26" },
	"character_supersonic_0xeb":  { "File": "character_supersonic.bmp", "Rect": "568,788,40,48", "Center": "20,24" },
	"character_supersonic_0xec":  { "File": "character_supersonic.bmp", "Rect": "620,792,48,40", "Center": "24,20" },
	"character_supersonic_0xed":  { "File": "character_supersonic.bmp", "Rect": "684,788,32,48", "Center": "16,24" },
	"character_supersonic_0xee":  { "File": "character_supersonic.bmp", "Rect": "732,792,48,40", "Center": "24,20" },
	"character_supersonic_0xef":  { "File": "character_supersonic.bmp", "Rect": "792,785,41,40", "Center": "23,27" },
	"character_supersonic_0xf0":  { "File": "character_supersonic.bmp", "Rect": "851,785,34,40", "Center": "20,27" },
	"character_supersonic_0xf1":  { "File": "character_supersonic.bmp", "Rect": "13,841,29,40", "Center": "16,27" },
	"character_supersonic_0xf2":  { "File": "character_supersonic.bmp", "Rect": "71,841,25,40", "Center": "12,27" },
	"character_supersonic_0xf3":  { "File": "character_supersonic.bmp", "Rect": "126,841,29,40", "Center": "12,27" },
	"character_supersonic_0xf4":  { "File": "character_supersonic.bmp", "Rect": "179,841,34,40", "Center": "13,27" },
	"character_supersonic_0xf5":  { "File": "character_supersonic.bmp", "Rect": "231,842,41,40", "Center": "17,26" },
	"character_supersonic_0xf6":  { "File": "character_supersonic.bmp", "Rect": "291,841,34,40", "Center": "13,27" },
	"character_supersonic_0xf7":  { "File": "character_supersonic.bmp", "Rect": "348,841,31,40", "Center": "14,27" },
	"character_supersonic_0xf8":  { "File": "character_supersonic.bmp", "Rect": "408,841,25,40", "Center": "12,27" },
	"character_supersonic_0xf9":  { "File": "character_supersonic.bmp", "Rect": "461,841,31,40", "Center": "16,27" },
	"character_supersonic_0xfa":  { "File": "character_supersonic.bmp", "Rect": "515,841,34,40", "Center": "20,27" }
}