{
	"cutscene_knuckles_6_0x01":  { "File": "cutscene_knuckles_6.bmp", "Rect": "1,0,40,42", "Center": "19,22" },
	"cutscene_knuckles_6_0x02":  { "File": "cutscene_knuckles_6.bmp", "Rect": "40,0,40,42", "Center": "20,22" },
	"cutscene_knuckles_6_0x03":  { "File": "cutscene_knuckles_6.bmp", "Rect": "80,0,40,42", "Center": "20,22" },
	"cutscene_knuckles_6_0x04":  { "File": "cutscene_knuckles_6.bmp", "Rect": "120,0,40,42", "Center": "19,22" },
	"cutscene_knuckles_6_0x05":  { "File": "cutscene_knuckles_6.bmp", "Rect": "163,6,33,32", "Center": "17,12" },
	"cutscene_knuckles_6_0x06":  { "File": "cutscene_knuckles_6.bmp", "Rect": "203,6,33,32", "Center": "17,12" },
	"cutscene_knuckles_6_0x07":  { "File": "cutscene_knuckles_6.bmp", "Rect": "243,9,33,25", "Center": "17,5" }
}