{
	"hud_text_score":  { "File": "hud_text_sprites.png", "Rect": "0,0,136,64", "Center": "17,-2" },
	"hud_text_time":  { "File": "hud_text_sprites.png", "Rect": "0,17,137,18", "Center": "17,-3" },
	"hud_text_time_red":  { "File": "texr_red.png", "Rect": "0,0,136,17", "Center": "17,-4" },
	"hud_text_rings":  { "File": "hud_text_sprites.png", "Rect": "0,34,112,26", "Center": "17,-4" },
	"hud_text_rings_red":  { "File": "texr_red.png", "Rect": "0,17,105,23", "Center": "17,-5" },
	"hud_text_ring":  { "File": "hud_text_sprites.png", "Rect": "137,32,59,12", "Center": "-2,-6" },
	"hud_text_bonus":  { "File": "hud_text_sprites.png", "Rect": "158,32,29,12", "Center": "-2,-6" },
	"hud_text_total":  { "File": "hud_text_sprites.png", "Rect": "137,46,59,12", "Center": "-2,-3" },
	"hud_text_score_chaosstage":  { "File": "hud_text_sprites.png", "Rect": "137,4,59,12", "Center": "-2,0" },
	"hud_text_ring_chaosstage":  { "File": "hud_text_sprites.png", "Rect": "137,32,59,12", "Center": "-2,0" },
	"hud_text_bonus_chaosstage":  { "File": "hud_text_sprites.png", "Rect": "156,32,29,12", "Center": "0,0" },
	"hud_text_perfect_chaosstage":  { "File": "hud_text_sprites.png", "Rect": "137,60,59,12", "Center": "-2,0" },
	"hud_text_continue_chaosstage":  { "File": "hud_text_sprites.png", "Rect": "137,74,59,12", "Center": "-2,0" },
	"hud_text_score_superstage":  { "File": "hud_text_sprites.png", "Rect": "137,4,59,12", "Center": "-2,0" },
	"hud_text_ring_superstage":  { "File": "hud_text_sprites.png", "Rect": "137,32,59,12", "Center": "-2,0" },
	"hud_text_bonus_superstage":  { "File": "hud_text_sprites.png", "Rect": "158,32,29,12", "Center": "-2,0" },
	"hud_text_perfect_superstage":  { "File": "hud_text_sprites.png", "Rect": "111,60,59,12", "Center": "-2,0" },
	"hud_text_continue_superstage":  { "File": "hud_text_sprites.png", "Rect": "111,74,76,12", "Center": "-2,0" },
	"hud_bonus_icon_blue":  { "File": "hud_text_sprites.png", "Rect": "0,61,12,19", "Center": "0,0" },
	"hud_bonus_icon_orange":  { "File": "hud_text_sprites.png", "Rect": "13,61,12,19", "Center": "0,0" },
	"hud_bonus_icon_red":  { "File": "hud_text_sprites.png", "Rect": "26,61,12,19", "Center": "0,0" },
	"hud_digit_0":  { "File": "hud_text_sprites.png", "Rect": "0,108,8,12", "Center": "-14,-5" },
	"hud_digit_1":  { "File": "hud_text_sprites.png", "Rect": "8,108,7,12", "Center": "-14,-5" },
	"hud_digit_2":  { "File": "hud_text_sprites.png", "Rect": "16,108,8,12", "Center": "-14,-5" },
	"hud_digit_3":  { "File": "hud_text_sprites.png", "Rect": "24,108,7,12", "Center": "-14,-5" },
	"hud_digit_4":  { "File": "hud_text_sprites.png", "Rect": "32,108,8,12", "Center": "-14,-5" },
	"hud_digit_5":  { "File": "hud_text_sprites.png", "Rect": "40,108,8,12", "Center": "-14,-5" },
	"hud_digit_6":  { "File": "hud_text_sprites.png", "Rect": "48,108,8,12", "Center": "-14,-5" },
	"hud_digit_7":  { "File": "hud_text_sprites.png", "Rect": "56,108,8,12", "Center": "-14,-5" },
	"hud_digit_8":  { "File": "hud_text_sprites.png", "Rect": "64,108,8,12", "Center": "-14,-5" },
	"hud_digit_9":  { "File": "hud_text_sprites.png", "Rect": "72,108,8,12", "Center": "-14,-5" },
	"hud_digit_0_chaosstage":  { "File": "hud_text_sprites.png", "Rect": "0,120,8,12", "Center": "0,0" },
	"hud_digit_1_chaosstage":  { "File": "hud_text_sprites.png", "Rect": "8,120,8,12", "Center": "0,0" },
	"hud_digit_2_chaosstage":  { "File": "hud_text_sprites.png", "Rect": "16,120,8,12", "Center": "0,0" },
	"hud_digit_3_chaosstage":  { "File": "hud_text_sprites.png", "Rect": "24,120,7,12", "Center": "0,0" },
	"hud_digit_4_chaosstage":  { "File": "hud_text_sprites.png", "Rect": "32,120,8,12", "Center": "0,0" },
	"hud_digit_5_chaosstage":  { "File": "hud_text_sprites.png", "Rect": "40,120,8,12", "Center": "0,0" },
	"hud_digit_6_chaosstage":  { "File": "hud_text_sprites.png", "Rect": "48,120,8,12", "Center": "0,0" },
	"hud_digit_7_chaosstage":  { "File": "hud_text_sprites.png", "Rect": "56,120,8,12", "Center": "0,0" },
	"hud_digit_8_chaosstage":  { "File": "hud_text_sprites.png", "Rect": "64,120,8,12", "Center": "0,0" },
	"hud_digit_9_chaosstage":  { "File": "hud_text_sprites.png", "Rect": "72,120,8,12", "Center": "0,0" },
	"hud_char_colon":  { "File": "hud_text_sprites.png", "Rect": "80,108,8,12", "Center": "0,0" },
	"hud_char_minutes":  { "File": "hud_text_sprites.png", "Rect": "88,108,8,12", "Center": "-14,-3" },
	"hud_char_seconds":  { "File": "hud_text_sprites.png", "Rect": "96,108,8,12", "Center": "-14,-3" },
	"continue_icon_sonic":  { "File": "hud_text_sprites.png", "Rect": "0,82,20,24", "Center": "12,24" },
	"continue_icon_tails":  { "File": "hud_text_sprites.png", "Rect": "20,82,20,24", "Center": "10,24" },
	"continue_icon_knuckles":  { "File": "hud_text_sprites.png", "Rect": "40,82,20,24", "Center": "9,24" }
}