{
	"menu_characters_sonic":  { "File": "menu_characters_sonic.png", "Rect": "0,0,40,44", "Center": "20,24" },
	"menu_characters_sonic_tails":  { "File": "menu_characters_sonic_tails.png", "Rect": "0,0,56,46", "Center": "28,26" },
	"menu_characters_tails":  { "File": "menu_characters_tails.png", "Rect": "0,0,40,46", "Center": "20,26" },
	"menu_characters_knuckles":  { "File": "menu_characters_knuckles.png", "Rect": "0,0,40,41", "Center": "20,21" },
	"menu_characters_knuckles_tails":  { "File": "menu_characters_knuckles_tails.png", "Rect": "0,0,56,46", "Center": "28,26" }
}