{
	"character_shadow_0":  { "File": "shadow_running.bmp", "Rect": "0,0,50,50", "Center": "28,27" },
	"character_shadow_1":  { "File": "shadow_running.bmp", "Rect": "51,0,49,50", "Center": "27,27" },
	"character_shadow_2":  { "File": "shadow_running.bmp", "Rect": "101,0,51,50", "Center": "28,27" },
	"character_shadow_3":  { "File": "shadow_running.bmp", "Rect": "153,0,37,50", "Center": "18,27" },
	"character_shadow_4":  { "File": "shadow_running.bmp", "Rect": "192,0,48,50", "Center": "28,27" },
	"character_shadow_5":  { "File": "shadow_running.bmp", "Rect": "240,0,49,50", "Center": "27,27" },
	"character_shadow_6":  { "File": "shadow_running.bmp", "Rect": "290,0,49,50", "Center": "27,27" },
	"character_shadow_7":  { "File": "shadow_running.bmp", "Rect": "339,0,40,50", "Center": "19,27" }
}