{
	// ----- MENU BACKGROUND ----- //
	
	// Background
	"menu_background_actselect": { "File": "actselect_bg.png", "Rect": "0,0,496,224", "Center": "248,0" },
	
	// ----- MENU ITEMS ----- //
	
	// Selection box
	"menu_actselect_selection_box": { "File": "actselect_selection_box.png", "Rect": "0,0,80,88", "Center": "38,44" },
	"menu_actselect_selection_box_selected": { "File": "actselect_selection_box_selected.png", "Rect": "0,0,80,88", "Center": "38,44" },
	
	// Menu header
	"menu_actselect_header": { "File": "actselect_topbar_bg.png", "Rect": "0,0,496,48", "Center": "248,14" },


	// ----- SONIC 3 DAGE ----- //

	// Notify icon
	"menu_challenge_icon_unsaved": { "File": "s3dage_icons.png", "Rect": "1,1,38,9", "Center": "19,5" },

	// Character icon not found
	"menu_challenge_icon_notfound": { "File": "s3dage_icons.png", "Rect": "1,11,18,24", "Center": "8,22" }
}