{
	"Metadata":
	{
		// --------------------------- //
		// - Mod metadata
		// --------------------------- //

		"Name":			"Extra Character Slots",
		"Author":		"FadeInside, iCloudius, Lave sIime" ,
		"UniqueID": "extra-character-slots-unlimited",
		"Description":	"Extra Character Slots is a Framework that allows you to create Extra Characters, with custom movesets, sprites, HUD, and etc., without replacing Sonic, Tails, or Knuckles.\nEnable this mod to run Extra Character mods.",
		"URL":			"https://github.com/fadeinside/s3air-extra-character-slots-unlimited",
		"ModVersion":	"SHC",

		// --------------------------- //
		// - Min. required AIR version
		// --------------------------- //

		"GameVersion":	"v22.05.15.0",

		// --------------------------- //
		// - Special metadata
		// --------------------------- //

		"FullName":		"Extra Character Slots - Unlimited SHC",
		"ShortName":	"ECSv8 Unlimited",
		"DevBranch":	"Development",
		"BuildDate":	"2022.11.05",
		"Repository":	"https://github.com/fadeinside/s3air-extra-character-slots-unlimited"
	},
	"Settings":
	{
		"Settings":
		[
			{
				"InternalName": "Boss Toggle",
				"DisplayName": "Secret Boss Toggle",
				"Variable": "Secret_Boss_Toggle",
				"Category": "Secret Boss",
				"DefaultValue": "1",
				"Options":
				{
					"0": "Off",
					"1": "On"
				}
			},
			{
				"InternalName": "Hits",
				"DisplayName": "Secret Boss hits",
				"Variable": "Secret_Boss_Hits",
				"Category": "Secret Boss",
				"DefaultValue": "12",
				"Options":
				{
					"12": "12 hits",
					"18": "18 hits"
				}
			}
		]
	}
}