{
	"menu_characters_slot14":  { "File": "character_amy_hud.png", "Rect": "66,3,60,60", "Center": "31,40" },
	"dataSel_slot14":  { "File": "character_amy_hud.png", "Rect": "129,3,60,60", "Center": "31,60" },
	"hud_lives_icon_slot14":  { "File": "character_amy_hud.png", "Rect": "3,3,60,16", "Center": "0,0" },
	"result_nameplate_slot14":  { "File": "character_amy_hud.png", "Rect": "206,7,46,16", "Center": "-1,0" },
	"hud_bonus_icon_slot14":  { "File": "character_amy_hud.png", "Rect": "192,3,13,20", "Center": "0,1" },
	"continue_icon_slot14":  { "File": "character_amy_hud.png", "Rect": "192,26,24,26", "Center": "13,26" },
	"ESS_Char_Es14":  { "File": "character_amy_hud.png", "Rect": "66,3,60,60", "Center": "31,60" },
	"ESS_Life_Es14":  { "File": "character_amy_hud.png", "Rect": "3,3,16,16", "Center": "8,16" },
	"ESS_Cont_Es14":  { "File": "character_amy_hud.png", "Rect": "192,26,24,26", "Center": "11,26" },
	"ESS_Zone_Es14_0":  { "File": "character_amy_hud.png", "Rect": "3,87,80,56", "Center": "40,28" },
	"ESS_Zone_Es14_1":  { "File": "character_amy_hud.png", "Rect": "86,87,80,56", "Center": "40,28" },
	"ESS_Zone_Es14_2":  { "File": "character_amy_hud.png", "Rect": "169,87,80,56", "Center": "40,28" },
	"dataSel_savePortrait_slot14":  { "File": "character_amy_hud.png", "Rect": "3,87,80,56", "Center": "40,120" },
	"dataSel_savePortrait_superslot14":  { "File": "character_amy_hud.png", "Rect": "86,87,80,56", "Center": "40,120" },
	"Clear_slot14":  { "File": "character_amy_hud.png", "Rect": "169,87,80,56", "Center": "40,120" },
	"hud_lives_text_slot14":  { "File": "character_amy_hud.png", "Rect": "19,3,44,16", "Center": "-16,0" },
	"result_nameplate_slot14_super":  { "File": "character_amy_hud.png", "Rect": "3,66,74,16", "Center": "0,0" },
	"result_nameplate_slot14_hyper":  { "File": "character_amy_hud.png", "Rect": "78,66,74,16", "Center": "0,0" },
	"hud_lives_icon_amy_tails":    { "File": "character_amy_hud.png", "Rect": "3,20,60,16", "Center": "0,0" },
	"hud_lives_icon_amy_cream":    { "File": "character_amy_hud.png", "Rect": "3,37,60,16", "Center": "0,0" },
	"p5_hud_lives_icon_slot14":    { "File": "character_amy_hud.png", "Rect": "192,54,48,32" },
	"MAmycont":  { "File": "character_amy_hud.png", "Rect": "194,28,19,24", "Center": "10,12" },
}