{
	"SSJ3_0x01":  { "File": "SSJ3.bmp", "Rect": "6,4,42,48", "Center": "22,28" },
	"SSJ3_0x02":  { "File": "SSJ3.bmp", "Rect": "64,3,40,49", "Center": "20,28" },
	"SSJ3_0x03":  { "File": "SSJ3.bmp", "Rect": "124,4,32,48", "Center": "20,26" },
	"SSJ3_0x04":  { "File": "SSJ3.bmp", "Rect": "179,2,34,50", "Center": "20,30" },
	"SSJ3_0x05":  { "File": "SSJ3.bmp", "Rect": "231,2,42,51", "Center": "20,30" },
	"SSJ3_0x06":  { "File": "SSJ3.bmp", "Rect": "287,2,41,50", "Center": "20,29" },
	"SSJ3_0x07":  { "File": "SSJ3.bmp", "Rect": "348,4,32,48", "Center": "20,26" },
	"SSJ3_0x08":  { "File": "SSJ3.bmp", "Rect": "404,3,32,49", "Center": "20,29" },
	"SSJ3_0x09":  { "File": "SSJ3.bmp", "Rect": "447,0,53,56", "Center": "32,29" },
	"SSJ3_0x0a":  { "File": "SSJ3.bmp", "Rect": "502,4,58,48", "Center": "31,24" },
	"SSJ3_0x0b":  { "File": "SSJ3.bmp", "Rect": "563,8,49,40", "Center": "28,21" },
	"SSJ3_0x0c":  { "File": "SSJ3.bmp", "Rect": "616,4,56,48", "Center": "29,28" },
	"SSJ3_0x0d":  { "File": "SSJ3.bmp", "Rect": "674,0,50,56", "Center": "31,29" },
	"SSJ3_0x0e":  { "File": "SSJ3.bmp", "Rect": "728,4,56,48", "Center": "28,20" },
	"SSJ3_0x0f":  { "File": "SSJ3.bmp", "Rect": "787,4,49,48", "Center": "28,28" },
	"SSJ3_0x10":  { "File": "SSJ3.bmp", "Rect": "838,6,54,42", "Center": "32,23" },
	"SSJ3_0x11":  { "File": "SSJ3.bmp", "Rect": "4,64,48,40", "Center": "28,20" },
	"SSJ3_0x12":  { "File": "SSJ3.bmp", "Rect": "59,64,49,40", "Center": "28,20" },
	"SSJ3_0x13":  { "File": "SSJ3.bmp", "Rect": "116,68,48,32", "Center": "25,12" },
	"SSJ3_0x14":  { "File": "SSJ3.bmp", "Rect": "170,67,50,34", "Center": "30,14" },
	"SSJ3_0x15":  { "File": "SSJ3.bmp", "Rect": "226,63,50,42", "Center": "30,22" },
	"SSJ3_0x16":  { "File": "SSJ3.bmp", "Rect": "282,63,50,41", "Center": "29,21" },
	"SSJ3_0x17":  { "File": "SSJ3.bmp", "Rect": "340,68,48,32", "Center": "26,12" },
	"SSJ3_0x18":  { "File": "SSJ3.bmp", "Rect": "394,68,50,32", "Center": "30,12" },
	"SSJ3_0x19":  { "File": "SSJ3.bmp", "Rect": "448,60,56,53", "Center": "29,20" },
	"SSJ3_0x1a":  { "File": "SSJ3.bmp", "Rect": "508,56,48,58", "Center": "24,26" },
	"SSJ3_0x1b":  { "File": "SSJ3.bmp", "Rect": "568,60,40,49", "Center": "20,21" },
	"SSJ3_0x1c":  { "File": "SSJ3.bmp", "Rect": "620,56,48,56", "Center": "28,28" },
	"SSJ3_0x1d":  { "File": "SSJ3.bmp", "Rect": "672,60,56,50", "Center": "29,20" },
	"SSJ3_0x1e":  { "File": "SSJ3.bmp", "Rect": "732,56,48,56", "Center": "20,29" },
	"SSJ3_0x1f":  { "File": "SSJ3.bmp", "Rect": "788,60,48,49", "Center": "27,21" },
	"SSJ3_0x20":  { "File": "SSJ3.bmp", "Rect": "846,60,41,54", "Center": "23,21" },
	"SSJ3_0x21":  { "File": "SSJ3.bmp", "Rect": "8,120,40,40", "Center": "27,21" },
	"SSJ3_0x22":  { "File": "SSJ3.bmp", "Rect": "64,120,40,40", "Center": "27,21" },
	"SSJ3_0x23":  { "File": "SSJ3.bmp", "Rect": "120,120,40,40", "Center": "27,21" },
	"SSJ3_0x24":  { "File": "SSJ3.bmp", "Rect": "176,120,40,40", "Center": "27,21" },
	"SSJ3_0x25":  { "File": "SSJ3.bmp", "Rect": "232,116,40,48", "Center": "28,22" },
	"SSJ3_0x26":  { "File": "SSJ3.bmp", "Rect": "288,116,40,48", "Center": "28,23" },
	"SSJ3_0x27":  { "File": "SSJ3.bmp", "Rect": "344,116,40,48", "Center": "28,22" },
	"SSJ3_0x28":  { "File": "SSJ3.bmp", "Rect": "400,116,40,48", "Center": "28,23" },
	"SSJ3_0x29":  { "File": "SSJ3.bmp", "Rect": "456,120,40,40", "Center": "21,12" },
	"SSJ3_0x2a":  { "File": "SSJ3.bmp", "Rect": "512,120,40,40", "Center": "21,12" },
	"SSJ3_0x2b":  { "File": "SSJ3.bmp", "Rect": "568,120,40,40", "Center": "21,12" },
	"SSJ3_0x2c":  { "File": "SSJ3.bmp", "Rect": "624,120,40,40", "Center": "21,12" },
	"SSJ3_0x2d":  { "File": "SSJ3.bmp", "Rect": "676,120,48,40", "Center": "22,12" },
	"SSJ3_0x2e":  { "File": "SSJ3.bmp", "Rect": "732,120,48,40", "Center": "23,12" },
	"SSJ3_0x2f":  { "File": "SSJ3.bmp", "Rect": "788,120,48,40", "Center": "22,12" },
	"SSJ3_0x30":  { "File": "SSJ3.bmp", "Rect": "844,120,48,40", "Center": "23,12" },
	"SSJ3_0x31":  { "File": "SSJ3.bmp", "Rect": "7,168,37,48", "Center": "19,28" },
	"SSJ3_0x32":  { "File": "SSJ3.bmp", "Rect": "60,176,40,40", "Center": "21,22" },
	"SSJ3_0x33":  { "File": "SSJ3.bmp", "Rect": "121,180,35,32", "Center": "18,16" },
	"SSJ3_0x34":  { "File": "SSJ3.bmp", "Rect": "176,180,36,33", "Center": "19,17" },
	"SSJ3_0x35":  { "File": "SSJ3.bmp", "Rect": "232,180,36,37", "Center": "16,17" },
	"SSJ3_0x36":  { "File": "SSJ3.bmp", "Rect": "289,176,35,44", "Center": "18,22" },
	"SSJ3_0x37":  { "File": "SSJ3.bmp", "Rect": "341,176,39,45", "Center": "23,20" },
	"SSJ3_0x38":  { "File": "SSJ3.bmp", "Rect": "398,176,34,40", "Center": "22,18" },
	"SSJ3_0x39":  { "File": "SSJ3.bmp", "Rect": "456,180,36,32", "Center": "20,18" },
	"SSJ3_0x3a":  { "File": "SSJ3.bmp", "Rect": "515,177,33,35", "Center": "20,19" },
	"SSJ3_0x3b":  { "File": "SSJ3.bmp", "Rect": "575,173,25,43", "Center": "13,23" },
	"SSJ3_0x3c":  { "File": "SSJ3.bmp", "Rect": "629,167,27,49", "Center": "15,29" },
	"SSJ3_0x3d":  { "File": "SSJ3.bmp", "Rect": "684,172,28,48", "Center": "18,26" },
	"SSJ3_0x3e":  { "File": "SSJ3.bmp", "Rect": "741,175,27,37", "Center": "16,21" },
	"SSJ3_0x3f":  { "File": "SSJ3.bmp", "Rect": "793,177,35,35", "Center": "20,18" },
	"SSJ3_0x40":  { "File": "SSJ3.bmp", "Rect": "849,180,35,32", "Center": "19,14" },
	"SSJ3_0x41":  { "File": "SSJ3.bmp", "Rect": "9,232,35,40", "Center": "19,17" },
	"SSJ3_0x42":  { "File": "SSJ3.bmp", "Rect": "64,232,36,44", "Center": "20,20" },
	"SSJ3_0x43":  { "File": "SSJ3.bmp", "Rect": "125,232,27,41", "Center": "14,20" },
	"SSJ3_0x44":  { "File": "SSJ3.bmp", "Rect": "183,236,25,32", "Center": "13,16" },
	"SSJ3_0x45":  { "File": "SSJ3.bmp", "Rect": "231,240,37,24", "Center": "19,10" },
	"SSJ3_0x46":  { "File": "SSJ3.bmp", "Rect": "290,236,30,32", "Center": "19,13" },
	"SSJ3_0x47":  { "File": "SSJ3.bmp", "Rect": "342,231,34,41", "Center": "23,22" },
	"SSJ3_0x48":  { "File": "SSJ3.bmp", "Rect": "397,223,39,49", "Center": "23,29" },
	"SSJ3_0x49":  { "File": "SSJ3.bmp", "Rect": "456,216,40,56", "Center": "20,38" },
	"SSJ3_0x4a":  { "File": "SSJ3.bmp", "Rect": "516,219,34,50", "Center": "14,29" },
	"SSJ3_0x4b":  { "File": "SSJ3.bmp", "Rect": "572,230,34,38", "Center": "17,23" },
	"SSJ3_0x4c":  { "File": "SSJ3.bmp", "Rect": "628,227,32,41", "Center": "12,24" },
	"SSJ3_0x4d":  { "File": "SSJ3.bmp", "Rect": "684,234,32,34", "Center": "17,18" },
	"SSJ3_0x4e":  { "File": "SSJ3.bmp", "Rect": "733,236,39,34", "Center": "25,13" },
	"SSJ3_0x4f":  { "File": "SSJ3.bmp", "Rect": "782,232,50,44", "Center": "29,23" },
	"SSJ3_0x50":  { "File": "SSJ3.bmp", "Rect": "842,232,46,40", "Center": "26,21" },
	"SSJ3_0x51":  { "File": "SSJ3.bmp", "Rect": "7,292,37,32", "Center": "22,16" },
	"SSJ3_0x52":  { "File": "SSJ3.bmp", "Rect": "59,292,41,32", "Center": "23,16" },
	"SSJ3_0x53":  { "File": "SSJ3.bmp", "Rect": "120,292,40,32", "Center": "26,19" },
	"SSJ3_0x54":  { "File": "SSJ3.bmp", "Rect": "176,283,40,41", "Center": "17,26" },
	"SSJ3_0x55":  { "File": "SSJ3.bmp", "Rect": "228,279,40,49", "Center": "24,29" },
	"SSJ3_0x56":  { "File": "SSJ3.bmp", "Rect": "285,279,39,49", "Center": "24,29" },
	"SSJ3_0x57":  { "File": "SSJ3.bmp", "Rect": "345,279,35,49", "Center": "19,29" },
	"SSJ3_0x58":  { "File": "SSJ3.bmp", "Rect": "407,279,27,49", "Center": "14,29" },
	"SSJ3_0x59":  { "File": "SSJ3.bmp", "Rect": "460,279,38,49", "Center": "17,29" },
	"SSJ3_0x5a":  { "File": "SSJ3.bmp", "Rect": "516,279,37,49", "Center": "18,29" },
	"SSJ3_0x5b":  { "File": "SSJ3.bmp", "Rect": "575,279,27,49", "Center": "14,29" },
	"SSJ3_0x5c":  { "File": "SSJ3.bmp", "Rect": "617,293,51,27", "Center": "23,14" },
	"SSJ3_0x5d":  { "File": "SSJ3.bmp", "Rect": "684,295,32,27", "Center": "4,12" },
	"SSJ3_0x5e":  { "File": "SSJ3.bmp", "Rect": "736,294,40,27", "Center": "30,14" },
	"SSJ3_0x5f":  { "File": "SSJ3.bmp", "Rect": "788,293,48,27", "Center": "27,14" },
	"SSJ3_0x60":  { "File": "SSJ3.bmp", "Rect": "852,296,32,25", "Center": "10,12" },
	"SSJ3_0x61":  { "File": "SSJ3.bmp", "Rect": "8,352,40,25", "Center": "38,12" },
	"SSJ3_0x62":  { "File": "SSJ3.bmp", "Rect": "59,343,45,37", "Center": "25,21" },
	"SSJ3_0x63":  { "File": "SSJ3.bmp", "Rect": "125,337,27,51", "Center": "13,27" },
	"SSJ3_0x64":  { "File": "SSJ3.bmp", "Rect": "183,348,27,32", "Center": "14,15" },
	"SSJ3_0x65":  { "File": "SSJ3.bmp", "Rect": "238,344,27,40", "Center": "14,21" },
	"SSJ3_0x66":  { "File": "SSJ3.bmp", "Rect": "293,340,27,49", "Center": "15,24" },
	"SSJ3_0x67":  { "File": "SSJ3.bmp", "Rect": "351,348,25,32", "Center": "15,16" },
	"SSJ3_0x68":  { "File": "SSJ3.bmp", "Rect": "408,344,25,40", "Center": "14,24" },
	"SSJ3_0x69":  { "File": "SSJ3.bmp", "Rect": "454,344,38,40", "Center": "22,20" },
	"SSJ3_0x6a":  { "File": "SSJ3.bmp", "Rect": "507,344,41,40", "Center": "25,20" },
	"SSJ3_0x6b":  { "File": "SSJ3.bmp", "Rect": "569,348,35,32", "Center": "24,20" },
	"SSJ3_0x6c":  { "File": "SSJ3.bmp", "Rect": "615,348,45,33", "Center": "23,15" },
	"SSJ3_0x6d":  { "File": "SSJ3.bmp", "Rect": "671,348,49,39", "Center": "29,16" },
	"SSJ3_0x6e":  { "File": "SSJ3.bmp", "Rect": "733,348,43,33", "Center": "22,16" },
	"SSJ3_0x6f":  { "File": "SSJ3.bmp", "Rect": "796,346,32,36", "Center": "16,14" },
	"SSJ3_0x70":  { "File": "SSJ3.bmp", "Rect": "852,348,35,35", "Center": "15,16" },
	"SSJ3_0x71":  { "File": "SSJ3.bmp", "Rect": "8,404,44,32", "Center": "21,15" },
	"SSJ3_0x72":  { "File": "SSJ3.bmp", "Rect": "64,404,49,32", "Center": "20,16" },
	"SSJ3_0x73":  { "File": "SSJ3.bmp", "Rect": "120,404,48,36", "Center": "20,17" },
	"SSJ3_0x74":  { "File": "SSJ3.bmp", "Rect": "177,404,38,40", "Center": "18,19" },
	"SSJ3_0x75":  { "File": "SSJ3.bmp", "Rect": "240,404,32,35", "Center": "16,17" },
	"SSJ3_0x76":  { "File": "SSJ3.bmp", "Rect": "289,404,35,36", "Center": "18,17" },
	"SSJ3_0x77":  { "File": "SSJ3.bmp", "Rect": "343,408,37,30", "Center": "20,14" },
	"SSJ3_0x78":  { "File": "SSJ3.bmp", "Rect": "392,392,48,52", "Center": "26,29" },
	"SSJ3_0x79":  { "File": "SSJ3.bmp", "Rect": "442,400,61,40", "Center": "41,26" },
	"SSJ3_0x7a":  { "File": "SSJ3.bmp", "Rect": "504,400,52,45", "Center": "30,23" },
	"SSJ3_0x7b":  { "File": "SSJ3.bmp", "Rect": "568,393,40,61", "Center": "27,21" },
	"SSJ3_0x7c":  { "File": "SSJ3.bmp", "Rect": "624,396,49,52", "Center": "23,22" },
	"SSJ3_0x7d":  { "File": "SSJ3.bmp", "Rect": "674,400,58,40", "Center": "22,13" },
	"SSJ3_0x7e":  { "File": "SSJ3.bmp", "Rect": "732,391,48,49", "Center": "23,26" },
	"SSJ3_0x7f":  { "File": "SSJ3.bmp", "Rect": "792,386,40,60", "Center": "13,38" },
	"SSJ3_0x80":  { "File": "SSJ3.bmp", "Rect": "844,388,44,56", "Center": "21,32" },
	"SSJ3_0x81":  { "File": "SSJ3.bmp", "Rect": "5,447,39,54", "Center": "25,30" },
	"SSJ3_0x82":  { "File": "SSJ3.bmp", "Rect": "68,448,33,53", "Center": "20,24" },
	"SSJ3_0x83":  { "File": "SSJ3.bmp", "Rect": "120,444,40,56", "Center": "22,32" },
	"SSJ3_0x84":  { "File": "SSJ3.bmp", "Rect": "179,446,33,54", "Center": "20,31" },
	"SSJ3_0x85":  { "File": "SSJ3.bmp", "Rect": "230,445,38,55", "Center": "23,31" },
	"SSJ3_0x86":  { "File": "SSJ3.bmp", "Rect": "292,460,32,32", "Center": "12,8" },
	"SSJ3_0x87":  { "File": "SSJ3.bmp", "Rect": "344,459,36,33", "Center": "16,9" },
	"SSJ3_0x88":  { "File": "SSJ3.bmp", "Rect": "404,454,32,38", "Center": "12,14" },
	"SSJ3_0x89":  { "File": "SSJ3.bmp", "Rect": "460,454,32,38", "Center": "12,14" },
	"SSJ3_0x8a":  { "File": "SSJ3.bmp", "Rect": "516,460,38,32", "Center": "12,8" },
	"SSJ3_0x8b":  { "File": "SSJ3.bmp", "Rect": "569,460,35,32", "Center": "15,8" },
	"SSJ3_0x8c":  { "File": "SSJ3.bmp", "Rect": "624,449,40,48", "Center": "20,28" },
	"SSJ3_0x8d":  { "File": "SSJ3.bmp", "Rect": "680,449,40,48", "Center": "20,28" },
	"SSJ3_0x8e":  { "File": "SSJ3.bmp", "Rect": "736,452,33,47", "Center": "23,24" },
	"SSJ3_0x8f":  { "File": "SSJ3.bmp", "Rect": "783,458,49,34", "Center": "32,20" },
	"SSJ3_0x90":  { "File": "SSJ3.bmp", "Rect": "844,448,40,52", "Center": "24,28" },
	"SSJ3_0x91":  { "File": "SSJ3.bmp", "Rect": "0,505,48,51", "Center": "24,29" },
	"SSJ3_0x92":  { "File": "SSJ3.bmp", "Rect": "61,508,45,44", "Center": "24,31" },
	"SSJ3_0x93":  { "File": "SSJ3.bmp", "Rect": "116,509,40,39", "Center": "24,31" },
	"SSJ3_0x94":  { "File": "SSJ3.bmp", "Rect": "180,505,32,51", "Center": "14,27" },
	"SSJ3_0x95":  { "File": "SSJ3.bmp", "Rect": "236,505,28,51", "Center": "13,27" },
	"SSJ3_0x96":  { "File": "SSJ3.bmp", "Rect": "292,516,32,32", "Center": "16,16" },
	"SSJ3_0x97":  { "File": "SSJ3.bmp", "Rect": "346,513,34,35", "Center": "18,19" },
	"SSJ3_0x98":  { "File": "SSJ3.bmp", "Rect": "404,514,35,34", "Center": "16,18" },
	"SSJ3_0x99":  { "File": "SSJ3.bmp", "Rect": "460,516,34,35", "Center": "16,16" },
	"SSJ3_0x9a":  { "File": "SSJ3.bmp", "Rect": "513,516,35,34", "Center": "19,16" },
	"SSJ3_0x9b":  { "File": "SSJ3.bmp", "Rect": "566,513,42,35", "Center": "20,15" },
	"SSJ3_0x9c":  { "File": "SSJ3.bmp", "Rect": "622,513,42,35", "Center": "20,15" },
	"SSJ3_0x9d":  { "File": "SSJ3.bmp", "Rect": "679,508,41,44", "Center": "20,25" },
	"SSJ3_0x9e":  { "File": "SSJ3.bmp", "Rect": "735,508,41,44", "Center": "19,25" },
	"SSJ3_0x9f":  { "File": "SSJ3.bmp", "Rect": "794,510,34,42", "Center": "17,23" },
	"SSJ3_0xa0":  { "File": "SSJ3.bmp", "Rect": "852,507,32,45", "Center": "17,25" },
	"SSJ3_0xa1":  { "File": "SSJ3.bmp", "Rect": "6,560,43,52", "Center": "25,31" },
	"SSJ3_0xa2":  { "File": "SSJ3.bmp", "Rect": "62,559,43,53", "Center": "25,32" },
	"SSJ3_0xa3":  { "File": "SSJ3.bmp", "Rect": "117,557,43,55", "Center": "25,34" },
	"SSJ3_0xa4":  { "File": "SSJ3.bmp", "Rect": "174,560,43,52", "Center": "25,31" },
	"SSJ3_0xa5":  { "File": "SSJ3.bmp", "Rect": "230,559,43,53", "Center": "25,32" },
	"SSJ3_0xa6":  { "File": "SSJ3.bmp", "Rect": "285,557,43,55", "Center": "25,34" },
	"SSJ3_0xa7":  { "File": "SSJ3.bmp", "Rect": "344,560,40,48", "Center": "16,28" },
	"SSJ3_0xa8":  { "File": "SSJ3.bmp", "Rect": "400,560,40,48", "Center": "16,28" },
	"SSJ3_0xa9":  { "File": "SSJ3.bmp", "Rect": "456,568,40,40", "Center": "16,20" },
	"SSJ3_0xaa":  { "File": "SSJ3.bmp", "Rect": "504,572,56,28", "Center": "26,16" },
	"SSJ3_0xab":  { "File": "SSJ3.bmp", "Rect": "560,572,56,28", "Center": "26,16" },
	"SSJ3_0xac":  { "File": "SSJ3.bmp", "Rect": "618,564,46,44", "Center": "26,24" },
	"SSJ3_0xad":  { "File": "SSJ3.bmp", "Rect": "684,568,32,40", "Center": "18,20" },
	"SSJ3_0xae":  { "File": "SSJ3.bmp", "Rect": "740,568,32,40", "Center": "18,20" },
	"SSJ3_0xaf":  { "File": "SSJ3.bmp", "Rect": "792,568,40,40", "Center": "26,20" },
	"SSJ3_0xb0":  { "File": "SSJ3.bmp", "Rect": "848,559,36,49", "Center": "28,29" },
	"SSJ3_0xb1":  { "File": "SSJ3.bmp", "Rect": "4,615,40,49", "Center": "30,29" },
	"SSJ3_0xb2":  { "File": "SSJ3.bmp", "Rect": "60,614,40,50", "Center": "30,30" },
	"SSJ3_0xb3":  { "File": "SSJ3.bmp", "Rect": "116,612,40,52", "Center": "30,32" },
	"SSJ3_0xb4":  { "File": "SSJ3.bmp", "Rect": "184,616,24,56", "Center": "11,26" },
	"SSJ3_0xb5":  { "File": "SSJ3.bmp", "Rect": "240,616,24,56", "Center": "11,26" },
	"SSJ3_0xb6":  { "File": "SSJ3.bmp", "Rect": "292,620,32,48", "Center": "19,28" },
	"SSJ3_0xb7":  { "File": "SSJ3.bmp", "Rect": "348,620,32,48", "Center": "19,27" },
	"SSJ3_0xb8":  { "File": "SSJ3.bmp", "Rect": "404,620,32,48", "Center": "19,28" },
	"SSJ3_0xb9":  { "File": "SSJ3.bmp", "Rect": "460,620,32,48", "Center": "19,27" },
	"SSJ3_0xba":  { "File": "SSJ3.bmp", "Rect": "511,619,41,49", "Center": "27,29" },
	"SSJ3_0xbb":  { "File": "SSJ3.bmp", "Rect": "568,618,40,50", "Center": "26,30" },
	"SSJ3_0xbc":  { "File": "SSJ3.bmp", "Rect": "624,616,40,52", "Center": "26,32" },
	"SSJ3_0xbd":  { "File": "SSJ3.bmp", "Rect": "680,620,40,48", "Center": "26,28" },
	"SSJ3_0xbe":  { "File": "SSJ3.bmp", "Rect": "736,620,40,48", "Center": "26,28" },
	"SSJ3_0xbf":  { "File": "SSJ3.bmp", "Rect": "792,620,40,48", "Center": "26,28" },
	"SSJ3_0xc0":  { "File": "SSJ3.bmp", "Rect": "848,620,40,48", "Center": "26,28" },
	"SSJ3_0xc1":  { "File": "SSJ3.bmp", "Rect": "8,676,40,48", "Center": "26,28" },
	"SSJ3_0xc2":  { "File": "SSJ3.bmp", "Rect": "64,676,40,48", "Center": "26,28" },
	"SSJ3_0xc3":  { "File": "SSJ3.bmp", "Rect": "113,675,43,45", "Center": "32,25" },
	"SSJ3_0xc4":  { "File": "SSJ3.bmp", "Rect": "171,678,45,42", "Center": "34,20" },
	"SSJ3_0xc5":  { "File": "SSJ3.bmp", "Rect": "231,674,41,50", "Center": "27,30" },
	"SSJ3_0xc6":  { "File": "SSJ3.bmp", "Rect": "287,673,41,51", "Center": "27,31" },
	"SSJ3_0xc7":  { "File": "SSJ3.bmp", "Rect": "344,672,40,52", "Center": "26,32" },
	"SSJ3_0xc8":  { "File": "SSJ3.bmp", "Rect": "396,674,51,38", "Center": "29,26" },
	"SSJ3_0xc9":  { "File": "SSJ3.bmp", "Rect": "456,673,44,40", "Center": "20,27" },
	"SSJ3_0xca":  { "File": "SSJ3.bmp", "Rect": "512,673,43,40", "Center": "21,27" },
	"SSJ3_0xcb":  { "File": "SSJ3.bmp", "Rect": "564,673,44,40", "Center": "25,27" },
	"SSJ3_0xcc":  { "File": "SSJ3.bmp", "Rect": "620,674,48,39", "Center": "21,26" },
	"SSJ3_0xcd":  { "File": "SSJ3.bmp", "Rect": "680,672,40,40", "Center": "22,28" },
	"SSJ3_0xce":  { "File": "SSJ3.bmp", "Rect": "736,672,43,40", "Center": "21,28" },
	"SSJ3_0xcf":  { "File": "SSJ3.bmp", "Rect": "792,672,40,40", "Center": "17,28" },
	"SSJ3_0xd0":  { "File": "SSJ3.bmp", "Rect": "848,673,40,48", "Center": "20,20" },
	"SSJ3_0xd1":  { "File": "SSJ3.bmp", "Rect": "8,729,40,48", "Center": "20,20" },
	"SSJ3_0xd2":  { "File": "SSJ3.bmp", "Rect": "68,740,30,32", "Center": "16,16" },
	"SSJ3_0xd3":  { "File": "SSJ3.bmp", "Rect": "121,732,35,48", "Center": "16,24" },
	"SSJ3_0xd4":  { "File": "SSJ3.bmp", "Rect": "174,729,38,51", "Center": "22,27" },
	"SSJ3_0xd5":  { "File": "SSJ3.bmp", "Rect": "230,729,38,51", "Center": "22,27" },
	"SSJ3_0xd6":  { "File": "SSJ3.bmp", "Rect": "289,729,35,51", "Center": "19,27" },
	"SSJ3_0xd7":  { "File": "SSJ3.bmp", "Rect": "344,729,40,48", "Center": "24,24" },
	"SSJ3_0xd8":  { "File": "SSJ3.bmp", "Rect": "400,729,40,48", "Center": "24,24" },
	"SSJ3_0xd9":  { "File": "SSJ3.bmp", "Rect": "456,736,40,40", "Center": "24,20" },
	"SSJ3_0xda":  { "File": "SSJ3.bmp", "Rect": "512,734,36,42", "Center": "20,22" },
	"SSJ3_0xdb":  { "File": "SSJ3.bmp", "Rect": "568,734,36,42", "Center": "20,22" },
	"SSJ3_0xdc":  { "File": "SSJ3.bmp", "Rect": "624,734,36,42", "Center": "20,22" },
	"SSJ3_0xdd":  { "File": "SSJ3.bmp", "Rect": "680,734,36,42", "Center": "20,22" },
	"SSJ3_0xde":  { "File": "SSJ3.bmp", "Rect": "736,734,36,42", "Center": "20,22" },
	"SSJ3_0xdf":  { "File": "SSJ3.bmp", "Rect": "790,733,38,43", "Center": "22,23" },
	"SSJ3_0xe0":  { "File": "SSJ3.bmp", "Rect": "853,736,27,36", "Center": "15,20" },
	"SSJ3_0xe1":  { "File": "SSJ3.bmp", "Rect": "16,787,24,45", "Center": "12,25" },
	"SSJ3_0xe2":  { "File": "SSJ3.bmp", "Rect": "68,785,32,47", "Center": "16,27" },
	"SSJ3_0xe3":  { "File": "SSJ3.bmp", "Rect": "119,784,41,52", "Center": "21,28" },
	"SSJ3_0xe4":  { "File": "SSJ3.bmp", "Rect": "172,784,40,52", "Center": "24,28" },
	"SSJ3_0xe5":  { "File": "SSJ3.bmp", "Rect": "228,784,40,52", "Center": "24,28" },
	"SSJ3_0xe6":  { "File": "SSJ3.bmp", "Rect": "288,784,36,52", "Center": "20,28" },
	"SSJ3_0xe7":  { "File": "SSJ3.bmp", "Rect": "351,784,27,52", "Center": "13,28" },
	"SSJ3_0xe8":  { "File": "SSJ3.bmp", "Rect": "404,784,37,52", "Center": "16,28" },
	"SSJ3_0xe9":  { "File": "SSJ3.bmp", "Rect": "460,784,36,52", "Center": "16,28" },
	"SSJ3_0xea":  { "File": "SSJ3.bmp", "Rect": "519,784,27,52", "Center": "13,28" },
	"SSJ3_0xeb":  { "File": "SSJ3.bmp", "Rect": "560,784,48,52", "Center": "28,28" },
	"SSJ3_0xec":  { "File": "SSJ3.bmp", "Rect": "616,792,52,40", "Center": "28,20" },
	"SSJ3_0xed":  { "File": "SSJ3.bmp", "Rect": "684,788,37,51", "Center": "16,24" },
	"SSJ3_0xee":  { "File": "SSJ3.bmp", "Rect": "732,788,48,44", "Center": "24,24" },
	"SSJ3_0xef":  { "File": "SSJ3.bmp", "Rect": "791,789,41,43", "Center": "21,23" },
	"SSJ3_0xf0":  { "File": "SSJ3.bmp", "Rect": "848,789,40,43", "Center": "21,23" },
	"SSJ3_0xf1":  { "File": "SSJ3.bmp", "Rect": "10,845,37,43", "Center": "19,23" },
	"SSJ3_0xf2":  { "File": "SSJ3.bmp", "Rect": "66,846,35,42", "Center": "18,22" },
	"SSJ3_0xf3":  { "File": "SSJ3.bmp", "Rect": "121,845,37,43", "Center": "19,23" },
	"SSJ3_0xf4":  { "File": "SSJ3.bmp", "Rect": "177,845,39,43", "Center": "19,23" },
	"SSJ3_0xf5":  { "File": "SSJ3.bmp", "Rect": "232,845,41,43", "Center": "20,23" },
	"SSJ3_0xf6":  { "File": "SSJ3.bmp", "Rect": "289,845,38,43", "Center": "19,23" },
	"SSJ3_0xf7":  { "File": "SSJ3.bmp", "Rect": "346,845,34,43", "Center": "18,23" },
	"SSJ3_0xf8":  { "File": "SSJ3.bmp", "Rect": "404,845,35,43", "Center": "17,23" },
	"SSJ3_0xf9":  { "File": "SSJ3.bmp", "Rect": "460,845,34,43", "Center": "16,23" },
	"SSJ3_0xfa":  { "File": "SSJ3.bmp", "Rect": "513,845,38,43", "Center": "19,23" }
}