{
	"TitleScreen_Sonic_Base":  { "File": "Sonic_Title_Screen.png", "Rect": "1,20,241,181", "Center": "-90,104" },
	"TitleScreen_Sonic_Eye_0":  { "File": "Sonic_Title_Screen.png", "Rect": "242,22,241,181", "Center": "-90,104" },
	"TitleScreen_Sonic_Eye_1":  { "File": "Sonic_Title_Screen.png", "Rect": "485,22,241,181", "Center": "-90,104" },
	"TitleScreen_Sonic_Eye_2":  { "File": "Sonic_Title_Screen.png", "Rect": "242,22,241,181", "Center": "-90,104" },
	"TitleScreen_Sonic_Hand_0":  { "File": "Sonic_Title_Screen.png", "Rect": "1,20,241,181", "Center": "-90,104" },
	"TitleScreen_Sonic_Hand_1":  { "File": "Sonic_Title_Screen.png", "Rect": "729,22,241,181", "Center": "-90,104" },
	"TitleScreen_Sonic_Hand_2":  { "File": "Sonic_Title_Screen.png", "Rect": "1,20,241,181", "Center": "-90,104" },
	"TitleScreen_Sonic_Hand_3":  { "File": "Sonic_Title_Screen.png", "Rect": "973,22,241,181", "Center": "-90,104" },
	"banner":  { "File": "Banner.png", "Rect": "0,0,0,0", "Center": "0,0" },
	"bg_title_screen":  { "File": "bg_title_screen.png", "Rect": "0,0,0,0", "Center": "0,0" },
	"title_screen_air":  { "File": "objects.png", "Rect": "0,0,152,18", "Center": "76,9" },
	"title_screen_air_h":  { "File": "objects.png", "Rect": "0,18,152,14", "Center": "76,9" },
	"title_screen_start":  { "File": "objects.png", "Rect": "0,32,140,13", "Center": "70,8" },
	"title_screen_cr":  { "File": "objects.png", "Rect": "0,46,72,18", "Center": "0,0" },
	"tornado_0":  { "File": "tornado.png", "Rect": "0,0,48,24", "Center": "0,5" },
	"tornado_1":  { "File": "tornado.png", "Rect": "0,25,46,24", "Center": "0,5" },
	"tornado_2":  { "File": "tornado.png", "Rect": "0,50,48,24", "Center": "0,5" },
	"tornado_3":  { "File": "tornado.png", "Rect": "49,0,46,24", "Center": "0,5" },
	"tornado_4":  { "File": "tornado.png", "Rect": "47,25,46,24", "Center": "0,5" },
	"tornado_5":  { "File": "tornado.png", "Rect": "49,50,46,24", "Center": "0,5" },
	"tornado2_0":  { "File": "tornadoleft.png", "Rect": "0,0,48,24", "Center": "0,5" },
	"tornado2_1":  { "File": "tornadoleft.png", "Rect": "0,25,46,24", "Center": "-2,5" },
	"tornado2_2":  { "File": "tornadoleft.png", "Rect": "0,50,48,24", "Center": "0,5" },
	"tornado2_3":  { "File": "tornadoleft.png", "Rect": "49,0,46,24", "Center": "-2,5" },
	"tornado2_4":  { "File": "tornadoleft.png", "Rect": "47,25,48,24", "Center": "0,5" },
	"tornado2_5":  { "File": "tornadoleft.png", "Rect": "49,50,46,24", "Center": "-2,5" }
}