{
        "original_game_by":  { "File": "OriginalGameBy.png" },
        "sega_logo":  { "File": "SEGA.png" },
	"sega_sk_logo":    { "File": "SEGA_SK.png", "Center": "0,0" },
        "sega_sk_anim_0":    { "File": "SEGA_SK_ANIM/SEGA_SK_0.png", "Center": "0,0" },
        "sega_sk_anim_1":    { "File": "SEGA_SK_ANIM/SEGA_SK_1.png", "Center": "0,0" },
        "sega_sk_anim_2":    { "File": "SEGA_SK_ANIM/SEGA_SK_2.png", "Center": "0,0" },
        "sega_sk_anim_3":    { "File": "SEGA_SK_ANIM/SEGA_SK_3.png", "Center": "0,0" },
        "sega_sk_anim_4":    { "File": "SEGA_SK_ANIM/SEGA_SK_4.png", "Center": "0,0" },
        "sega_sk_anim_5":    { "File": "SEGA_SK_ANIM/SEGA_SK_5.png", "Center": "0,0" },
        "sega_sk_anim_6":    { "File": "SEGA_SK_ANIM/SEGA_SK_6.png", "Center": "0,0" },
        "sega_sk_anim2_0":    { "File": "SEGA_SK_ANIM2/SEGA_0.png", "Center": "0,0" },
        "sega_sk_anim2_1":    { "File": "SEGA_SK_ANIM2/SEGA_1.png", "Center": "0,0" },
        "sega_sk_anim2_2":    { "File": "SEGA_SK_ANIM2/SEGA_2.png", "Center": "0,0" },
        "sega_sk_anim2_3":    { "File": "SEGA_SK_ANIM2/SEGA_3.png", "Center": "0,0" },
        "sega_sk_anim2_4":    { "File": "SEGA_SK_ANIM2/SEGA_4.png", "Center": "0,0" },
        "sega_sk_anim2_5":    { "File": "SEGA_SK_ANIM2/SEGA_5.png", "Center": "0,0" },    
        "sega_sk_anim2_6":    { "File": "SEGA_SK_ANIM2/SEGA_6.png", "Center": "0,0" },
        "sega_sk_anim2_7":    { "File": "SEGA_SK_ANIM2/SEGA_7.png", "Center": "0,0" },
        "sega_sk_anim2_8":    { "File": "SEGA_SK_ANIM2/SEGA_8.png", "Center": "0,0" },
        "sega_sk_anim2_9":    { "File": "SEGA_SK_ANIM2/SEGA_9.png", "Center": "0,0" }             
}