{
  "Metadata": {
    "Name": "Sawnic",
    "Author": "BLU=, SAWhane25 & PixelsTay",
    "Description": "WELCOME TO THE NEXT LEVEL",
    "URL": "https://twitter.com/NewtrogicPanic",
    "ModVersion": "1.04",
    "GameVersion": "22.09.10.0"
	},
	"Settings":
  {
		"List":
		[
			{
				"InternalName": "SawnicTrail",
				"DisplayName": "Trail Effects",
				"Variable": "NPTrailEffect",
				"Category": "Visual",
				"DefaultValue": "1",
				"Options":
				{
					"0": "Disabled",
					"1": "Enabled",
					"2": "Shields Only",
				}
			},
			{
				"InternalName": "SawnicLineEffects",
				"DisplayName": "Boss Hit Effects",
				"Variable": "NPLineEffect",
				"Category": "Visual",
				"DefaultValue": "2",
				"Options":
				{
					"0": "Disabled",
					"1": "Enabled",
					"2": "Only one",
				}
			},
			{
				"InternalName": "SawnicAfterImages",
				"DisplayName": "Dodge After Images",
				"Variable": "NPAfterImageEffect",
				"Category": "Visual",
				"DefaultValue": "1",
				"Options":
				{
					"0": "Disabled",
					"1": "Enabled",
				}
			},
			{
				"InternalName": "SawnicScreenShake",
				"DisplayName": "Boss Explosion Effects",
				"Variable": "NPScreenShake",
				"Category": "Visual",
				"DefaultValue": "1",
				"Options":
				{
					"0": "Disabled",
					"1": "Enabled",
				}
			},
			{
				"InternalName": "SawnicInputDisplay",
				"DisplayName": "Input Display",
				"Variable": "NPInputDisplay",
				"Category": "Interface",
				"DefaultValue": "1",
				"Options":
				{
					"0": "Disabled",
					"1": "Enabled",
				}
			},
			{
				"InternalName": "SawnicBossEffect",
				"DisplayName": "Boss Effects",
				"Variable": "NPBossEffect",
				"Category": "Interface",
				"DefaultValue": "1",
				"Options":
				{
					"0": "Disabled",
					"1": "Enabled",
				}
			},
			{
				"InternalName": "SawnicCinemascope",
				"DisplayName": "Letterboxing",
				"Variable": "NPBossCinemascope",
				"Category": "Interface",
				"DefaultValue": "1",
				"Options":
				{
					"0": "Disabled",
					"1": "Enabled",
				}
			},
			{
				"InternalName": "SawnicSRBG",
				"DisplayName": "Superrush Background",
				"Variable": "NPSuperrushBG",
				"Category": "Interface",
				"DefaultValue": "2",
				"Options":
				{
					"0": "Disabled",
					"1": "Partial",
					"2": "Enabled",
				}
			},
			{
				"InternalName": "SawnicZoneCountdown",
				"DisplayName": "Zone Start Intro",
				"Variable": "NPZoneCountdown",
				"Category": "Gameplay",
				"DefaultValue": "1",
				"Options":
				{
					"0": "Disabled",
					"1": "Enabled",
				}
			},
			{
				"InternalName": "SawnicZoneOrder",
				"DisplayName": "Zone Order",
				"Variable": "NPZoneOrder",
				"Category": "Gameplay",
				"DefaultValue": "1",
				"Options":
				{
					"0": "Final",
					"1": "Prototype",
				}
			},
			{
				"InternalName": "SawnicMinibossMusic",
				"DisplayName": "Miniboss Music",
				"Variable": "NPMinibossMusic",
				"Category": "Audio",
				"DefaultValue": "1",
				"Options":
				{
					"0": "Default",
					"1": "Don't Panic",
					"2": "Shudder",
				}
			},
			{
				"InternalName": "SawnicMajorBossMusic",
				"DisplayName": "Major Boss Music",
				"Variable": "NPMajorBossMusic",
				"Category": "Audio",
				"DefaultValue": "1",
				"Options":
				{
					"0": "Default",
					"1": "Scrappy Beat",
				}
			},
			{
				"InternalName": "SawnicPalette",
				"DisplayName": "Palette",
				"Variable": "NPPalette",
				"Category": "Fun",
				"DefaultValue": "1",
				"Options":
				{
					"0": "Sonic 3",
					"1": "Sawnic",
					"2": "Newtrogic Panic",
					"3": "Sonic Hysteria",
					"4": "Fallen Star",
					"5": "Freedom Planet 2",
					"6": "Undertale: Bits & Pieces",
					"7": "Blue Raspberry",
					"8": "Infinite Fun",
					"9": "Andrew",
				}
			},
			{
				"InternalName": "SawnicSeriousMode",
				"DisplayName": "Easter Eggs",
				"Variable": "SeriousMode",
				"Category": "Fun",
				"DefaultValue": "0",
				"Options":
				{
					"1": "Disabled",
					"0": "Enabled",
				}
			},
			{
				"InternalName": "SawnicShields",
				"DisplayName": "Shield Graphics",
				"Variable": "ShieldGraphics",
				"Category": "Fun",
				"DefaultValue": "1",
				"Options":
				{
					"0": "Sonic 3",
					"1": "Newtrogic Panic",
				}
			},
			{
				"InternalName": "SawnicMonitors",
				"DisplayName": "Monitor Graphics",
				"Variable": "MonitorGraphics",
				"Category": "Fun",
				"DefaultValue": "1",
				"Options":
				{
					"0": "Menu Option",
					"1": "Newtrogic Panic",
				}
			},
			{
				"InternalName": "SawnicPBHeadMaxHP",
				"DisplayName": "Pink Burner Head HP",
				"Variable": "NPPBHeadMaxHP",
				"Category": "Tweaks",
				"DefaultValue": "0",
				"Options":
				{
					"0": "6",
					"1": "8",
					"2": "18",
				}
			},
			{
				"InternalName": "SawnicPBCanonMaxHP",
				"DisplayName": "Pink Burner Cannon HP",
				"Variable": "NPPBCanonMaxHP",
				"Category": "Tweaks",
				"DefaultValue": "0",
				"Options":
				{
					"0": "5",
					"1": "8",
					"2": "12"
				}
			},
			{
				"InternalName": "SawnicStoneTheme",
				"DisplayName": "Override Stone Boss Theme",
				"Variable": "NPStoneMusicOverride",
				"Category": "Compatibility",
				"DefaultValue": "1",
				"Options":
				{
					"0": "No",
					"1": "Yes",
				}
			},
			{
				"InternalName": "SawnicShock",
				"DisplayName": "Shock Death",
				"Variable": "NPShockDeath",
				"Category": "Experiments",
				"DefaultValue": "0",
				"Options":
				{
					"0": "Disabled",
					"1": "Enabled",
				}
			},
		]
    }
}