{
    "description": "Flex 2 Project File",
    "name": "EEVEE AIR",
    "objects": [
        {
            "name": "signpost",
            "palettes": [
                {
                    "path": "..\\..\\advaced s3 modding stuff\\skdisasm-master\\skdisasm-master\\General\\Sprites\\Sonic\\Palettes\\SonicAndTails.bin",
                    "length": 1
                }
            ],
            "art": {
                "path": "..\\..\\advaced s3 modding stuff\\skdisasm-master\\skdisasm-master\\General\\Sprites\\Signpost\\End Signs.bin",
                "compression": "Uncompressed",
                "accessor": ""
            },
            "mappings": {
                "path": "..\\..\\advaced s3 modding stuff\\skdisasm-master\\skdisasm-master\\General\\Sprites\\Signpost\\Map - End Signs.asm",
                "format": "Sonic 3&K",
                "customDefinition": "",
                "label": "label",
                "accessor": ""
            },
            "dplcs": {
                "enabled": true,
                "path": "..\\..\\advaced s3 modding stuff\\skdisasm-master\\skdisasm-master\\General\\Sprites\\Signpost\\DPLC - End Signs.asm",
                "format": "Custom",
                "customDefinition": "; Sonic 2/3&K DPLC Definition\n\nheaderSize(2)           ; bytes\ndplcDefinition(\n    AAAA AAAA AAAA      ; art tile offset\n    NNNN                ; number of tiles (-1)\n)",
                "label": "",
                "accessor": ""
            }
        },
        {
            "name": "",
            "palettes": [],
            "art": {
                "path": "",
                "compression": "Uncompressed"
            },
            "mappings": {
                "path": "",
                "format": "Sonic 1",
                "customDefinition": "",
                "label": ""
            },
            "dplcs": {
                "enabled": false,
                "path": "",
                "format": "Sonic 1",
                "customDefinition": "",
                "label": ""
            }
        }
    ]
}