{
"eevee_mod_sign_posts":
{
"File": "End Signs.bin",
"RomInject": "0xDCC76"
}	
        ,"Banner":
	{
		"File": "S3 Banner.bin",
		"RomInject": "0x35026C"
	},
	
	"Banner Palette":
	{
		"File": "Banner Palette.bin",
		"RomInject": "0x480C"
	},
	

	"Sonic":
	{
		"File": "Sonic.bin",
		"RomInject": "0x2c49cc"
	},
	
	"More Sonic":
	{
		"File": "More Sonic.bin",
		"RomInject": "0x359FC6"
	},
	
	"Remove Copyright":
	{
		"File": "CR.bin",
		"RomInject": "0x4d2a"
	}
}
