{
	"Origins_Airswing_0":  { "File": "origins_airswing.bmp", "Rect": "2,2,36,52", "Center": "14,30" },
	"Origins_Airswing_1":  { "File": "origins_airswing.bmp", "Rect": "41,3,34,51", "Center": "21,29" },
	"Origins_Airswing_2":  { "File": "origins_airswing.bmp", "Rect": "77,15,46,39", "Center": "27,19" },
	"Origins_Airswing_3":  { "File": "origins_airswing.bmp", "Rect": "125,6,40,48", "Center": "27,30" },
	"Origins_Airswing_4":  { "File": "origins_airswing.bmp", "Rect": "167,6,23,48", "Center": "13,29" },
	"Origins_Airswing_5":  { "File": "origins_airswing.bmp", "Rect": "192,8,46,46", "Center": "17,29" },
	"Origins_Airswing_6":  { "File": "origins_airswing.bmp", "Rect": "2,58,44,46", "Center": "19,15" },
	"Origins_Airswing_7":  { "File": "origins_airswing.bmp", "Rect": "49,58,36,34", "Center": "15,16" },
	"Origins_Airswing_8":  { "File": "origins_airswing.bmp", "Rect": "88,58,33,41", "Center": "17,18" },
	"Origins_Airswing_9":  { "File": "origins_airswing.bmp", "Rect": "124,58,33,36", "Center": "16,14" },
	"Origins_Airswing_10":  { "File": "origins_airswing.bmp", "Rect": "160,58,40,33", "Center": "21,16" },
	"Origins_Airswing_11":  { "File": "origins_airswing.bmp", "Rect": "3,108,42,29", "Center": "20,15" },
	"Origins_Airswing_12":  { "File": "origins_airswing.bmp", "Rect": "48,108,32,41", "Center": "15,20" },
	"Origins_Airswing_13":  { "File": "origins_airswing.bmp", "Rect": "84,108,29,42", "Center": "12,20" },
	"Origins_Airswing_14":  { "File": "origins_airswing.bmp", "Rect": "116,108,23,41", "Center": "12,19" },
	"S3_Airswing_0":  { "File": "S3_airswing.bmp", "Rect": "2,2,36,52", "Center": "14,29" },
	"S3_Airswing_1":  { "File": "S3_airswing.bmp", "Rect": "41,3,34,51", "Center": "19,29" },
	"S3_Airswing_2":  { "File": "S3_airswing.bmp", "Rect": "125,6,40,48", "Center": "27,24" },
	"S3_Airswing_3":  { "File": "S3_airswing.bmp", "Rect": "192,8,46,46", "Center": "17,29" },
	"S3_Airswing_4":  { "File": "S3_airswing.bmp", "Rect": "2,58,44,46", "Center": "21,18" },
	"S3_Airswing_5":  { "File": "S3_airswing.bmp", "Rect": "49,58,36,34", "Center": "17,17" },
	"S3_Airswing_6":  { "File": "S3_airswing.bmp", "Rect": "88,58,33,41", "Center": "14,18" },
	"S3_Airswing_7":  { "File": "S3_airswing.bmp", "Rect": "124,58,33,36", "Center": "17,15" },
	"S3_Airswing_8":  { "File": "S3_airswing.bmp", "Rect": "160,58,40,33", "Center": "21,14" },
	"S3_Airswing_9":  { "File": "S3_airswing.bmp", "Rect": "3,108,42,29", "Center": "20,15" },
	"S3_Airswing_10":  { "File": "S3_airswing.bmp", "Rect": "48,108,32,41", "Center": "18,22" },
	"S3_Airswing_11":  { "File": "S3_airswing.bmp", "Rect": "116,108,32,41", "Center": "15,20" },
	"Ca22_Airswing_0":  { "File": "Ca22_airswing.bmp", "Rect": "2,2,36,51", "Center": "14,30" },
	"Ca22_Airswing_1":  { "File": "Ca22_airswing.bmp", "Rect": "41,3,34,51", "Center": "21,32" },
	"Ca22_Airswing_2":  { "File": "Ca22_airswing.bmp", "Rect": "125,4,40,50", "Center": "27,32" },
	"Ca22_Airswing_3":  { "File": "Ca22_airswing.bmp", "Rect": "192,8,46,46", "Center": "15,29" },
	"Ca22_Airswing_4":  { "File": "Ca22_airswing.bmp", "Rect": "2,58,44,49", "Center": "21,17" },
	"Ca22_Airswing_5":  { "File": "Ca22_airswing.bmp", "Rect": "49,58,36,34", "Center": "18,18" },
	"Ca22_Airswing_6":  { "File": "Ca22_airswing.bmp", "Rect": "88,58,33,41", "Center": "15,16" },
	"Ca22_Airswing_7":  { "File": "Ca22_airswing.bmp", "Rect": "124,58,33,36", "Center": "18,17" },
	"Ca22_Airswing_8":  { "File": "Ca22_airswing.bmp", "Rect": "160,58,40,33", "Center": "22,16" },
	"Ca22_Airswing_9":  { "File": "Ca22_airswing.bmp", "Rect": "3,108,42,29", "Center": "22,14" },
	"Ca22_Airswing_10":  { "File": "Ca22_airswing.bmp", "Rect": "48,108,32,41", "Center": "17,23" },
	"Ca22_Airswing_11":  { "File": "Ca22_airswing.bmp", "Rect": "116,108,23,41", "Center": "14,19" }
}