{
	"Slide_origins_0":  { "File": "slap_origins.bmp", "Rect": "2,17,38,31", "Center": "22,15" },
	"Slide_origins_1":  { "File": "slap_origins.bmp", "Rect": "43,22,38,26", "Center": "19,9" },
	"Slide_origins_2":  { "File": "slap_origins.bmp", "Rect": "83,22,38,26", "Center": "19,8" },
	"Slide_origins_3":  { "File": "slap_origins.bmp", "Rect": "125,22,39,26", "Center": "19,8" },
	"Slide_origins_4":  { "File": "slap_origins.bmp", "Rect": "169,21,39,27", "Center": "19,8" },
	"Slide_origins_5":  { "File": "slap_origins.bmp", "Rect": "213,21,31,27", "Center": "16,11" },
	"Slide_origins_6":  { "File": "slap_origins.bmp", "Rect": "245,20,27,28", "Center": "13,12" },
	"Slide_origins_7":  { "File": "slap_origins.bmp", "Rect": "273,20,26,28", "Center": "14,12" },
	"Slide_origins_8":  { "File": "slap_origins.bmp", "Rect": "299,20,25,28", "Center": "14,12" },
	"Slide_origins_9":  { "File": "slap_origins.bmp", "Rect": "273,20,26,28", "Center": "14,12" },
	"Slide_origins_10":  { "File": "slap_origins.bmp", "Rect": "299,20,25,28", "Center": "14,12" },
	"Slide_origins_11":  { "File": "slap_origins.bmp", "Rect": "325,15,23,33", "Center": "11,17" },
	"Slide_Ca22_0":  { "File": "slap_ca22.bmp", "Rect": "5,3,38,31", "Center": "16,12" },
	"Slide_Ca22_1":  { "File": "slap_ca22.bmp", "Rect": "47,3,38,31", "Center": "19,10" },
	"Slide_Ca22_2":  { "File": "slap_ca22.bmp", "Rect": "97,9,37,25", "Center": "17,3" },
	"Slide_Ca22_3":  { "File": "slap_ca22.bmp", "Rect": "136,9,39,25", "Center": "19,1" },
	"Slide_Ca22_4":  { "File": "slap_ca22.bmp", "Rect": "177,9,41,25", "Center": "20,1" },
	"Slide_Ca22_5":  { "File": "slap_ca22.bmp", "Rect": "220,9,44,25", "Center": "20,1" },
	"Slide_Ca22_6":  { "File": "slap_ca22.bmp", "Rect": "266,8,31,26", "Center": "13,5" },
	"Slide_Ca22_7":  { "File": "slap_ca22.bmp", "Rect": "299,7,28,27", "Center": "13,6" },
	"Slide_Ca22_8":  { "File": "slap_ca22.bmp", "Rect": "329,6,23,28", "Center": "11,7" },
	"Slide_Ca22_9":  { "File": "slap_ca22.bmp", "Rect": "354,6,23,28", "Center": "11,7" },
	"Slide_Ca22_10":  { "File": "slap_ca22.bmp", "Rect": "329,6,23,28", "Center": "11,7" },
	"Slide_Ca22_11":  { "File": "slap_ca22.bmp", "Rect": "379,1,23,33", "Center": "11,12" },
	"Slide_S3_0":  { "File": "slap_s3.bmp", "Rect": "10,18,41,26", "Center": "20,5" },
	"Slide_S3_1":  { "File": "slap_s3.bmp", "Rect": "58,18,41,26", "Center": "20,5" },
	"Slide_S3_2":  { "File": "slap_s3.bmp", "Rect": "107,14,29,30", "Center": "15,10" },
	"Slide_S3_3":  { "File": "slap_s3.bmp", "Rect": "143,14,29,30", "Center": "15,10" },
	"Slide_S3_4":  { "File": "slap_s3.bmp", "Rect": "107,14,29,30", "Center": "15,10" },
	"Slide_S3_5":  { "File": "slap_s3.bmp", "Rect": "143,14,29,30", "Center": "15,10" },
	"Slide_S3_6":  { "File": "slap_s3.bmp", "Rect": "107,14,29,30", "Center": "15,10" },
	"Slide_S3_7":  { "File": "slap_s3.bmp", "Rect": "143,14,29,30", "Center": "15,10" },
	"Slide_S3_8":  { "File": "slap_s3.bmp", "Rect": "180,12,33,32", "Center": "15,12" }
}