{
	"hammer_attack_0":  { "File": "AttackOrigins.bmp", "Rect": "0,0,70,44", "Center": "31,28" },
	"hammer_attack_1":  { "File": "AttackOrigins.bmp", "Rect": "71,0,70,44", "Center": "31,28" },
	"hammer_attack_2":  { "File": "AttackOrigins.bmp", "Rect": "142,0,70,44", "Center": "31,28" },
	"hammer_attack_3":  { "File": "AttackOrigins.bmp", "Rect": "284,0,70,44", "Center": "32,28" },
	"hammer_attack_4":  { "File": "AttackOrigins.bmp", "Rect": "213,0,70,44", "Center": "31,28" },
	"hammer_attack_5":  { "File": "AttackOrigins.bmp", "Rect": "355,0,70,44", "Center": "31,28" },
	"hammer_attack_6":  { "File": "AttackOrigins.bmp", "Rect": "426,0,70,44", "Center": "31,28" },
	"hammer_attack_7":  { "File": "AttackOrigins.bmp", "Rect": "497,0,70,44", "Center": "31,28" },
	"hammer_attack_8":  { "File": "AttackOrigins.bmp", "Rect": "568,0,70,44", "Center": "31,28" },
	"hammer_attack_9":  { "File": "AttackOrigins.bmp", "Rect": "639,0,70,44", "Center": "31,28" },
	"hammer_attack_10":  { "File": "AttackOrigins.bmp", "Rect": "710,0,70,44", "Center": "31,28" },
	"hammer_attackS3_0":  { "File": "Attack.bmp", "Rect": "0,0,70,44", "Center": "31,24" },
	"hammer_attackS3_1":  { "File": "Attack.bmp", "Rect": "71,0,70,44", "Center": "31,24" },
	"hammer_attackS3_2":  { "File": "Attack.bmp", "Rect": "142,0,70,44", "Center": "31,24" },
	"hammer_attackS3_3":  { "File": "Attack.bmp", "Rect": "284,0,70,44", "Center": "32,24" },
	"hammer_attackS3_4":  { "File": "Attack.bmp", "Rect": "213,0,70,44", "Center": "31,24" },
	"hammer_attackS3_5":  { "File": "Attack.bmp", "Rect": "355,0,70,44", "Center": "31,24" },
	"hammer_attackS3_6":  { "File": "Attack.bmp", "Rect": "426,0,70,44", "Center": "31,24" },
	"hammer_attackS3_7":  { "File": "Attack.bmp", "Rect": "497,0,70,44", "Center": "31,24" },
	"hammer_attackS3_8":  { "File": "Attack.bmp", "Rect": "568,0,70,44", "Center": "31,24" },
	"hammer_attackS3_9":  { "File": "Attack.bmp", "Rect": "639,0,70,44", "Center": "31,24" },
	"hammer_attackS3_10":  { "File": "Attack.bmp", "Rect": "710,0,70,44", "Center": "31,24" }
}