{
	"character_Ca22_hammerglide_2":  { "File": "spinnyCa22.bmp", "Rect": "0,0,56,35", "Center": "27,17" },
	"character_Ca22_hammerglide_1":  { "File": "spinnyCa22.bmp", "Rect": "56,0,56,35", "Center": "27,17" },
	"character_Ca22_hammerglide_0":  { "File": "spinnyCa22.bmp", "Rect": "0,35,59,35", "Center": "28,17" },
	"character_Ca22_hammerglide_5":  { "File": "spinnyCa22.bmp", "Rect": "61,35,51,35", "Center": "21,18" },
	"character_Ca22_hammerglide_4":  { "File": "spinnyCa22.bmp", "Rect": "0,70,55,35", "Center": "27,18" },
	"character_Ca22_hammerglide_3":  { "File": "spinnyCa22.bmp", "Rect": "55,70,56,35", "Center": "27,17" }
}