{
	"character_char4_hammerrush_0":  { "File": "hammer.bmp", "Rect": "0,0,48,45", "Center": "24,27" },
	"character_char4_hammerrush_1":  { "File": "hammer.bmp", "Rect": "48,0,48,45", "Center": "24,27" },
	"character_char4_hammerrush_2":  { "File": "hammer.bmp", "Rect": "96,0,48,45", "Center": "24,27" },
	"character_char4_hammerrush_3":  { "File": "hammer.bmp", "Rect": "144,0,48,45", "Center": "24,27" },
	"character_char4_hammerrush_4":  { "File": "hammer.bmp", "Rect": "192,0,48,45", "Center": "24,27" },
	"character_char4_hammerrush_5":  { "File": "hammer.bmp", "Rect": "240,0,48,45", "Center": "24,27" },
	"character_char4_hammerrush_6":  { "File": "hammer.bmp", "Rect": "288,0,48,45", "Center": "24,27" },
	"character_char4_hammerrush_7":  { "File": "hammer.bmp", "Rect": "336,0,48,45", "Center": "24,27" },
	"character_S3_hammerrush_0":  { "File": "hammerS3.bmp", "Rect": "0,0,48,45", "Center": "23,28" },
	"character_S3_hammerrush_1":  { "File": "hammerS3.bmp", "Rect": "45,0,48,48", "Center": "27,28" },
	"character_S3_hammerrush_2":  { "File": "hammerS3.bmp", "Rect": "93,0,48,48", "Center": "22,28" },
	"character_S3_hammerrush_3":  { "File": "hammerS3.bmp", "Rect": "144,0,48,48", "Center": "14,28" },
	"character_S3_hammerrush_4":  { "File": "hammerS3.bmp", "Rect": "0,0,48,45", "Center": "23,28" },
	"character_S3_hammerrush_5":  { "File": "hammerS3.bmp", "Rect": "45,0,48,48", "Center": "27,28" },
	"character_S3_hammerrush_6":  { "File": "hammerS3.bmp", "Rect": "92,0,48,48", "Center": "23,28" },
	"character_S3_hammerrush_7":  { "File": "hammerS3.bmp", "Rect": "144,0,48,48", "Center": "14,28" },
	"character_Ca22_hammerrush_0":  { "File": "HammerCa22.bmp", "Rect": "0,0,47,45", "Center": "23,22" },
	"character_Ca22_hammerrush_1":  { "File": "HammerCa22.bmp", "Rect": "47,0,49,45", "Center": "24,22" },
	"character_Ca22_hammerrush_2":  { "File": "HammerCa22.bmp", "Rect": "96,0,48,45", "Center": "24,22" },
	"character_Ca22_hammerrush_3":  { "File": "HammerCa22.bmp", "Rect": "144,0,48,45", "Center": "23,22" },
	"character_Ca22_hammerrush_4":  { "File": "HammerCa22.bmp", "Rect": "192,0,47,45", "Center": "22,22" },
	"character_Ca22_hammerrush_5":  { "File": "HammerCa22.bmp", "Rect": "239,0,49,45", "Center": "24,22" },
	"character_Ca22_hammerrush_6":  { "File": "HammerCa22.bmp", "Rect": "288,0,48,45", "Center": "24,22" },
	"character_Ca22_hammerrush_7":  { "File": "HammerCa22.bmp", "Rect": "336,0,48,45", "Center": "24,22" }
}