{
	"Highjump_0":  { "File": "jump.bmp", "Rect": "0,121,45,34", "Center": "20,16" },
	"Highjump_1":  { "File": "jump.bmp", "Rect": "0,0,40,40", "Center": "20,20" },
	"Highjump_2":  { "File": "jump.bmp", "Rect": "40,0,40,40", "Center": "20,20" },
	"Highjump_3":  { "File": "jump.bmp", "Rect": "80,0,40,40", "Center": "20,20" },
	"Highjump_4":  { "File": "jump.bmp", "Rect": "0,40,40,40", "Center": "20,20" },
	"Highjump_5":  { "File": "jump.bmp", "Rect": "40,40,40,40", "Center": "20,20" },
	"Highjump_6":  { "File": "jump.bmp", "Rect": "80,40,40,40", "Center": "20,20" },
	"Highjump_7":  { "File": "jump.bmp", "Rect": "0,80,40,40", "Center": "20,20" },
	"Highjump_8":  { "File": "jump.bmp", "Rect": "40,80,40,40", "Center": "20,20" },
	"Highjump_9":  { "File": "jump.bmp", "Rect": "80,80,40,40", "Center": "20,20" },
	"HighjumpS3_0":  { "File": "jumpS3.bmp", "Rect": "0,120,45,35", "Center": "21,18" },
	"HighjumpS3_1":  { "File": "jumpS3.bmp", "Rect": "0,0,40,40", "Center": "20,20" },
	"HighjumpS3_2":  { "File": "jumpS3.bmp", "Rect": "40,0,40,40", "Center": "20,20" },
	"HighjumpS3_3":  { "File": "jumpS3.bmp", "Rect": "80,0,40,40", "Center": "20,20" },
	"HighjumpS3_4":  { "File": "jumpS3.bmp", "Rect": "0,40,40,40", "Center": "20,20" },
	"HighjumpS3_5":  { "File": "jumpS3.bmp", "Rect": "40,40,40,40", "Center": "20,20" },
	"HighjumpS3_6":  { "File": "jumpS3.bmp", "Rect": "80,40,40,40", "Center": "20,20" },
	"HighjumpS3_7":  { "File": "jumpS3.bmp", "Rect": "0,80,40,40", "Center": "20,20" },
	"HighjumpS3_8":  { "File": "jumpS3.bmp", "Rect": "40,80,40,40", "Center": "20,20" },
	"HighjumpS3_9":  { "File": "jumpS3.bmp", "Rect": "80,80,40,40", "Center": "20,20" },
	"HighjumpCa22_0":  { "File": "Ca22Jump.bmp", "Rect": "0,121,50,34", "Center": "21,18" },
	"HighjumpCa22_1":  { "File": "Ca22jump.bmp", "Rect": "0,0,40,40", "Center": "20,20" },
	"HighjumpCa22_2":  { "File": "Ca22jump.bmp", "Rect": "40,0,40,40", "Center": "20,20" },
	"HighjumpCa22_3":  { "File": "Ca22jump.bmp", "Rect": "80,0,40,40", "Center": "20,20" },
	"HighjumpCa22_4":  { "File": "Ca22jump.bmp", "Rect": "0,40,40,40", "Center": "20,20" },
	"HighjumpCa22_5":  { "File": "Ca22jump.bmp", "Rect": "40,40,40,40", "Center": "20,20" },
	"HighjumpCa22_6":  { "File": "Ca22jump.bmp", "Rect": "80,40,40,40", "Center": "20,20" },
	"HighjumpCa22_7":  { "File": "Ca22jump.bmp", "Rect": "0,80,40,40", "Center": "20,20" },
	"HighjumpCa22_8":  { "File": "Ca22jump.bmp", "Rect": "40,80,40,40", "Center": "20,20" },
	"HighjumpCa22_9":  { "File": "Ca22jump.bmp", "Rect": "80,80,40,40", "Center": "20,20" }
}