{
	"PopOrigins_0":  { "File": "AmyPop.bmp", "Rect": "1,1,30,40", "Center": "15,18" },
	"PopOrigins_1":  { "File": "AmyPop.bmp", "Rect": "33,1,30,40", "Center": "15,18" },
	"PopFallOrigins_0":  { "File": "AmyPop.bmp", "Rect": "65,1,30,40", "Center": "15,18" },
	"PopFallOrigins_1":  { "File": "AmyPop.bmp", "Rect": "97,1,30,40", "Center": "15,18" },
	"PopFallOrigins_2":  { "File": "AmyPop.bmp", "Rect": "129,1,30,40", "Center": "15,18" },
	"PopCa22_0":  { "File": "Ca22Pop.bmp", "Rect": "1,1,30,40", "Center": "15,18" },
	"PopCa22_1":  { "File": "Ca22Pop.bmp", "Rect": "33,1,30,40", "Center": "15,18" },
	"PopFallCa22_0":  { "File": "Ca22Pop.bmp", "Rect": "65,1,30,40", "Center": "15,18" },
	"PopFallCa22_1":  { "File": "Ca22Pop.bmp", "Rect": "97,1,30,40", "Center": "15,18" },
	"PopFallCa22_2":  { "File": "Ca22Pop.bmp", "Rect": "129,1,30,40", "Center": "15,18" },
	"PopS3_0":  { "File": "S3Pop.bmp", "Rect": "1,0,30,40", "Center": "15,20" },
	"PopS3_1":  { "File": "S3Pop.bmp", "Rect": "31,0,30,40", "Center": "15,20" },
	"PopFallS3_0":  { "File": "S3Pop.bmp", "Rect": "1,0,30,40", "Center": "15,20" },
	"PopFallS3_1":  { "File": "S3Pop.bmp", "Rect": "88,0,30,40", "Center": "17,18" },
	"PopFallS3_2":  { "File": "S3Pop.bmp", "Rect": "118,0,30,40", "Center": "17,18" }
}