{
	"slot0_prestomp_0":  { "File": "additional_frames.bmp", "Rect": "84,1,36,49", "Center": "19,26" },
	"slot0_prestomp_1":  { "File": "additional_frames.bmp", "Rect": "121,1,37,49", "Center": "20,26" },
	"slot0_stomp_0":  { "File": "additional_frames.bmp", "Rect": "159,0,35,60", "Center": "19,32" },
	"slot0_stomp_1":  { "File": "additional_frames.bmp", "Rect": "196,0,35,60", "Center": "19,33" },
	"slot0_boost_air":  { "File": "additional_frames.bmp", "Rect": "3,1,42,36", "Center": "25,21" },
	"slot0_wall_latch_r":  { "File": "additional_frames.bmp", "Rect": "46,6,33,57", "Center": "11,27" },
	"slot0_wall_latch_l":  { "File": "additional_frames.bmp", "Rect": "46,1,33,62", "Center": "12,32" },
	"slot0_s_prestomp_0":  { "File": "additional_frames.bmp", "Rect": "84,57,36,54", "Center": "19,31" },
	"slot0_s_prestomp_1":  { "File": "additional_frames.bmp", "Rect": "121,57,36,54", "Center": "19,31" },
	"slot0_s_stomp_0":  { "File": "additional_frames.bmp", "Rect": "159,65,35,60", "Center": "19,32" },
	"slot0_s_stomp_1":  { "File": "additional_frames.bmp", "Rect": "196,65,35,60", "Center": "19,33" },
	"slot0_s_boost_air":  { "File": "additional_frames.bmp", "Rect": "3,45,42,41", "Center": "25,26" },
	"slot0_s_wall_latch_r":  { "File": "additional_frames.bmp", "Rect": "46,64,33,58", "Center": "11,28" },
	"slot0_s_wall_latch_l":  { "File": "additional_frames.bmp", "Rect": "46,65,33,58", "Center": "12,27" },
	"slot0_3d2d_prestomp_0":  { "File": "additional_frames.bmp", "Rect": "84,57,36,54", "Center": "19,31" },
	"slot0_3d2d_prestomp_1":  { "File": "additional_frames.bmp", "Rect": "122,57,36,54", "Center": "19,31" },
	"slot0_3d2d_stomp_0":  { "File": "additional_frames.bmp", "Rect": "159,65,35,60", "Center": "19,32" },
	"slot0_3d2d_stomp_1":  { "File": "additional_frames.bmp", "Rect": "196,65,35,60", "Center": "19,33" },
	"slot0_3d2d_boost_air":  { "File": "additional_frames.bmp", "Rect": "3,97,42,40", "Center": "25,25" },
	"slot0_3d2d_wall_latch_r":  { "File": "additional_frames.bmp", "Rect": "46,65,33,57", "Center": "11,27" },
	"slot0_3d2d_wall_latch_l":  { "File": "additional_frames.bmp", "Rect": "46,66,33,57", "Center": "12,26" },
	"slot0_boost_start_0":  { "File": "effects.png", "Rect": "16,46,29,34", "Center": "14,17" },
	"slot0_boost_start_1":  { "File": "effects.png", "Rect": "72,33,38,60", "Center": "22,30" },
	"slot0_boost_start_2":  { "File": "effects.png", "Rect": "127,8,50,110", "Center": "32,51" },
	"slot0_boost_start_3":  { "File": "effects.png", "Rect": "184,0,59,126", "Center": "38,63" },
	"slot0_boost_start_4":  { "File": "effects.png", "Rect": "244,0,61,126", "Center": "38,63" },
	"slot0_boost_start_5":  { "File": "effects.png", "Rect": "305,0,61,126", "Center": "38,63" },
	"slot0_airdash_1":  { "File": "effects.png", "Rect": "2,127,12,12", "Center": "6,6" },
	"slot0_airdash_2":  { "File": "effects.png", "Rect": "16,127,26,26", "Center": "13,13" },
	"slot0_airdash_3":  { "File": "effects.png", "Rect": "44,127,38,38", "Center": "19,19" },
	"slot0_airdash_4":  { "File": "effects.png", "Rect": "84,127,44,44", "Center": "22,22" },
	"slot0_airdash_5":  { "File": "effects.png", "Rect": "130,130,48,48", "Center": "24,24" },
	"slot0_airdash_6":  { "File": "effects.png", "Rect": "180,128,52,52", "Center": "26,26" },
	"slot0_airdash_7":  { "File": "effects.png", "Rect": "234,127,54,54", "Center": "27,27" },
	"slot0_drop_0":  { "File": "effect_stomp.png", "Rect": "3,0,55,104", "Center": "33,68" },
	"slot0_drop_1":  { "File": "effect_stomp.png", "Rect": "60,0,52,104", "Center": "31,68" },
	"slot0_drop_2":  { "File": "effect_stomp.png", "Rect": "119,0,50,104", "Center": "30,68" },
	"slot0_drop_3":  { "File": "effect_stomp.png", "Rect": "176,0,55,104", "Center": "33,68" },
	"slot0_boost_0":  { "File": "effects.png", "Rect": "0,254,150,64", "Center": "121,34" },
	"slot0_boost_1":  { "File": "effects.png", "Rect": "152,254,150,64", "Center": "116,34" },
	"slot0_boost_2":  { "File": "effects.png", "Rect": "0,328,150,64", "Center": "121,34" },
	"slot0_boost_3":  { "File": "effects.png", "Rect": "150,328,150,64", "Center": "118,34" },
	"slot0_target_1":  { "File": "target.png", "Rect": "403,31,113,108", "Center": "51,53" },
	"slot0_target_2":  { "File": "target.png", "Rect": "396,31,110,108", "Center": "58,53" },
	"slot0_target_3":  { "File": "target.png", "Rect": "298,44,84,83", "Center": "42,40" },
	"slot0_target_4":  { "File": "target.png", "Rect": "206,53,64,62", "Center": "32,31" },
	"slot0_target_5":  { "File": "target.png", "Rect": "127,60,51,50", "Center": "25,24" },
	"slot0_target_6":  { "File": "target.png", "Rect": "63,63,42,42", "Center": "22,21" },
	"slot0_target_7":  { "File": "target.png", "Rect": "19,66,32,32", "Center": "18,18" },
	"slot0_target_8":  { "File": "target.png", "Rect": "19,66,32,32", "Center": "18,18" }
}