{
	"slot0_boostbar_0":  { "File": "boostBar.png", "Rect": "0,0,182,37", "Center": "0,-114" },
	"slot0_boostbar_1":  { "File": "boostBar.png", "Rect": "0,37,182,37", "Center": "0,-114" },
	"slot0_boostbar_2":  { "File": "boostBar.png", "Rect": "0,74,182,37", "Center": "0,-114" },
	"slot0_boostbar_3":  { "File": "boostBar.png", "Rect": "0,111,182,37", "Center": "0,-114" },
	"slot0_boostbar_4":  { "File": "boostBar.png", "Rect": "0,148,182,38", "Center": "0,-114" },
	"slot0_boostbar_5":  { "File": "boostBar.png", "Rect": "0,186,182,37", "Center": "0,-114" },
	"slot0_boostbar_6":  { "File": "boostBar.png", "Rect": "0,223,182,37", "Center": "0,-114" },
	"slot0_boostbar_7":  { "File": "boostBar.png", "Rect": "0,260,182,37", "Center": "0,-114" },
	"slot0_boostbar_8":  { "File": "boostBar.png", "Rect": "0,297,182,37", "Center": "0,-114" },
	"slot0_boostbar_9":  { "File": "boostBar.png", "Rect": "0,335,182,37", "Center": "0,-114" },
	"slot0_boostbar_10":  { "File": "boostBar.png", "Rect": "0,372,182,37", "Center": "0,-114" },
	"slot0_boostbar_11":  { "File": "boostBar.png", "Rect": "0,409,182,37", "Center": "0,-114" },
	"slot0_boostbar_12":  { "File": "boostBar.png", "Rect": "0,446,182,37", "Center": "0,-114" },
	"slot0_boostbar_13":  { "File": "boostBar.png", "Rect": "0,483,182,37", "Center": "0,-114" },
	"slot0_boostbar_14":  { "File": "boostBar.png", "Rect": "0,520,182,37", "Center": "0,-114" },
	"slot0_boostbar_15":  { "File": "boostBar.png", "Rect": "0,557,182,37", "Center": "0,-114" },
	"slot0_boostbar_16":  { "File": "boostBar.png", "Rect": "0,594,182,37", "Center": "0,-114" },
	"slot0_boostbar_17":  { "File": "boostBar.png", "Rect": "0,631,182,37", "Center": "0,-114" },
	"slot0_boostbar_18":  { "File": "boostBar.png", "Rect": "0,668,182,37", "Center": "0,-114" },
	"slot0_boostbar_19":  { "File": "boostBar.png", "Rect": "0,705,182,37", "Center": "0,-114" },
	"slot0_boostbar_20":  { "File": "boostBar.png", "Rect": "0,742,182,37", "Center": "0,-114" },
	"slot0_boostbar_21":  { "File": "boostBar.png", "Rect": "183,37,182,37", "Center": "0,-114" },
	"slot0_boostbar_22":  { "File": "boostBar.png", "Rect": "183,74,182,37", "Center": "0,-114" },
	"slot0_boostbar_23":  { "File": "boostBar.png", "Rect": "183,111,182,37", "Center": "0,-114" },
	"slot0_boostbar_24":  { "File": "boostBar.png", "Rect": "183,148,182,38", "Center": "0,-114" },
	"slot0_boostbar_25":  { "File": "boostBar.png", "Rect": "183,186,182,37", "Center": "0,-114" },
	"slot0_boostbar_26":  { "File": "boostBar.png", "Rect": "183,223,182,37", "Center": "0,-114" },
	"slot0_boostbar_27":  { "File": "boostBar.png", "Rect": "183,260,182,37", "Center": "0,-114" },
	"slot0_boostbar_28":  { "File": "boostBar.png", "Rect": "183,297,182,37", "Center": "0,-114" },
	"slot0_boostbar_29":  { "File": "boostBar.png", "Rect": "183,335,182,37", "Center": "0,-114" },
	"slot0_boostbar_30":  { "File": "boostBar.png", "Rect": "183,372,182,37", "Center": "0,-114" },
	"slot0_boostbar_31":  { "File": "boostBar.png", "Rect": "183,409,182,37", "Center": "0,-114" },
	"slot0_boostbar_32":  { "File": "boostBar.png", "Rect": "183,446,182,37", "Center": "0,-114" },
	"slot0_boostbar_33":  { "File": "boostBar.png", "Rect": "183,483,182,37", "Center": "0,-114" },
	"slot0_boostbar_34":  { "File": "boostBar.png", "Rect": "183,520,182,37", "Center": "0,-114" },
	"slot0_boostbar_35":  { "File": "boostBar.png", "Rect": "183,557,182,37", "Center": "0,-114" },
	"slot0_boostbar_36":  { "File": "boostBar.png", "Rect": "183,594,182,37", "Center": "0,-114" },
	"slot0_boostbar_37":  { "File": "boostBar.png", "Rect": "183,631,182,37", "Center": "0,-114" },
	"slot0_boostbar_38":  { "File": "boostBar.png", "Rect": "183,668,182,37", "Center": "0,-114" },
	"slot0_boostbar_39":  { "File": "boostBar.png", "Rect": "183,705,182,37", "Center": "0,-114" },
	"slot0_boostbar_40":  { "File": "boostBar.png", "Rect": "183,742,182,37", "Center": "0,-114" },
	"slot0_boostbar_41":  { "File": "boostBar.png", "Rect": "364,37,182,37", "Center": "2,-114" },
	"slot0_boostbar_42":  { "File": "boostBar.png", "Rect": "364,74,182,37", "Center": "2,-114" },
	"slot0_boostbar_43":  { "File": "boostBar.png", "Rect": "364,111,182,37", "Center": "2,-114" },
	"slot0_boostbar_44":  { "File": "boostBar.png", "Rect": "364,148,182,38", "Center": "2,-114" },
	"slot0_boostbar_45":  { "File": "boostBar.png", "Rect": "364,186,182,37", "Center": "2,-114" },
	"slot0_boostbar_46":  { "File": "boostBar.png", "Rect": "364,223,182,37", "Center": "2,-114" },
	"slot0_boostbar_47":  { "File": "boostBar.png", "Rect": "364,260,182,37", "Center": "2,-114" },
	"slot0_boostbar_48":  { "File": "boostBar.png", "Rect": "364,297,182,37", "Center": "2,-114" },
	"slot0_boostbar_49":  { "File": "boostBar.png", "Rect": "364,335,182,37", "Center": "2,-114" },
	"slot0_boostbar_50":  { "File": "boostBar.png", "Rect": "364,372,182,37", "Center": "2,-114" },
	"slot0_boostbar_51":  { "File": "boostBar.png", "Rect": "364,409,182,37", "Center": "2,-114" },
	"slot0_boostbar_52":  { "File": "boostBar.png", "Rect": "364,446,182,37", "Center": "2,-114" },
	"slot0_boostbar_53":  { "File": "boostBar.png", "Rect": "364,483,182,37", "Center": "2,-114" },
	"slot0_boostbar_54":  { "File": "boostBar.png", "Rect": "364,520,182,37", "Center": "2,-114" },
	"slot0_boostbar_55":  { "File": "boostBar.png", "Rect": "364,557,182,37", "Center": "2,-114" },
	"slot0_boostbar_56":  { "File": "boostBar.png", "Rect": "364,594,182,37", "Center": "2,-114" },
	"slot0_boostbar_57":  { "File": "boostBar.png", "Rect": "364,631,182,37", "Center": "2,-114" },
	"slot0_boostbar_58":  { "File": "boostBar.png", "Rect": "364,668,182,37", "Center": "2,-114" },
	"slot0_boostbar_59":  { "File": "boostBar.png", "Rect": "364,705,182,37", "Center": "2,-114" },
	"slot0_boostbar_60":  { "File": "boostBar.png", "Rect": "364,742,182,37", "Center": "2,-114" }
}