{
	"character_superslot1_0x07":  { "File": "character_supersonic.bmp", "Rect": "8,1,40,47", "Center": "20,28" },
	"character_superslot1_0x08":  { "File": "character_supersonic.bmp", "Rect": "64,0,40,48", "Center": "21,28" },
	"character_superslot1_0x01":  { "File": "character_supersonic.bmp", "Rect": "124,0,33,48", "Center": "20,26" },
	"character_superslot1_0x02":  { "File": "character_supersonic.bmp", "Rect": "180,1,32,47", "Center": "18,27" },
	"character_superslot1_0x03":  { "File": "character_supersonic.bmp", "Rect": "232,1,40,47", "Center": "20,28" },
	"character_superslot1_0x04":  { "File": "character_supersonic.bmp", "Rect": "288,1,40,47", "Center": "21,27" },
	"character_superslot1_0x05":  { "File": "character_supersonic.bmp", "Rect": "348,0,32,47", "Center": "19,26" },
	"character_superslot1_0x06":  { "File": "character_supersonic.bmp", "Rect": "404,0,35,48", "Center": "21,28" },
	"character_superslot1_0x0f":  { "File": "character_supersonic.bmp", "Rect": "450,4,46,48", "Center": "27,21" },
	"character_superslot1_0x10":  { "File": "character_supersonic.bmp", "Rect": "503,1,53,47", "Center": "26,23" },
	"character_superslot1_0x09":  { "File": "character_supersonic.bmp", "Rect": "565,8,43,40", "Center": "23,20" },
	"character_superslot1_0x0a":  { "File": "character_supersonic.bmp", "Rect": "616,4,52,44", "Center": "24,23" },
	"character_superslot1_0x0b":  { "File": "character_supersonic.bmp", "Rect": "676,2,44,50", "Center": "25,23" },
	"character_superslot1_0x0c":  { "File": "character_supersonic.bmp", "Rect": "729,1,51,51", "Center": "24,23" },
	"character_superslot1_0x0d":  { "File": "character_supersonic.bmp", "Rect": "788,8,44,40", "Center": "26,17" },
	"character_superslot1_0x0e":  { "File": "character_supersonic.bmp", "Rect": "843,5,46,43", "Center": "27,22" },
	"character_superslot1_0x17":  { "File": "character_supersonic.bmp", "Rect": "1,64,47,40", "Center": "28,17" },
	"character_superslot1_0x18":  { "File": "character_supersonic.bmp", "Rect": "55,64,49,40", "Center": "28,17" },
	"character_superslot1_0x11":  { "File": "character_supersonic.bmp", "Rect": "114,67,46,33", "Center": "26,10" },
	"character_superslot1_0x12":  { "File": "character_supersonic.bmp", "Rect": "169,68,47,32", "Center": "27,11" },
	"character_superslot1_0x13":  { "File": "character_supersonic.bmp", "Rect": "225,64,47,40", "Center": "28,18" },
	"character_superslot1_0x14":  { "File": "character_supersonic.bmp", "Rect": "281,64,47,40", "Center": "27,17" },
	"character_superslot1_0x15":  { "File": "character_supersonic.bmp", "Rect": "338,68,46,32", "Center": "26,10" },
	"character_superslot1_0x16":  { "File": "character_supersonic.bmp", "Rect": "392,65,48,35", "Center": "28,11" },
	"character_superslot1_0x1f":  { "File": "character_supersonic.bmp", "Rect": "452,64,48,46", "Center": "20,17" },
	"character_superslot1_0x20":  { "File": "character_supersonic.bmp", "Rect": "505,60,47,53", "Center": "21,24" },
	"character_superslot1_0x19":  { "File": "character_supersonic.bmp", "Rect": "568,64,40,43", "Center": "18,18" },
	"character_superslot1_0x1a":  { "File": "character_supersonic.bmp", "Rect": "620,60,43,52", "Center": "21,26" },
	"character_superslot1_0x1b":  { "File": "character_supersonic.bmp", "Rect": "674,64,50,44", "Center": "21,16" },
	"character_superslot1_0x1c":  { "File": "character_supersonic.bmp", "Rect": "729,60,51,51", "Center": "21,24" },
	"character_superslot1_0x1d":  { "File": "character_supersonic.bmp", "Rect": "792,64,40,44", "Center": "17,18" },
	"character_superslot1_0x1e":  { "File": "character_supersonic.bmp", "Rect": "845,63,43,46", "Center": "20,19" },
	"character_superslot1_0x21":  { "File": "character_supersonic.bmp", "Rect": "8,120,40,40", "Center": "27,21" },
	"character_superslot1_0x22":  { "File": "character_supersonic.bmp", "Rect": "64,120,40,40", "Center": "27,21" },
	"character_superslot1_0x23":  { "File": "character_supersonic.bmp", "Rect": "120,120,40,40", "Center": "27,21" },
	"character_superslot1_0x24":  { "File": "character_supersonic.bmp", "Rect": "176,120,40,40", "Center": "27,21" },
	"character_superslot1_0x25":  { "File": "character_supersonic.bmp", "Rect": "232,116,40,48", "Center": "26,20" },
	"character_superslot1_0x26":  { "File": "character_supersonic.bmp", "Rect": "288,116,40,48", "Center": "26,21" },
	"character_superslot1_0x27":  { "File": "character_supersonic.bmp", "Rect": "344,116,40,48", "Center": "26,20" },
	"character_superslot1_0x28":  { "File": "character_supersonic.bmp", "Rect": "400,116,40,48", "Center": "26,21" },
	"character_superslot1_0x29":  { "File": "character_supersonic.bmp", "Rect": "456,120,40,40", "Center": "21,12" },
	"character_superslot1_0x2a":  { "File": "character_supersonic.bmp", "Rect": "512,120,40,40", "Center": "21,12" },
	"character_superslot1_0x2b":  { "File": "character_supersonic.bmp", "Rect": "568,120,40,40", "Center": "21,12" },
	"character_superslot1_0x2c":  { "File": "character_supersonic.bmp", "Rect": "624,120,40,40", "Center": "21,12" },
	"character_superslot1_0x2d":  { "File": "character_supersonic.bmp", "Rect": "676,120,48,40", "Center": "20,14" },
	"character_superslot1_0x2e":  { "File": "character_supersonic.bmp", "Rect": "732,120,48,40", "Center": "21,14" },
	"character_superslot1_0x2f":  { "File": "character_supersonic.bmp", "Rect": "788,120,48,40", "Center": "20,14" },
	"character_superslot1_0x30":  { "File": "character_supersonic.bmp", "Rect": "844,120,48,40", "Center": "21,14" },
	"character_superslot1_0x31":  { "File": "character_supersonic.bmp", "Rect": "11,176,33,40", "Center": "16,19" },
	"character_superslot1_0x32":  { "File": "character_supersonic.bmp", "Rect": "66,176,34,40", "Center": "16,22" },
	"character_superslot1_0x33":  { "File": "character_supersonic.bmp", "Rect": "123,180,33,32", "Center": "14,15" },
	"character_superslot1_0x34":  { "File": "character_supersonic.bmp", "Rect": "180,179,32,33", "Center": "14,21" },
	"character_superslot1_0x35":  { "File": "character_supersonic.bmp", "Rect": "236,180,32,34", "Center": "12,17" },
	"character_superslot1_0x36":  { "File": "character_supersonic.bmp", "Rect": "292,176,32,43", "Center": "15,20" },
	"character_superslot1_0x37":  { "File": "character_supersonic.bmp", "Rect": "348,176,32,41", "Center": "16,18" },
	"character_superslot1_0x38":  { "File": "character_supersonic.bmp", "Rect": "407,176,26,40", "Center": "14,20" },
	"character_superslot1_0x39":  { "File": "character_supersonic.bmp", "Rect": "460,180,32,32", "Center": "16,19" },
	"character_superslot1_0x3a":  { "File": "character_supersonic.bmp", "Rect": "516,180,33,32", "Center": "18,15" },
	"character_superslot1_0x3b":  { "File": "character_supersonic.bmp", "Rect": "574,176,27,40", "Center": "13,21" },
	"character_superslot1_0x3c":  { "File": "character_supersonic.bmp", "Rect": "629,176,29,40", "Center": "14,21" },
	"character_superslot1_0x3d":  { "File": "character_supersonic.bmp", "Rect": "686,172,26,48", "Center": "16,26" },
	"character_superslot1_0x3e":  { "File": "character_supersonic.bmp", "Rect": "744,180,24,32", "Center": "13,16" },
	"character_superslot1_0x3f":  { "File": "character_supersonic.bmp", "Rect": "796,180,32,32", "Center": "17,15" },
	"character_superslot1_0x40":  { "File": "character_supersonic.bmp", "Rect": "852,180,32,32", "Center": "16,14" },
	"character_superslot1_0x41":  { "File": "character_supersonic.bmp", "Rect": "12,232,32,40", "Center": "16,17" },
	"character_superslot1_0x42":  { "File": "character_supersonic.bmp", "Rect": "68,232,32,40", "Center": "16,20" },
	"character_superslot1_0x43":  { "File": "character_supersonic.bmp", "Rect": "127,232,25,40", "Center": "12,20" },
	"character_superslot1_0x44":  { "File": "character_supersonic.bmp", "Rect": "184,236,24,32", "Center": "12,16" },
	"character_superslot1_0x45":  { "File": "character_supersonic.bmp", "Rect": "236,240,32,24", "Center": "14,10" },
	"character_superslot1_0x46":  { "File": "character_supersonic.bmp", "Rect": "296,236,24,32", "Center": "13,13" },
	"character_superslot1_0x47":  { "File": "character_supersonic.bmp", "Rect": "352,232,24,40", "Center": "13,21" },
	"character_superslot1_0x48":  { "File": "character_supersonic.bmp", "Rect": "404,230,32,42", "Center": "16,21" },
	"character_superslot1_0x49":  { "File": "character_supersonic.bmp", "Rect": "456,232,40,40", "Center": "20,24" },
	"character_superslot1_0x4a":  { "File": "character_supersonic.bmp", "Rect": "516,228,32,48", "Center": "14,22" },
	"character_superslot1_0x4b":  { "File": "character_supersonic.bmp", "Rect": "572,235,32,33", "Center": "16,22" },
	"character_superslot1_0x4c":  { "File": "character_supersonic.bmp", "Rect": "628,235,32,33", "Center": "13,16" },
	"character_superslot1_0x4d":  { "File": "character_supersonic.bmp", "Rect": "684,236,32,32", "Center": "13,18" },
	"character_superslot1_0x4e":  { "File": "character_supersonic.bmp", "Rect": "740,236,32,32", "Center": "18,14" },
	"character_superslot1_0x4f":  { "File": "character_supersonic.bmp", "Rect": "792,232,40,40", "Center": "22,22" },
	"character_superslot1_0x50":  { "File": "character_supersonic.bmp", "Rect": "848,232,40,40", "Center": "21,20" },
	"character_superslot1_0x51":  { "File": "character_supersonic.bmp", "Rect": "12,292,32,32", "Center": "17,19" },
	"character_superslot1_0x52":  { "File": "character_supersonic.bmp", "Rect": "68,292,32,32", "Center": "14,17" },
	"character_superslot1_0x53":  { "File": "character_supersonic.bmp", "Rect": "120,292,40,32", "Center": "24,19" },
	"character_superslot1_0x54":  { "File": "character_supersonic.bmp", "Rect": "176,292,40,32", "Center": "17,16" },
	"character_superslot1_0x55":  { "File": "character_supersonic.bmp", "Rect": "234,285,28,43", "Center": "17,23" },
	"character_superslot1_0x56":  { "File": "character_supersonic.bmp", "Rect": "293,284,28,44", "Center": "15,24" },
	"character_superslot1_0x57":  { "File": "character_supersonic.bmp", "Rect": "348,284,28,44", "Center": "15,24" },
	"character_superslot1_0x58":  { "File": "character_supersonic.bmp", "Rect": "408,284,24,44", "Center": "12,24" },
	"character_superslot1_0x59":  { "File": "character_supersonic.bmp", "Rect": "465,285,27,43", "Center": "11,23" },
	"character_superslot1_0x5a":  { "File": "character_supersonic.bmp", "Rect": "525,284,25,44", "Center": "8,24" },
	"character_superslot1_0x5b":  { "File": "character_supersonic.bmp", "Rect": "576,284,24,44", "Center": "12,24" },
	"character_superslot1_0x5c":  { "File": "character_supersonic.bmp", "Rect": "620,296,50,24", "Center": "22,11" },
	"character_superslot1_0x5d":  { "File": "character_supersonic.bmp", "Rect": "684,296,32,24", "Center": "8,13" },
	"character_superslot1_0x5e":  { "File": "character_supersonic.bmp", "Rect": "736,296,40,24", "Center": "26,12" },
	"character_superslot1_0x5f":  { "File": "character_supersonic.bmp", "Rect": "784,296,51,24", "Center": "30,11" },
	"character_superslot1_0x60":  { "File": "character_supersonic.bmp", "Rect": "852,296,32,24", "Center": "10,13" },
	"character_superslot1_0x61":  { "File": "character_supersonic.bmp", "Rect": "8,352,40,24", "Center": "37,13" },
	"character_superslot1_0x62":  { "File": "character_supersonic.bmp", "Rect": "64,348,40,32", "Center": "22,13" },
	"character_superslot1_0x63":  { "File": "character_supersonic.bmp", "Rect": "128,340,24,51", "Center": "10,24" },
	"character_superslot1_0x64":  { "File": "character_supersonic.bmp", "Rect": "184,348,24,32", "Center": "12,15" },
	"character_superslot1_0x65":  { "File": "character_supersonic.bmp", "Rect": "240,344,24,40", "Center": "11,21" },
	"character_superslot1_0x66":  { "File": "character_supersonic.bmp", "Rect": "296,337,24,51", "Center": "10,27" },
	"character_superslot1_0x67":  { "File": "character_supersonic.bmp", "Rect": "352,348,24,32", "Center": "12,16" },
	"character_superslot1_0x68":  { "File": "character_supersonic.bmp", "Rect": "408,344,24,40", "Center": "12,25" },
	"character_superslot1_0x69":  { "File": "character_supersonic.bmp", "Rect": "460,344,32,40", "Center": "16,20" },
	"character_superslot1_0x6a":  { "File": "character_supersonic.bmp", "Rect": "516,344,32,40", "Center": "16,20" },
	"character_superslot1_0x6b":  { "File": "character_supersonic.bmp", "Rect": "572,348,32,32", "Center": "21,20" },
	"character_superslot1_0x6c":  { "File": "character_supersonic.bmp", "Rect": "626,348,37,32", "Center": "18,19" },
	"character_superslot1_0x6d":  { "File": "character_supersonic.bmp", "Rect": "680,348,40,32", "Center": "20,19" },
	"character_superslot1_0x6e":  { "File": "character_supersonic.bmp", "Rect": "736,348,40,32", "Center": "19,19" },
	"character_superslot1_0x6f":  { "File": "character_supersonic.bmp", "Rect": "796,348,32,32", "Center": "16,19" },
	"character_superslot1_0x70":  { "File": "character_supersonic.bmp", "Rect": "852,348,32,32", "Center": "16,19" },
	"character_superslot1_0x71":  { "File": "character_supersonic.bmp", "Rect": "12,404,33,32", "Center": "16,18" },
	"character_superslot1_0x72":  { "File": "character_supersonic.bmp", "Rect": "64,404,40,32", "Center": "20,18" },
	"character_superslot1_0x73":  { "File": "character_supersonic.bmp", "Rect": "120,404,40,32", "Center": "20,18" },
	"character_superslot1_0x74":  { "File": "character_supersonic.bmp", "Rect": "179,404,34,32", "Center": "17,18" },
	"character_superslot1_0x75":  { "File": "character_supersonic.bmp", "Rect": "239,404,32,32", "Center": "11,19" },
	"character_superslot1_0x76":  { "File": "character_supersonic.bmp", "Rect": "292,404,32,32", "Center": "16,15" },
	"character_superslot1_0x77":  { "File": "character_supersonic.bmp", "Rect": "348,406,32,26", "Center": "16,15" },
	"character_superslot1_0x78":  { "File": "character_supersonic.bmp", "Rect": "400,396,40,48", "Center": "18,25" },
	"character_superslot1_0x79":  { "File": "character_supersonic.bmp", "Rect": "452,400,48,40", "Center": "31,26" },
	"character_superslot1_0x7a":  { "File": "character_supersonic.bmp", "Rect": "508,400,48,40", "Center": "26,23" },
	"character_superslot1_0x7b":  { "File": "character_supersonic.bmp", "Rect": "568,396,40,48", "Center": "27,18" },
	"character_superslot1_0x7c":  { "File": "character_supersonic.bmp", "Rect": "624,396,40,48", "Center": "23,22" },
	"character_superslot1_0x7d":  { "File": "character_supersonic.bmp", "Rect": "676,400,48,40", "Center": "20,13" },
	"character_superslot1_0x7e":  { "File": "character_supersonic.bmp", "Rect": "732,400,48,40", "Center": "23,17" },
	"character_superslot1_0x7f":  { "File": "character_supersonic.bmp", "Rect": "792,396,40,48", "Center": "13,28" },
	"character_superslot1_0x80":  { "File": "character_supersonic.bmp", "Rect": "848,391,33,52", "Center": "17,29" },
	"character_superslot1_0x81":  { "File": "character_supersonic.bmp", "Rect": "11,451,28,49", "Center": "16,28" },
	"character_superslot1_0x82":  { "File": "character_supersonic.bmp", "Rect": "68,452,32,49", "Center": "20,28" },
	"character_superslot1_0x83":  { "File": "character_supersonic.bmp", "Rect": "126,450,33,49", "Center": "18,28" },
	"character_superslot1_0x84":  { "File": "character_supersonic.bmp", "Rect": "182,449,29,51", "Center": "18,28" },
	"character_superslot1_0x85":  { "File": "character_supersonic.bmp", "Rect": "237,449,28,51", "Center": "16,28" },
	"character_superslot1_0x86":  { "File": "character_supersonic.bmp", "Rect": "292,460,32,32", "Center": "12,8" },
	"character_superslot1_0x87":  { "File": "character_supersonic.bmp", "Rect": "348,460,32,32", "Center": "12,8" },
	"character_superslot1_0x88":  { "File": "character_supersonic.bmp", "Rect": "404,460,32,32", "Center": "12,8" },
	"character_superslot1_0x89":  { "File": "character_supersonic.bmp", "Rect": "460,460,32,32", "Center": "12,8" },
	"character_superslot1_0x8a":  { "File": "character_supersonic.bmp", "Rect": "516,460,32,32", "Center": "12,8" },
	"character_superslot1_0x8b":  { "File": "character_supersonic.bmp", "Rect": "572,460,32,32", "Center": "12,8" },
	"character_superslot1_0x8c":  { "File": "character_supersonic.bmp", "Rect": "624,454,40,40", "Center": "20,22" },
	"character_superslot1_0x8d":  { "File": "character_supersonic.bmp", "Rect": "680,454,40,40", "Center": "20,22" },
	"character_superslot1_0x8e":  { "File": "character_supersonic.bmp", "Rect": "740,453,28,47", "Center": "19,24" },
	"character_superslot1_0x8f":  { "File": "character_supersonic.bmp", "Rect": "792,456,39,37", "Center": "22,18" },
	"character_superslot1_0x90":  { "File": "character_supersonic.bmp", "Rect": "852,448,30,51", "Center": "19,28" },
	"character_superslot1_0x91":  { "File": "character_supersonic.bmp", "Rect": "8,508,40,48", "Center": "19,28" },
	"character_superslot1_0x92":  { "File": "character_supersonic.bmp", "Rect": "64,512,40,42", "Center": "19,28" },
	"character_superslot1_0x93":  { "File": "character_supersonic.bmp", "Rect": "124,512,32,36", "Center": "19,28" },
	"character_superslot1_0x94":  { "File": "character_supersonic.bmp", "Rect": "180,508,32,51", "Center": "14,25" },
	"character_superslot1_0x95":  { "File": "character_supersonic.bmp", "Rect": "239,508,25,51", "Center": "12,25" },
	"character_superslot1_0x96":  { "File": "character_supersonic.bmp", "Rect": "292,516,32,32", "Center": "16,16" },
	"character_superslot1_0x97":  { "File": "character_supersonic.bmp", "Rect": "348,516,32,32", "Center": "16,16" },
	"character_superslot1_0x98":  { "File": "character_supersonic.bmp", "Rect": "404,516,32,32", "Center": "16,16" },
	"character_superslot1_0x99":  { "File": "character_supersonic.bmp", "Rect": "460,516,32,32", "Center": "16,16" },
	"character_superslot1_0x9a":  { "File": "character_supersonic.bmp", "Rect": "516,516,32,32", "Center": "16,16" },
	"character_superslot1_0x9b":  { "File": "character_supersonic.bmp", "Rect": "569,514,32,34", "Center": "16,14" },
	"character_superslot1_0x9c":  { "File": "character_supersonic.bmp", "Rect": "569,514,32,34", "Center": "16,14" },
	"character_superslot1_0x9d":  { "File": "character_supersonic.bmp", "Rect": "682,511,34,41", "Center": "17,20" },
	"character_superslot1_0x9e":  { "File": "character_supersonic.bmp", "Rect": "739,511,32,40", "Center": "15,20" },
	"character_superslot1_0x9f":  { "File": "character_supersonic.bmp", "Rect": "795,512,32,40", "Center": "15,20" },
	"character_superslot1_0xa0":  { "File": "character_supersonic.bmp", "Rect": "852,510,33,42", "Center": "21,22" },
	"character_superslot1_0xa1":  { "File": "character_supersonic.bmp", "Rect": "7,564,42,48", "Center": "18,27" },
	"character_superslot1_0xa2":  { "File": "character_supersonic.bmp", "Rect": "63,564,42,48", "Center": "18,27" },
	"character_superslot1_0xa3":  { "File": "character_supersonic.bmp", "Rect": "120,564,40,48", "Center": "18,27" },
	"character_superslot1_0xa4":  { "File": "character_supersonic.bmp", "Rect": "175,564,42,48", "Center": "19,27" },
	"character_superslot1_0xa5":  { "File": "character_supersonic.bmp", "Rect": "231,564,42,48", "Center": "20,27" },
	"character_superslot1_0xa6":  { "File": "character_supersonic.bmp", "Rect": "288,564,40,48", "Center": "20,27" },
	"character_superslot1_0xa7":  { "File": "character_supersonic.bmp", "Rect": "342,568,42,43", "Center": "18,20" },
	"character_superslot1_0xa8":  { "File": "character_supersonic.bmp", "Rect": "400,568,40,40", "Center": "16,20" },
	"character_superslot1_0xa9":  { "File": "character_supersonic.bmp", "Rect": "454,568,42,43", "Center": "18,20" },
	"character_superslot1_0xaa":  { "File": "character_supersonic.bmp", "Rect": "504,574,56,26", "Center": "26,14" },
	"character_superslot1_0xab":  { "File": "character_supersonic.bmp", "Rect": "560,573,47,27", "Center": "26,15" },
	"character_superslot1_0xac":  { "File": "character_supersonic.bmp", "Rect": "624,568,40,40", "Center": "20,20" },
	"character_superslot1_0xad":  { "File": "character_supersonic.bmp", "Rect": "684,568,32,40", "Center": "18,20" },
	"character_superslot1_0xae":  { "File": "character_supersonic.bmp", "Rect": "740,568,32,40", "Center": "18,20" },
	"character_superslot1_0xaf":  { "File": "character_supersonic.bmp", "Rect": "792,568,40,40", "Center": "26,20" },
	"character_superslot1_0xb0":  { "File": "character_supersonic.bmp", "Rect": "852,568,32,40", "Center": "22,20" },
	"character_superslot1_0xb1":  { "File": "character_supersonic.bmp", "Rect": "12,624,32,40", "Center": "21,20" },
	"character_superslot1_0xb2":  { "File": "character_supersonic.bmp", "Rect": "68,624,32,40", "Center": "21,20" },
	"character_superslot1_0xb3":  { "File": "character_supersonic.bmp", "Rect": "124,624,32,40", "Center": "21,20" },
	"character_superslot1_0xb4":  { "File": "character_supersonic.bmp", "Rect": "184,616,27,56", "Center": "11,26" },
	"character_superslot1_0xb5":  { "File": "character_supersonic.bmp", "Rect": "240,616,27,56", "Center": "11,26" },
	"character_superslot1_0xb6":  { "File": "character_supersonic.bmp", "Rect": "292,620,32,48", "Center": "19,28" },
	"character_superslot1_0xb7":  { "File": "character_supersonic.bmp", "Rect": "348,620,32,48", "Center": "19,27" },
	"character_superslot1_0xb8":  { "File": "character_supersonic.bmp", "Rect": "404,620,32,48", "Center": "19,28" },
	"character_superslot1_0xb9":  { "File": "character_supersonic.bmp", "Rect": "460,620,32,48", "Center": "19,27" },
	"character_superslot1_0xba":  { "File": "character_supersonic.bmp", "Rect": "512,620,40,48", "Center": "24,28" },
	"character_superslot1_0xbb":  { "File": "character_supersonic.bmp", "Rect": "568,620,40,48", "Center": "24,28" },
	"character_superslot1_0xbc":  { "File": "character_supersonic.bmp", "Rect": "624,620,40,48", "Center": "24,28" },
	"character_superslot1_0xbd":  { "File": "character_supersonic.bmp", "Rect": "680,620,40,48", "Center": "24,28" },
	"character_superslot1_0xbe":  { "File": "character_supersonic.bmp", "Rect": "736,620,40,48", "Center": "24,28" },
	"character_superslot1_0xbf":  { "File": "character_supersonic.bmp", "Rect": "792,620,40,48", "Center": "24,28" },
	"character_superslot1_0xc0":  { "File": "character_supersonic.bmp", "Rect": "848,620,40,48", "Center": "24,28" },
	"character_superslot1_0xc1":  { "File": "character_supersonic.bmp", "Rect": "8,676,40,48", "Center": "24,28" },
	"character_superslot1_0xc2":  { "File": "character_supersonic.bmp", "Rect": "64,676,40,48", "Center": "24,28" },
	"character_superslot1_0xc3":  { "File": "character_supersonic.bmp", "Rect": "124,680,32,40", "Center": "19,20" },
	"character_superslot1_0xc4":  { "File": "character_supersonic.bmp", "Rect": "176,680,40,40", "Center": "27,18" },
	"character_superslot1_0xc5":  { "File": "character_supersonic.bmp", "Rect": "232,676,40,48", "Center": "24,28" },
	"character_superslot1_0xc6":  { "File": "character_supersonic.bmp", "Rect": "288,676,40,48", "Center": "24,28" },
	"character_superslot1_0xc7":  { "File": "character_supersonic.bmp", "Rect": "344,676,40,48", "Center": "24,28" },
	"character_superslot1_0xc8":  { "File": "character_supersonic.bmp", "Rect": "399,684,45,27", "Center": "23,16" },
	"character_superslot1_0xc9":  { "File": "character_supersonic.bmp", "Rect": "453,684,45,28", "Center": "23,16" },
	"character_superslot1_0xca":  { "File": "character_supersonic.bmp", "Rect": "511,684,44,27", "Center": "22,16" },
	"character_superslot1_0xcb":  { "File": "character_supersonic.bmp", "Rect": "566,684,45,28", "Center": "22,16" },
	"character_superslot1_0xcc":  { "File": "character_supersonic.bmp", "Rect": "620,684,45,27", "Center": "22,16" },
	"character_superslot1_0xcd":  { "File": "character_supersonic.bmp", "Rect": "680,685,40,27", "Center": "22,16" },
	"character_superslot1_0xce":  { "File": "character_supersonic.bmp", "Rect": "734,684,44,27", "Center": "22,16" },
	"character_superslot1_0xcf":  { "File": "character_supersonic.bmp", "Rect": "792,685,40,27", "Center": "18,16" },
	"character_superslot1_0xd0":  { "File": "character_supersonic.bmp", "Rect": "624,454,40,40", "Center": "20,8" },
	"character_superslot1_0xd1":  { "File": "character_supersonic.bmp", "Rect": "680,454,40,40", "Center": "20,8" },
	"character_superslot1_0xd2":  { "File": "character_supersonic.bmp", "Rect": "72,740,24,32", "Center": "12,16" },
	"character_superslot1_0xd3":  { "File": "character_supersonic.bmp", "Rect": "124,732,32,49", "Center": "13,24" },
	"character_superslot1_0xd4":  { "File": "character_supersonic.bmp", "Rect": "180,732,32,48", "Center": "16,24" },
	"character_superslot1_0xd5":  { "File": "character_supersonic.bmp", "Rect": "236,732,32,48", "Center": "16,24" },
	"character_superslot1_0xd6":  { "File": "character_supersonic.bmp", "Rect": "292,732,32,48", "Center": "16,24" },
	"character_superslot1_0xd7":  { "File": "character_supersonic.bmp", "Rect": "624,454,40,40", "Center": "24,12" },
	"character_superslot1_0xd8":  { "File": "character_supersonic.bmp", "Rect": "680,454,40,40", "Center": "24,12" },
	"character_superslot1_0xd9":  { "File": "character_supersonic.bmp", "Rect": "456,736,40,40", "Center": "24,20" },
	"character_superslot1_0xda":  { "File": "character_supersonic.bmp", "Rect": "516,736,32,41", "Center": "16,20" },
	"character_superslot1_0xdb":  { "File": "character_supersonic.bmp", "Rect": "572,736,32,41", "Center": "16,20" },
	"character_superslot1_0xdc":  { "File": "character_supersonic.bmp", "Rect": "628,736,32,41", "Center": "16,20" },
	"character_superslot1_0xdd":  { "File": "character_supersonic.bmp", "Rect": "684,736,32,41", "Center": "16,20" },
	"character_superslot1_0xde":  { "File": "character_supersonic.bmp", "Rect": "740,736,32,41", "Center": "16,20" },
	"character_superslot1_0xdf":  { "File": "character_supersonic.bmp", "Rect": "796,736,32,41", "Center": "16,20" },
	"character_superslot1_0xe0":  { "File": "character_supersonic.bmp", "Rect": "856,740,24,32", "Center": "12,16" },
	"character_superslot1_0xe1":  { "File": "character_supersonic.bmp", "Rect": "16,792,24,40", "Center": "12,20" },
	"character_superslot1_0xe2":  { "File": "character_supersonic.bmp", "Rect": "68,792,32,40", "Center": "16,20" },
	"character_superslot1_0xe3":  { "File": "character_supersonic.bmp", "Rect": "120,788,40,48", "Center": "20,24" },
	"character_superslot1_0xe4":  { "File": "character_supersonic.bmp", "Rect": "178,788,34,51", "Center": "18,24" },
	"character_superslot1_0xe5":  { "File": "character_supersonic.bmp", "Rect": "237,788,31,51", "Center": "14,24" },
	"character_superslot1_0xe6":  { "File": "character_supersonic.bmp", "Rect": "291,788,29,51", "Center": "13,24" },
	"character_superslot1_0xe7":  { "File": "character_supersonic.bmp", "Rect": "352,788,24,49", "Center": "11,24" },
	"character_superslot1_0xe8":  { "File": "character_supersonic.bmp", "Rect": "404,788,34,50", "Center": "16,24" },
	"character_superslot1_0xe9":  { "File": "character_supersonic.bmp", "Rect": "460,788,33,51", "Center": "16,25" },
	"character_superslot1_0xea":  { "File": "character_supersonic.bmp", "Rect": "520,788,24,51", "Center": "11,24" },
	"character_superslot1_0xeb":  { "File": "character_supersonic.bmp", "Rect": "568,788,51,48", "Center": "20,24" },
	"character_superslot1_0xec":  { "File": "character_supersonic.bmp", "Rect": "620,792,48,40", "Center": "24,20" },
	"character_superslot1_0xed":  { "File": "character_supersonic.bmp", "Rect": "684,788,32,48", "Center": "16,24" },
	"character_superslot1_0xee":  { "File": "character_supersonic.bmp", "Rect": "732,792,48,40", "Center": "24,20" },
	"character_superslot1_0xef":  { "File": "character_supersonic.bmp", "Rect": "791,792,48,40", "Center": "19,20" },
	"character_superslot1_0xf0":  { "File": "character_supersonic.bmp", "Rect": "848,792,48,40", "Center": "22,20" },
	"character_superslot1_0xf1":  { "File": "character_supersonic.bmp", "Rect": "9,848,48,40", "Center": "16,20" },
	"character_superslot1_0xf2":  { "File": "character_supersonic.bmp", "Rect": "66,848,48,40", "Center": "12,20" },
	"character_superslot1_0xf3":  { "File": "character_supersonic.bmp", "Rect": "127,848,48,40", "Center": "12,20" },
	"character_superslot1_0xf4":  { "File": "character_supersonic.bmp", "Rect": "175,848,48,40", "Center": "16,20" },
	"character_superslot1_0xf5":  { "File": "character_supersonic.bmp", "Rect": "232,848,48,40", "Center": "16,20" },
	"character_superslot1_0xf6":  { "File": "character_supersonic.bmp", "Rect": "292,847,32,41", "Center": "16,21" },
	"character_superslot1_0xf7":  { "File": "character_supersonic.bmp", "Rect": "351,847,48,41", "Center": "12,21" },
	"character_superslot1_0xf8":  { "File": "character_supersonic.bmp", "Rect": "404,846,48,42", "Center": "12,22" },
	"character_superslot1_0xf9":  { "File": "character_supersonic.bmp", "Rect": "460,847,48,41", "Center": "12,21" },
	"character_superslot1_0xfa":  { "File": "character_supersonic.bmp", "Rect": "515,847,48,41", "Center": "16,21" }
}