{
	"character_supersonic_0x01":  { "File": "character_supersonic.png", "Rect": "8,7,35,45", "Center": "18,25" },
	"character_supersonic_0x02":  { "File": "character_supersonic.png", "Rect": "44,7,35,45", "Center": "18,25" },
	"character_supersonic_0x03":  { "File": "character_supersonic.png", "Rect": "80,7,35,45", "Center": "18,25" },
	"character_supersonic_0x04":  { "File": "character_supersonic.png", "Rect": "116,7,35,45", "Center": "18,25" },
	"character_supersonic_0x05":  { "File": "character_supersonic.png", "Rect": "152,7,35,45", "Center": "18,25" },
	"character_supersonic_0x06":  { "File": "character_supersonic.png", "Rect": "188,7,35,45", "Center": "18,25" },
	"character_supersonic_0x07":  { "File": "character_supersonic.png", "Rect": "224,7,35,45", "Center": "18,25" },
	"character_supersonic_0x08":  { "File": "character_supersonic.png", "Rect": "260,7,35,45", "Center": "18,25" },
	"character_supersonic_0x09":  { "File": "character_supersonic.png", "Rect": "296,7,48,45", "Center": "22,22" },
	"character_supersonic_0x0a":  { "File": "character_supersonic.png", "Rect": "443,7,48,45", "Center": "22,22" },
	"character_supersonic_0x0b":  { "File": "character_supersonic.png", "Rect": "394,7,48,45", "Center": "22,22" },
	"character_supersonic_0x0c":  { "File": "character_supersonic.png", "Rect": "443,7,48,45", "Center": "22,22" },
	"character_supersonic_0x0d":  { "File": "character_supersonic.png", "Rect": "492,7,48,45", "Center": "22,22" },
	"character_supersonic_0x0e":  { "File": "character_supersonic.png", "Rect": "541,7,48,45", "Center": "22,22" },
	"character_supersonic_0x0f":  { "File": "character_supersonic.png", "Rect": "590,7,48,45", "Center": "22,22" },
	"character_supersonic_0x10":  { "File": "character_supersonic.png", "Rect": "639,7,48,45", "Center": "22,22" },
	"character_supersonic_0x11":  { "File": "character_supersonic.png", "Rect": "4,68,45,35", "Center": "28,20" },
	"character_supersonic_0x12":  { "File": "character_supersonic.png", "Rect": "50,68,45,35", "Center": "28,20" },
	"character_supersonic_0x13":  { "File": "character_supersonic.png", "Rect": "96,68,45,35", "Center": "28,20" },
	"character_supersonic_0x14":  { "File": "character_supersonic.png", "Rect": "142,68,45,35", "Center": "28,20" },
	"character_supersonic_0x15":  { "File": "character_supersonic.png", "Rect": "188,68,45,35", "Center": "28,20" },
	"character_supersonic_0x16":  { "File": "character_supersonic.png", "Rect": "234,68,45,35", "Center": "28,20" },
	"character_supersonic_0x17":  { "File": "character_supersonic.png", "Rect": "280,68,45,35", "Center": "28,20" },
	"character_supersonic_0x18":  { "File": "character_supersonic.png", "Rect": "326,68,45,35", "Center": "28,20" },
	"character_supersonic_0x19":  { "File": "character_supersonic.png", "Rect": "372,56,45,48", "Center": "24,24" },
	"character_supersonic_0x1a":  { "File": "character_supersonic.png", "Rect": "418,56,45,48", "Center": "24,24" },
	"character_supersonic_0x1b":  { "File": "character_supersonic.png", "Rect": "464,56,45,48", "Center": "24,24" },
	"character_supersonic_0x1c":  { "File": "character_supersonic.png", "Rect": "510,56,45,48", "Center": "24,24" },
	"character_supersonic_0x1d":  { "File": "character_supersonic.png", "Rect": "556,56,45,48", "Center": "24,24" },
	"character_supersonic_0x1e":  { "File": "character_supersonic.png", "Rect": "602,56,45,48", "Center": "24,24" },
	"character_supersonic_0x1f":  { "File": "character_supersonic.png", "Rect": "648,56,45,48", "Center": "24,24" },
	"character_supersonic_0x20":  { "File": "character_supersonic.png", "Rect": "694,56,45,48", "Center": "24,24" },
	"character_supersonic_0x21":  { "File": "character_supersonic.png", "Rect": "8,120,40,40", "Center": "27,21" },
	"character_supersonic_0x22":  { "File": "character_supersonic.png", "Rect": "64,120,40,40", "Center": "27,21" },
	"character_supersonic_0x23":  { "File": "character_supersonic.png", "Rect": "120,120,40,40", "Center": "27,21" },
	"character_supersonic_0x24":  { "File": "character_supersonic.png", "Rect": "176,120,40,40", "Center": "27,21" },
	"character_supersonic_0x25":  { "File": "character_supersonic.png", "Rect": "232,116,40,48", "Center": "28,22" },
	"character_supersonic_0x26":  { "File": "character_supersonic.png", "Rect": "288,116,40,48", "Center": "28,23" },
	"character_supersonic_0x27":  { "File": "character_supersonic.png", "Rect": "344,116,40,48", "Center": "28,22" },
	"character_supersonic_0x28":  { "File": "character_supersonic.png", "Rect": "400,116,40,48", "Center": "28,23" },
	"character_supersonic_0x29":  { "File": "character_supersonic.png", "Rect": "456,120,40,40", "Center": "21,12" },
	"character_supersonic_0x2a":  { "File": "character_supersonic.png", "Rect": "512,120,40,40", "Center": "21,12" },
	"character_supersonic_0x2b":  { "File": "character_supersonic.png", "Rect": "568,120,40,40", "Center": "21,12" },
	"character_supersonic_0x2c":  { "File": "character_supersonic.png", "Rect": "624,120,40,40", "Center": "21,12" },
	"character_supersonic_0x2d":  { "File": "character_supersonic.png", "Rect": "676,120,48,40", "Center": "22,12" },
	"character_supersonic_0x2e":  { "File": "character_supersonic.png", "Rect": "732,120,48,40", "Center": "23,12" },
	"character_supersonic_0x2f":  { "File": "character_supersonic.png", "Rect": "788,120,48,40", "Center": "22,12" },
	"character_supersonic_0x30":  { "File": "character_supersonic.png", "Rect": "844,120,48,40", "Center": "23,12" },
	"character_supersonic_0x31":  { "File": "character_supersonic.png", "Rect": "12,176,32,40", "Center": "14,20" },
	"character_supersonic_0x32":  { "File": "character_supersonic.png", "Rect": "68,176,32,40", "Center": "13,22" },
	"character_supersonic_0x33":  { "File": "character_supersonic.png", "Rect": "124,180,32,32", "Center": "15,16" },
	"character_supersonic_0x34":  { "File": "character_supersonic.png", "Rect": "180,180,32,32", "Center": "15,17" },
	"character_supersonic_0x35":  { "File": "character_supersonic.png", "Rect": "236,180,32,32", "Center": "12,17" },
	"character_supersonic_0x36":  { "File": "character_supersonic.png", "Rect": "292,176,32,40", "Center": "15,22" },
	"character_supersonic_0x37":  { "File": "character_supersonic.png", "Rect": "348,176,32,40", "Center": "16,20" },
	"character_supersonic_0x38":  { "File": "character_supersonic.png", "Rect": "408,176,24,40", "Center": "12,18" },
	"character_supersonic_0x39":  { "File": "character_supersonic.png", "Rect": "460,180,32,32", "Center": "16,18" },
	"character_supersonic_0x3a":  { "File": "character_supersonic.png", "Rect": "516,180,32,32", "Center": "19,16" },
	"character_supersonic_0x3b":  { "File": "character_supersonic.png", "Rect": "576,176,24,40", "Center": "12,20" },
	"character_supersonic_0x3c":  { "File": "character_supersonic.png", "Rect": "632,176,24,40", "Center": "12,20" },
	"character_supersonic_0x3d":  { "File": "character_supersonic.png", "Rect": "688,172,24,48", "Center": "14,26" },
	"character_supersonic_0x3e":  { "File": "character_supersonic.png", "Rect": "744,180,24,32", "Center": "13,16" },
	"character_supersonic_0x3f":  { "File": "character_supersonic.png", "Rect": "796,180,32,32", "Center": "17,15" },
	"character_supersonic_0x40":  { "File": "character_supersonic.png", "Rect": "852,180,32,32", "Center": "16,14" },
	"character_supersonic_0x41":  { "File": "character_supersonic.png", "Rect": "12,232,32,40", "Center": "16,17" },
	"character_supersonic_0x42":  { "File": "character_supersonic.png", "Rect": "68,232,32,40", "Center": "16,20" },
	"character_supersonic_0x43":  { "File": "character_supersonic.png", "Rect": "128,232,24,40", "Center": "11,20" },
	"character_supersonic_0x44":  { "File": "character_supersonic.png", "Rect": "184,236,24,32", "Center": "12,16" },
	"character_supersonic_0x45":  { "File": "character_supersonic.png", "Rect": "236,240,32,24", "Center": "14,10" },
	"character_supersonic_0x46":  { "File": "character_supersonic.png", "Rect": "296,236,24,32", "Center": "13,13" },
	"character_supersonic_0x47":  { "File": "character_supersonic.png", "Rect": "352,232,24,40", "Center": "13,21" },
	"character_supersonic_0x48":  { "File": "character_supersonic.png", "Rect": "404,232,32,40", "Center": "16,20" },
	"character_supersonic_0x49":  { "File": "character_supersonic.png", "Rect": "456,232,40,40", "Center": "20,24" },
	"character_supersonic_0x4a":  { "File": "character_supersonic.png", "Rect": "516,228,32,48", "Center": "14,22" },
	"character_supersonic_0x4b":  { "File": "character_supersonic.png", "Rect": "572,236,32,32", "Center": "16,21" },
	"character_supersonic_0x4c":  { "File": "character_supersonic.png", "Rect": "628,236,32,32", "Center": "13,15" },
	"character_supersonic_0x4d":  { "File": "character_supersonic.png", "Rect": "684,236,32,32", "Center": "13,18" },
	"character_supersonic_0x4e":  { "File": "character_supersonic.png", "Rect": "740,236,32,32", "Center": "18,14" },
	"character_supersonic_0x4f":  { "File": "character_supersonic.png", "Rect": "792,232,40,40", "Center": "22,22" },
	"character_supersonic_0x50":  { "File": "character_supersonic.png", "Rect": "848,232,40,40", "Center": "21,20" },
	"character_supersonic_0x51":  { "File": "character_supersonic.png", "Rect": "12,292,32,32", "Center": "17,19" },
	"character_supersonic_0x52":  { "File": "character_supersonic.png", "Rect": "68,292,32,32", "Center": "14,17" },
	"character_supersonic_0x53":  { "File": "character_supersonic.png", "Rect": "120,292,40,32", "Center": "24,19" },
	"character_supersonic_0x54":  { "File": "character_supersonic.png", "Rect": "176,292,40,32", "Center": "17,16" },
	"character_supersonic_0x55":  { "File": "character_supersonic.png", "Rect": "236,283,32,45", "Center": "16,25" },
	"character_supersonic_0x56":  { "File": "character_supersonic.png", "Rect": "290,280,34,48", "Center": "17,28" },
	"character_supersonic_0x57":  { "File": "character_supersonic.png", "Rect": "348,280,32,48", "Center": "15,28" },
	"character_supersonic_0x58":  { "File": "character_supersonic.png", "Rect": "406,280,29,48", "Center": "15,28" },
	"character_supersonic_0x59":  { "File": "character_supersonic.png", "Rect": "460,284,32,44", "Center": "15,24" },
	"character_supersonic_0x5a":  { "File": "character_supersonic.png", "Rect": "516,284,32,44", "Center": "15,24" },
	"character_supersonic_0x5b":  { "File": "character_supersonic.png", "Rect": "574,282,29,46", "Center": "15,26" },
	"character_supersonic_0x5c":  { "File": "character_supersonic.png", "Rect": "620,296,48,24", "Center": "20,11" },
	"character_supersonic_0x5d":  { "File": "character_supersonic.png", "Rect": "684,296,32,24", "Center": "4,12" },
	"character_supersonic_0x5e":  { "File": "character_supersonic.png", "Rect": "736,296,40,24", "Center": "30,12" },
	"character_supersonic_0x5f":  { "File": "character_supersonic.png", "Rect": "788,296,48,24", "Center": "27,11" },
	"character_supersonic_0x60":  { "File": "character_supersonic.png", "Rect": "852,296,32,24", "Center": "10,12" },
	"character_supersonic_0x61":  { "File": "character_supersonic.png", "Rect": "8,352,40,24", "Center": "38,12" },
	"character_supersonic_0x62":  { "File": "character_supersonic.png", "Rect": "64,348,40,32", "Center": "20,16" },
	"character_supersonic_0x63":  { "File": "character_supersonic.png", "Rect": "128,340,24,48", "Center": "11,24" },
	"character_supersonic_0x64":  { "File": "character_supersonic.png", "Rect": "184,348,24,32", "Center": "13,15" },
	"character_supersonic_0x65":  { "File": "character_supersonic.png", "Rect": "240,344,24,40", "Center": "12,21" },
	"character_supersonic_0x66":  { "File": "character_supersonic.png", "Rect": "296,340,24,48", "Center": "12,24" },
	"character_supersonic_0x67":  { "File": "character_supersonic.png", "Rect": "352,348,24,32", "Center": "14,16" },
	"character_supersonic_0x68":  { "File": "character_supersonic.png", "Rect": "408,344,24,40", "Center": "14,24" },
	"character_supersonic_0x69":  { "File": "character_supersonic.png", "Rect": "460,344,32,40", "Center": "16,20" },
	"character_supersonic_0x6a":  { "File": "character_supersonic.png", "Rect": "516,344,32,40", "Center": "16,20" },
	"character_supersonic_0x6b":  { "File": "character_supersonic.png", "Rect": "572,348,32,32", "Center": "21,20" },
	"character_supersonic_0x6c":  { "File": "character_supersonic.png", "Rect": "628,348,32,32", "Center": "16,16" },
	"character_supersonic_0x6d":  { "File": "character_supersonic.png", "Rect": "680,348,40,32", "Center": "20,16" },
	"character_supersonic_0x6e":  { "File": "character_supersonic.png", "Rect": "736,348,40,32", "Center": "20,16" },
	"character_supersonic_0x6f":  { "File": "character_supersonic.png", "Rect": "796,348,32,32", "Center": "16,16" },
	"character_supersonic_0x70":  { "File": "character_supersonic.png", "Rect": "852,348,32,32", "Center": "16,16" },
	"character_supersonic_0x71":  { "File": "character_supersonic.png", "Rect": "12,404,32,32", "Center": "16,16" },
	"character_supersonic_0x72":  { "File": "character_supersonic.png", "Rect": "64,404,40,32", "Center": "20,16" },
	"character_supersonic_0x73":  { "File": "character_supersonic.png", "Rect": "120,404,40,32", "Center": "20,16" },
	"character_supersonic_0x74":  { "File": "character_supersonic.png", "Rect": "180,404,32,32", "Center": "16,16" },
	"character_supersonic_0x75":  { "File": "character_supersonic.png", "Rect": "240,404,24,32", "Center": "12,16" },
	"character_supersonic_0x76":  { "File": "character_supersonic.png", "Rect": "292,404,32,32", "Center": "16,16" },
	"character_supersonic_0x77":  { "File": "character_supersonic.png", "Rect": "348,408,32,24", "Center": "16,12" },
	"character_supersonic_0x78":  { "File": "character_supersonic.png", "Rect": "400,396,40,48", "Center": "18,25" },
	"character_supersonic_0x79":  { "File": "character_supersonic.png", "Rect": "452,400,48,40", "Center": "31,26" },
	"character_supersonic_0x7a":  { "File": "character_supersonic.png", "Rect": "508,400,48,40", "Center": "26,23" },
	"character_supersonic_0x7b":  { "File": "character_supersonic.png", "Rect": "568,396,40,48", "Center": "27,18" },
	"character_supersonic_0x7c":  { "File": "character_supersonic.png", "Rect": "624,396,40,48", "Center": "23,22" },
	"character_supersonic_0x7d":  { "File": "character_supersonic.png", "Rect": "676,400,48,40", "Center": "20,13" },
	"character_supersonic_0x7e":  { "File": "character_supersonic.png", "Rect": "732,400,48,40", "Center": "23,17" },
	"character_supersonic_0x7f":  { "File": "character_supersonic.png", "Rect": "792,396,40,48", "Center": "13,28" },
	"character_supersonic_0x80":  { "File": "character_supersonic.png", "Rect": "848,389,40,57", "Center": "17,29" },
	"character_supersonic_0x81":  { "File": "character_supersonic.png", "Rect": "9,452,35,50", "Center": "18,24" },
	"character_supersonic_0x82":  { "File": "character_supersonic.png", "Rect": "68,452,32,52", "Center": "18,24" },
	"character_supersonic_0x83":  { "File": "character_supersonic.png", "Rect": "120,450,40,53", "Center": "19,26" },
	"character_supersonic_0x84":  { "File": "character_supersonic.png", "Rect": "180,452,32,52", "Center": "15,24" },
	"character_supersonic_0x85":  { "File": "character_supersonic.png", "Rect": "236,450,32,53", "Center": "15,27" },
	"character_supersonic_0x86":  { "File": "character_supersonic.png", "Rect": "292,460,32,32", "Center": "12,8" },
	"character_supersonic_0x87":  { "File": "character_supersonic.png", "Rect": "348,460,32,32", "Center": "12,8" },
	"character_supersonic_0x88":  { "File": "character_supersonic.png", "Rect": "404,460,32,32", "Center": "12,8" },
	"character_supersonic_0x89":  { "File": "character_supersonic.png", "Rect": "460,460,32,32", "Center": "12,8" },
	"character_supersonic_0x8a":  { "File": "character_supersonic.png", "Rect": "516,460,32,32", "Center": "12,8" },
	"character_supersonic_0x8b":  { "File": "character_supersonic.png", "Rect": "572,460,32,32", "Center": "12,8" },
	"character_supersonic_0x8c":  { "File": "character_supersonic.png", "Rect": "624,460,40,32", "Center": "20,16" },
	"character_supersonic_0x8d":  { "File": "character_supersonic.png", "Rect": "680,460,40,32", "Center": "20,17" },
	"character_supersonic_0x8e":  { "File": "character_supersonic.png", "Rect": "741,452,28,48", "Center": "18,24" },
	"character_supersonic_0x8f":  { "File": "character_supersonic.png", "Rect": "792,460,40,32", "Center": "23,15" },
	"character_supersonic_0x90":  { "File": "character_supersonic.png", "Rect": "846,452,36,49", "Center": "20,24" },
	"character_supersonic_0x91":  { "File": "character_supersonic.png", "Rect": "1,508,43,48", "Center": "20,26" },
	"character_supersonic_0x92":  { "File": "character_supersonic.png", "Rect": "56,512,43,40", "Center": "20,24" },
	"character_supersonic_0x93":  { "File": "character_supersonic.png", "Rect": "120,516,32,34", "Center": "20,25" },
	"character_supersonic_0x94":  { "File": "character_supersonic.png", "Rect": "177,506,35,55", "Center": "17,26" },
	"character_supersonic_0x95":  { "File": "character_supersonic.png", "Rect": "234,506,30,55", "Center": "15,26" },
	"character_supersonic_0x96":  { "File": "character_supersonic.png", "Rect": "292,516,32,32", "Center": "16,16" },
	"character_supersonic_0x97":  { "File": "character_supersonic.png", "Rect": "348,516,32,32", "Center": "16,16" },
	"character_supersonic_0x98":  { "File": "character_supersonic.png", "Rect": "404,516,32,32", "Center": "16,16" },
	"character_supersonic_0x99":  { "File": "character_supersonic.png", "Rect": "460,516,32,32", "Center": "16,16" },
	"character_supersonic_0x9a":  { "File": "character_supersonic.png", "Rect": "516,516,32,32", "Center": "16,16" },
	"character_supersonic_0x9b":  { "File": "character_supersonic.png", "Rect": "568,511,40,37", "Center": "16,17" },
	"character_supersonic_0x9c":  { "File": "character_supersonic.png", "Rect": "624,511,40,37", "Center": "16,17" },
	"character_supersonic_0x9d":  { "File": "character_supersonic.png", "Rect": "680,512,40,40", "Center": "19,21" },
	"character_supersonic_0x9e":  { "File": "character_supersonic.png", "Rect": "736,512,40,40", "Center": "18,21" },
	"character_supersonic_0x9f":  { "File": "character_supersonic.png", "Rect": "796,512,32,40", "Center": "15,22" },
	"character_supersonic_0xa0":  { "File": "character_supersonic.png", "Rect": "852,512,32,40", "Center": "17,20" },
	"character_supersonic_0xa1":  { "File": "character_supersonic.png", "Rect": "7,564,42,48", "Center": "24,27" },
	"character_supersonic_0xa2":  { "File": "character_supersonic.png", "Rect": "63,564,42,48", "Center": "24,27" },
	"character_supersonic_0xa3":  { "File": "character_supersonic.png", "Rect": "120,564,40,48", "Center": "22,27" },
	"character_supersonic_0xa4":  { "File": "character_supersonic.png", "Rect": "175,564,42,48", "Center": "24,27" },
	"character_supersonic_0xa5":  { "File": "character_supersonic.png", "Rect": "231,564,42,48", "Center": "24,27" },
	"character_supersonic_0xa6":  { "File": "character_supersonic.png", "Rect": "288,564,40,48", "Center": "22,27" },
	"character_supersonic_0xa7":  { "File": "character_supersonic.png", "Rect": "344,568,40,40", "Center": "16,20" },
	"character_supersonic_0xa8":  { "File": "character_supersonic.png", "Rect": "400,568,40,40", "Center": "16,20" },
	"character_supersonic_0xa9":  { "File": "character_supersonic.png", "Rect": "456,568,40,40", "Center": "16,20" },
	"character_supersonic_0xaa":  { "File": "character_supersonic.png", "Rect": "504,576,56,24", "Center": "26,12" },
	"character_supersonic_0xab":  { "File": "character_supersonic.png", "Rect": "560,576,56,24", "Center": "26,12" },
	"character_supersonic_0xac":  { "File": "character_supersonic.png", "Rect": "624,568,40,40", "Center": "20,20" },
	"character_supersonic_0xad":  { "File": "character_supersonic.png", "Rect": "684,568,32,40", "Center": "18,20" },
	"character_supersonic_0xae":  { "File": "character_supersonic.png", "Rect": "740,568,32,40", "Center": "18,20" },
	"character_supersonic_0xaf":  { "File": "character_supersonic.png", "Rect": "792,568,40,40", "Center": "26,20" },
	"character_supersonic_0xb0":  { "File": "character_supersonic.png", "Rect": "852,568,32,40", "Center": "22,20" },
	"character_supersonic_0xb1":  { "File": "character_supersonic.png", "Rect": "12,624,32,40", "Center": "17,20" },
	"character_supersonic_0xb2":  { "File": "character_supersonic.png", "Rect": "68,624,32,40", "Center": "17,20" },
	"character_supersonic_0xb3":  { "File": "character_supersonic.png", "Rect": "124,624,32,40", "Center": "17,20" },
	"character_supersonic_0xb4":  { "File": "character_supersonic.png", "Rect": "184,616,24,56", "Center": "11,26" },
	"character_supersonic_0xb5":  { "File": "character_supersonic.png", "Rect": "240,616,24,56", "Center": "11,26" },
	"character_supersonic_0xb6":  { "File": "character_supersonic.png", "Rect": "292,628,34,40", "Center": "19,20" },
	"character_supersonic_0xb7":  { "File": "character_supersonic.png", "Rect": "348,628,34,40", "Center": "19,20" },
	"character_supersonic_0xb8":  { "File": "character_supersonic.png", "Rect": "404,628,34,40", "Center": "19,20" },
	"character_supersonic_0xb9":  { "File": "character_supersonic.png", "Rect": "460,628,34,40", "Center": "19,20" },
	"character_supersonic_0xba":  { "File": "character_supersonic.png", "Rect": "512,620,40,48", "Center": "24,28" },
	"character_supersonic_0xbb":  { "File": "character_supersonic.png", "Rect": "568,620,40,48", "Center": "24,28" },
	"character_supersonic_0xbc":  { "File": "character_supersonic.png", "Rect": "624,620,40,48", "Center": "25,28" },
	"character_supersonic_0xbd":  { "File": "character_supersonic.png", "Rect": "680,620,40,48", "Center": "24,28" },
	"character_supersonic_0xbe":  { "File": "character_supersonic.png", "Rect": "736,620,40,48", "Center": "24,28" },
	"character_supersonic_0xbf":  { "File": "character_supersonic.png", "Rect": "792,620,40,48", "Center": "25,28" },
	"character_supersonic_0xc0":  { "File": "character_supersonic.png", "Rect": "848,620,40,48", "Center": "24,28" },
	"character_supersonic_0xc1":  { "File": "character_supersonic.png", "Rect": "8,676,40,48", "Center": "24,28" },
	"character_supersonic_0xc2":  { "File": "character_supersonic.png", "Rect": "64,676,40,48", "Center": "24,28" },
	"character_supersonic_0xc3":  { "File": "character_supersonic.png", "Rect": "124,672,32,48", "Center": "18,28" },
	"character_supersonic_0xc4":  { "File": "character_supersonic.png", "Rect": "176,675,40,45", "Center": "26,23" },
	"character_supersonic_0xc5":  { "File": "character_supersonic.png", "Rect": "232,676,40,48", "Center": "24,28" },
	"character_supersonic_0xc6":  { "File": "character_supersonic.png", "Rect": "288,676,40,48", "Center": "24,28" },
	"character_supersonic_0xc7":  { "File": "character_supersonic.png", "Rect": "344,676,40,48", "Center": "24,28" },
	"character_supersonic_0xc8":  { "File": "character_supersonic.png", "Rect": "396,685,48,29", "Center": "23,15" },
	"character_supersonic_0xc9":  { "File": "character_supersonic.png", "Rect": "456,682,45,30", "Center": "23,18" },
	"character_supersonic_0xca":  { "File": "character_supersonic.png", "Rect": "510,682,47,31", "Center": "22,18" },
	"character_supersonic_0xcb":  { "File": "character_supersonic.png", "Rect": "565,682,47,31", "Center": "22,18" },
	"character_supersonic_0xcc":  { "File": "character_supersonic.png", "Rect": "620,685,48,28", "Center": "22,15" },
	"character_supersonic_0xcd":  { "File": "character_supersonic.png", "Rect": "676,685,47,29", "Center": "22,16" },
	"character_supersonic_0xce":  { "File": "character_supersonic.png", "Rect": "733,682,44,32", "Center": "21,20" },
	"character_supersonic_0xcf":  { "File": "character_supersonic.png", "Rect": "786,686,48,28", "Center": "24,15" },
	"character_supersonic_0xd0":  { "File": "character_supersonic.png", "Rect": "848,684,40,32", "Center": "20,8" },
	"character_supersonic_0xd1":  { "File": "character_supersonic.png", "Rect": "8,740,40,32", "Center": "20,9" },
	"character_supersonic_0xd2":  { "File": "character_supersonic.png", "Rect": "72,740,24,32", "Center": "12,16" },
	"character_supersonic_0xd3":  { "File": "character_supersonic.png", "Rect": "124,732,32,48", "Center": "13,24" },
	"character_supersonic_0xd4":  { "File": "character_supersonic.png", "Rect": "180,732,32,48", "Center": "16,24" },
	"character_supersonic_0xd5":  { "File": "character_supersonic.png", "Rect": "236,732,32,48", "Center": "16,24" },
	"character_supersonic_0xd6":  { "File": "character_supersonic.png", "Rect": "292,732,32,48", "Center": "16,24" },
	"character_supersonic_0xd7":  { "File": "character_supersonic.png", "Rect": "344,740,40,32", "Center": "24,12" },
	"character_supersonic_0xd8":  { "File": "character_supersonic.png", "Rect": "400,740,40,32", "Center": "24,13" },
	"character_supersonic_0xd9":  { "File": "character_supersonic.png", "Rect": "456,736,40,40", "Center": "24,20" },
	"character_supersonic_0xda":  { "File": "character_supersonic.png", "Rect": "516,736,32,40", "Center": "16,20" },
	"character_supersonic_0xdb":  { "File": "character_supersonic.png", "Rect": "572,736,32,40", "Center": "16,20" },
	"character_supersonic_0xdc":  { "File": "character_supersonic.png", "Rect": "628,736,32,40", "Center": "16,20" },
	"character_supersonic_0xdd":  { "File": "character_supersonic.png", "Rect": "684,736,32,40", "Center": "16,20" },
	"character_supersonic_0xde":  { "File": "character_supersonic.png", "Rect": "740,736,32,40", "Center": "16,20" },
	"character_supersonic_0xdf":  { "File": "character_supersonic.png", "Rect": "796,736,32,40", "Center": "16,20" },
	"character_supersonic_0xe0":  { "File": "character_supersonic.png", "Rect": "856,740,24,32", "Center": "12,16" },
	"character_supersonic_0xe1":  { "File": "character_supersonic.png", "Rect": "16,792,24,40", "Center": "12,20" },
	"character_supersonic_0xe2":  { "File": "character_supersonic.png", "Rect": "68,792,32,40", "Center": "16,20" },
	"character_supersonic_0xe3":  { "File": "character_supersonic.png", "Rect": "120,788,40,48", "Center": "20,24" },
	"character_supersonic_0xe4":  { "File": "character_supersonic.png", "Rect": "180,788,32,48", "Center": "16,24" },
	"character_supersonic_0xe5":  { "File": "character_supersonic.png", "Rect": "236,788,32,48", "Center": "16,24" },
	"character_supersonic_0xe6":  { "File": "character_supersonic.png", "Rect": "292,788,32,48", "Center": "16,24" },
	"character_supersonic_0xe7":  { "File": "character_supersonic.png", "Rect": "352,788,24,48", "Center": "12,24" },
	"character_supersonic_0xe8":  { "File": "character_supersonic.png", "Rect": "404,788,32,48", "Center": "16,24" },
	"character_supersonic_0xe9":  { "File": "character_supersonic.png", "Rect": "460,788,32,48", "Center": "16,24" },
	"character_supersonic_0xea":  { "File": "character_supersonic.png", "Rect": "520,788,24,48", "Center": "12,24" },
	"character_supersonic_0xeb":  { "File": "character_supersonic.png", "Rect": "568,788,40,48", "Center": "20,24" },
	"character_supersonic_0xec":  { "File": "character_supersonic.png", "Rect": "620,792,48,40", "Center": "24,20" },
	"character_supersonic_0xed":  { "File": "character_supersonic.png", "Rect": "684,788,32,48", "Center": "16,24" },
	"character_supersonic_0xee":  { "File": "character_supersonic.png", "Rect": "732,792,48,40", "Center": "24,20" },
	"character_supersonic_0xef":  { "File": "character_supersonic.png", "Rect": "796,792,32,40", "Center": "16,20" },
	"character_supersonic_0xf0":  { "File": "character_supersonic.png", "Rect": "852,792,32,40", "Center": "16,20" },
	"character_supersonic_0xf1":  { "File": "character_supersonic.png", "Rect": "16,848,24,40", "Center": "12,20" },
	"character_supersonic_0xf2":  { "File": "character_supersonic.png", "Rect": "72,848,24,40", "Center": "12,20" },
	"character_supersonic_0xf3":  { "File": "character_supersonic.png", "Rect": "128,848,24,40", "Center": "12,20" },
	"character_supersonic_0xf4":  { "File": "character_supersonic.png", "Rect": "180,848,32,40", "Center": "16,20" },
	"character_supersonic_0xf5":  { "File": "character_supersonic.png", "Rect": "236,848,32,40", "Center": "16,20" },
	"character_supersonic_0xf6":  { "File": "character_supersonic.png", "Rect": "292,848,32,40", "Center": "16,20" },
	"character_supersonic_0xf7":  { "File": "character_supersonic.png", "Rect": "352,848,24,40", "Center": "12,20" },
	"character_supersonic_0xf8":  { "File": "character_supersonic.png", "Rect": "408,848,24,40", "Center": "12,20" },
	"character_supersonic_0xf9":  { "File": "character_supersonic.png", "Rect": "464,848,24,40", "Center": "12,20" },
	"character_supersonic_0xfa":  { "File": "character_supersonic.png", "Rect": "516,848,32,40", "Center": "16,20" }
}