{
	"amy_run_0":  { "File": "amy_run.bmp", "Rect": "3,3,50,50", "Center": "25,30" },
	"amy_run_1":  { "File": "amy_run.bmp", "Rect": "58,3,50,50", "Center": "25,30" },
	"amy_run_2":  { "File": "amy_run.bmp", "Rect": "113,3,50,50", "Center": "25,30" },
	"amy_run_3":  { "File": "amy_run.bmp", "Rect": "3,58,50,50", "Center": "25,30" },
	"amy_run_4":  { "File": "amy_run.bmp", "Rect": "58,58,50,50", "Center": "25,30" },
	"amy_run_5":  { "File": "amy_run.bmp", "Rect": "113,58,50,50", "Center": "25,30" }
}