{
	"menu_characters_slot14_modgen":  { "File": "character_amy_hud_modgen.png", "Rect": "66,3,60,60", "Center": "31,40" },
	"hud_lives_icon_slot14_modgen":  { "File": "character_amy_hud_modgen.png", "Rect": "3,3,60,16", "Center": "0,0" },
	"continue_icon_slot14_modgen":  { "File": "character_amy_hud_modgen.png", "Rect": "192,26,24,26", "Center": "13,26" },
	"ESS_Char_Es14_modgen":  { "File": "character_amy_hud_modgen.png", "Rect": "66,3,60,60", "Center": "31,60" },
	"ESS_Life_Es14_modgen":  { "File": "character_amy_hud_modgen.png", "Rect": "3,3,16,16", "Center": "8,16" },
	"ESS_Cont_Es14_modgen":  { "File": "character_amy_hud_modgen.png", "Rect": "192,26,24,26", "Center": "11,26" },
	"dataSel_slot14_modgen":  { "File": "character_amy_hud_modgen.png", "Rect": "129,3,60,60", "Center": "31,60" },
	"hud_lives_icon_amy_tails_modgen":    { "File": "character_amy_hud_modgen.png", "Rect": "3,20,60,16", "Center": "0,0" },
	"hud_lives_icon_amy_cream_modgen":    { "File": "character_amy_hud_modgen.png", "Rect": "3,37,60,16", "Center": "0,0" },
	"MAmycont_modgen":  { "File": "character_amy_hud_modgen.png", "Rect": "194,28,19,24", "Center": "10,12" },
}