{
	"monitor_icon_slot14_modgen":  { "File": "character_amy_other_modgen.png", "Rect": "136,3,16,16", "Center": "8,8" },
	"tornado_slot14_modgen_small":  { "File": "character_amy_other_modgen.png", "Rect": "57,4,20,27", "Center": "11,19" },
	"continue_icon_slot14_modgen_wait_0x00":  { "File": "character_amy_other_modgen.png", "Rect": "4,34,34,34", "Center": "18,22" },
	"continue_icon_slot14_modgen_wait_0x01":  { "File": "character_amy_other_modgen.png", "Rect": "41,34,34,34", "Center": "18,22" },
	"charselect_slot14_modgen":  { "File": "character_amy_other_modgen.png", "Rect": "80,68,50,50", "Center": "27,30" },
	"MAmy_S3C_icon_modgen":  { "File": "character_amy_other_modgen.png", "Rect": "5,70,16,16", "Center": "0,0" },
	"MAmy_S3C_icon_Tails_modgen":  { "File": "character_amy_other_modgen.png", "Rect": "24,70,31,16", "Center": "0,0" },
	"MAmy_S3C_icon_Cream_modgen":  { "File": "character_amy_other_modgen.png", "Rect": "24,89,31,16", "Center": "0,0" },
}