{
	"character_modgen_amy_0x01":  { "File": "character_amy_modgen.bmp", "Rect": "989,584,50,50", "Center": "27,32" },
	"character_modgen_amy_0x02":  { "File": "character_amy_modgen.bmp", "Rect": "1053,584,50,50", "Center": "27,31" },
	"character_modgen_amy_0x03":  { "File": "character_amy_modgen.bmp", "Rect": "15,648,50,50", "Center": "27,31" },
	"character_modgen_amy_0x04":  { "File": "character_amy_modgen.bmp", "Rect": "79,648,50,50", "Center": "24,31" },
	"character_modgen_amy_0x05":  { "File": "character_amy_modgen.bmp", "Rect": "145,648,50,50", "Center": "23,31" },
	"character_modgen_amy_0x06":  { "File": "character_amy_modgen.bmp", "Rect": "209,648,50,50", "Center": "26,31" },
	"character_modgen_amy_0x07":  { "File": "character_amy_modgen.bmp", "Rect": "273,648,50,50", "Center": "24,31" },
	"character_modgen_amy_0x08":  { "File": "character_amy_modgen.bmp", "Rect": "339,648,50,50", "Center": "25,31" },
	"character_modgen_amy_0x09":  { "File": "character_amy_modgen.bmp", "Rect": "403,648,50,50", "Center": "28,22" },
	"character_modgen_amy_0x0a":  { "File": "character_amy_modgen.bmp", "Rect": "469,648,50,50", "Center": "22,23" },
	"character_modgen_amy_0x0b":  { "File": "character_amy_modgen.bmp", "Rect": "533,648,50,50", "Center": "25,26" },
	"character_modgen_amy_0x0c":  { "File": "character_amy_modgen.bmp", "Rect": "597,648,50,50", "Center": "25,24" },
	"character_modgen_amy_0x0d":  { "File": "character_amy_modgen.bmp", "Rect": "663,648,50,50", "Center": "26,21" },
	"character_modgen_amy_0x0e":  { "File": "character_amy_modgen.bmp", "Rect": "729,648,50,50", "Center": "25,24" },
	"character_modgen_amy_0x0f":  { "File": "character_amy_modgen.bmp", "Rect": "793,648,50,50", "Center": "29,22" },
	"character_modgen_amy_0x10":  { "File": "character_amy_modgen.bmp", "Rect": "859,648,50,50", "Center": "27,25" },
	"character_modgen_amy_0x11":  { "File": "character_amy_modgen.bmp", "Rect": "923,648,50,50", "Center": "30,23" },
	"character_modgen_amy_0x12":  { "File": "character_amy_modgen.bmp", "Rect": "989,648,50,50", "Center": "31,23" },
	"character_modgen_amy_0x13":  { "File": "character_amy_modgen.bmp", "Rect": "1053,648,50,50", "Center": "30,23" },
	"character_modgen_amy_0x14":  { "File": "character_amy_modgen.bmp", "Rect": "15,712,50,50", "Center": "30,24" },
	"character_modgen_amy_0x15":  { "File": "character_amy_modgen.bmp", "Rect": "79,712,50,50", "Center": "30,24" },
	"character_modgen_amy_0x16":  { "File": "character_amy_modgen.bmp", "Rect": "145,712,50,50", "Center": "31,24" },
	"character_modgen_amy_0x17":  { "File": "character_amy_modgen.bmp", "Rect": "209,712,50,50", "Center": "30,23" },
	"character_modgen_amy_0x18":  { "File": "character_amy_modgen.bmp", "Rect": "273,712,50,50", "Center": "30,23" },
	"character_modgen_amy_0x19":  { "File": "character_amy_modgen.bmp", "Rect": "339,712,50,50", "Center": "21,20" },
	"character_modgen_amy_0x1a":  { "File": "character_amy_modgen.bmp", "Rect": "403,712,50,50", "Center": "25,25" },
	"character_modgen_amy_0x1b":  { "File": "character_amy_modgen.bmp", "Rect": "469,712,50,50", "Center": "24,21" },
	"character_modgen_amy_0x1c":  { "File": "character_amy_modgen.bmp", "Rect": "533,712,50,50", "Center": "21,22" },
	"character_modgen_amy_0x1d":  { "File": "character_amy_modgen.bmp", "Rect": "597,712,50,50", "Center": "20,22" },
	"character_modgen_amy_0x1e":  { "File": "character_amy_modgen.bmp", "Rect": "663,712,50,50", "Center": "21,22" },
	"character_modgen_amy_0x1f":  { "File": "character_amy_modgen.bmp", "Rect": "729,712,50,50", "Center": "23,21" },
	"character_modgen_amy_0x20":  { "File": "character_amy_modgen.bmp", "Rect": "793,712,50,50", "Center": "25,21" },
	"character_modgen_amy_0x21":  { "File": "character_amy_modgen.bmp", "Rect": "859,712,50,50", "Center": "25,30" },
	"character_modgen_amy_0x22":  { "File": "character_amy_modgen.bmp", "Rect": "923,712,50,50", "Center": "24,30" },
	"character_modgen_amy_0x23":  { "File": "character_amy_modgen.bmp", "Rect": "989,712,50,50", "Center": "25,30" },
	"character_modgen_amy_0x24":  { "File": "character_amy_modgen.bmp", "Rect": "1053,712,50,50", "Center": "24,30" },
	"character_modgen_amy_0x25":  { "File": "character_amy_modgen.bmp", "Rect": "15,776,50,50", "Center": "29,23" },
	"character_modgen_amy_0x26":  { "File": "character_amy_modgen.bmp", "Rect": "79,776,50,50", "Center": "29,23" },
	"character_modgen_amy_0x27":  { "File": "character_amy_modgen.bmp", "Rect": "145,776,50,50", "Center": "29,23" },
	"character_modgen_amy_0x28":  { "File": "character_amy_modgen.bmp", "Rect": "209,776,50,50", "Center": "29,23" },
	"character_modgen_amy_0x29":  { "File": "character_amy_modgen.bmp", "Rect": "273,776,50,50", "Center": "30,25" },
	"character_modgen_amy_0x2a":  { "File": "character_amy_modgen.bmp", "Rect": "337,776,50,50", "Center": "30,25" },
	"character_modgen_amy_0x2b":  { "File": "character_amy_modgen.bmp", "Rect": "403,776,50,50", "Center": "30,25" },
	"character_modgen_amy_0x2c":  { "File": "character_amy_modgen.bmp", "Rect": "467,776,50,50", "Center": "30,25" },
	"character_modgen_amy_0x2d":  { "File": "character_amy_modgen.bmp", "Rect": "533,776,50,50", "Center": "24,22" },
	"character_modgen_amy_0x2e":  { "File": "character_amy_modgen.bmp", "Rect": "597,776,50,50", "Center": "24,22" },
	"character_modgen_amy_0x2f":  { "File": "character_amy_modgen.bmp", "Rect": "663,776,50,50", "Center": "24,22" },
	"character_modgen_amy_0x30":  { "File": "character_amy_modgen.bmp", "Rect": "727,776,50,50", "Center": "24,22" },
	"character_modgen_amy_0x31":  { "File": "character_amy_modgen.bmp", "Rect": "403,200,50,50", "Center": "25,30" },
	"character_modgen_amy_0x32":  { "File": "character_amy_modgen.bmp", "Rect": "469,200,50,50", "Center": "24,32" },
	"character_modgen_amy_0x33":  { "File": "character_amy_modgen.bmp", "Rect": "533,200,50,50", "Center": "25,31" },
	"character_modgen_amy_0x34":  { "File": "character_amy_modgen.bmp", "Rect": "597,200,50,50", "Center": "25,29" },
	"character_modgen_amy_0x35":  { "File": "character_amy_modgen.bmp", "Rect": "663,200,50,50", "Center": "25,29" },
	"character_modgen_amy_0x36":  { "File": "character_amy_modgen.bmp", "Rect": "729,200,50,50", "Center": "27,26" },
	"character_modgen_amy_0x37":  { "File": "character_amy_modgen.bmp", "Rect": "793,200,50,50", "Center": "26,23" },
	"character_modgen_amy_0x38":  { "File": "character_amy_modgen.bmp", "Rect": "859,200,50,50", "Center": "26,24" },
	"character_modgen_amy_0x39":  { "File": "character_amy_modgen.bmp", "Rect": "923,200,50,50", "Center": "27,26" },
	"character_modgen_amy_0x3a":  { "File": "character_amy_modgen.bmp", "Rect": "989,200,50,50", "Center": "27,29" },
	"character_modgen_amy_0x3b":  { "File": "character_amy_modgen.bmp", "Rect": "1053,200,50,50", "Center": "26,29" },
	"character_modgen_amy_0x3c":  { "File": "character_amy_modgen.bmp", "Rect": "15,264,50,50", "Center": "26,30" },
	"character_modgen_amy_0x3d":  { "File": "character_amy_modgen.bmp", "Rect": "79,264,50,50", "Center": "26,28" },
	"character_modgen_amy_0x3e":  { "File": "character_amy_modgen.bmp", "Rect": "145,264,50,50", "Center": "26,26" },
	"character_modgen_amy_0x3f":  { "File": "character_amy_modgen.bmp", "Rect": "209,264,50,50", "Center": "27,25" },
	"character_modgen_amy_0x40":  { "File": "character_amy_modgen.bmp", "Rect": "273,264,50,50", "Center": "26,25" },
	"character_modgen_amy_0x41":  { "File": "character_amy_modgen.bmp", "Rect": "339,264,50,50", "Center": "25,24" },
	"character_modgen_amy_0x42":  { "File": "character_amy_modgen.bmp", "Rect": "403,264,50,50", "Center": "26,20" },
	"character_modgen_amy_0x43":  { "File": "character_amy_modgen.bmp", "Rect": "469,264,50,50", "Center": "26,20" },
	"character_modgen_amy_0x44":  { "File": "character_amy_modgen.bmp", "Rect": "533,264,50,50", "Center": "26,23" },
	"character_modgen_amy_0x45":  { "File": "character_amy_modgen.bmp", "Rect": "597,264,50,50", "Center": "26,24" },
	"character_modgen_amy_0x46":  { "File": "character_amy_modgen.bmp", "Rect": "663,264,50,50", "Center": "26,26" },
	"character_modgen_amy_0x47":  { "File": "character_amy_modgen.bmp", "Rect": "729,264,50,50", "Center": "26,30" },
	"character_modgen_amy_0x48":  { "File": "character_amy_modgen.bmp", "Rect": "793,264,50,50", "Center": "24,30" },
	"character_modgen_amy_0x49":  { "File": "character_amy_modgen.bmp", "Rect": "859,264,50,50", "Center": "26,32" },
	"character_modgen_amy_0x4a":  { "File": "character_amy_modgen.bmp", "Rect": "923,264,50,50", "Center": "24,26" },
	"character_modgen_amy_0x4b":  { "File": "character_amy_modgen.bmp", "Rect": "989,264,50,50", "Center": "25,30" },
	"character_modgen_amy_0x4c":  { "File": "character_amy_modgen.bmp", "Rect": "1053,264,50,50", "Center": "25,24" },
	"character_modgen_amy_0x4d":  { "File": "character_amy_modgen.bmp", "Rect": "15,328,50,50", "Center": "23,26" },
	"character_modgen_amy_0x4e":  { "File": "character_amy_modgen.bmp", "Rect": "79,328,50,50", "Center": "29,24" },
	"character_modgen_amy_0x4f":  { "File": "character_amy_modgen.bmp", "Rect": "145,328,50,50", "Center": "30,25" },
	"character_modgen_amy_0x50":  { "File": "character_amy_modgen.bmp", "Rect": "209,328,50,50", "Center": "29,23" },
	"character_modgen_amy_0x51":  { "File": "character_amy_modgen.bmp", "Rect": "273,328,50,50", "Center": "26,31" },
	"character_modgen_amy_0x52":  { "File": "character_amy_modgen.bmp", "Rect": "339,328,50,50", "Center": "23,33" },
	"character_modgen_amy_0x53":  { "File": "character_amy_modgen.bmp", "Rect": "403,328,50,50", "Center": "28,34" },
	"character_modgen_amy_0x54":  { "File": "character_amy_modgen.bmp", "Rect": "469,328,50,50", "Center": "28,33" },
	"character_modgen_amy_0x55":  { "File": "character_amy_modgen.bmp", "Rect": "533,328,50,50", "Center": "27,30" },
	"character_modgen_amy_0x56":  { "File": "character_amy_modgen.bmp", "Rect": "597,328,50,50", "Center": "28,30" },
	"character_modgen_amy_0x57":  { "File": "character_amy_modgen.bmp", "Rect": "663,328,50,50", "Center": "30,30" },
	"character_modgen_amy_0x58":  { "File": "character_amy_modgen.bmp", "Rect": "729,328,50,50", "Center": "26,30" },
	"character_modgen_amy_0x59":  { "File": "character_amy_modgen.bmp", "Rect": "793,328,50,50", "Center": "28,30" },
	"character_modgen_amy_0x5a":  { "File": "character_amy_modgen.bmp", "Rect": "859,328,50,50", "Center": "28,30" },
	"character_modgen_amy_0x5b":  { "File": "character_amy_modgen.bmp", "Rect": "923,328,50,50", "Center": "28,30" },
	"character_modgen_amy_0x5c":  { "File": "character_amy_modgen.bmp", "Rect": "273,8,50,50", "Center": "20,26" },
	"character_modgen_amy_0x5d":  { "File": "character_amy_modgen.bmp", "Rect": "339,8,50,50", "Center": "4,24" },
	"character_modgen_amy_0x5e":  { "File": "character_amy_modgen.bmp", "Rect": "403,8,50,50", "Center": "40,25" },
	"character_modgen_amy_0x5f":  { "File": "character_amy_modgen.bmp", "Rect": "469,8,50,50", "Center": "29,26" },
	"character_modgen_amy_0x60":  { "File": "character_amy_modgen.bmp", "Rect": "533,8,50,50", "Center": "28,24" },
	"character_modgen_amy_0x61":  { "File": "character_amy_modgen.bmp", "Rect": "599,8,50,50", "Center": "40,24" },
	"character_modgen_amy_0x62":  { "File": "character_amy_modgen.bmp", "Rect": "209,8,50,50", "Center": "20,30" },
	"character_modgen_amy_0x63":  { "File": "character_amy_modgen.bmp", "Rect": "663,8,50,50", "Center": "25,24" },
	"character_modgen_amy_0x64":  { "File": "character_amy_modgen.bmp", "Rect": "729,8,50,50", "Center": "25,15" },
	"character_modgen_amy_0x65":  { "File": "character_amy_modgen.bmp", "Rect": "793,8,50,50", "Center": "25,31" },
	"character_modgen_amy_0x66":  { "File": "character_amy_modgen.bmp", "Rect": "859,8,50,50", "Center": "25,26" },
	"character_modgen_amy_0x67":  { "File": "character_amy_modgen.bmp", "Rect": "923,8,50,50", "Center": "27,34" },
	"character_modgen_amy_0x68":  { "File": "character_amy_modgen.bmp", "Rect": "989,8,50,50", "Center": "27,26" },
	"character_modgen_amy_0x69":  { "File": "character_amy_modgen.bmp", "Rect": "15,584,50,50", "Center": "29,30" },
	"character_modgen_amy_0x6a":  { "File": "character_amy_modgen.bmp", "Rect": "79,584,50,50", "Center": "28,31" },
	"character_modgen_amy_0x6b":  { "File": "character_amy_modgen.bmp", "Rect": "145,584,50,50", "Center": "30,37" },
	"character_modgen_amy_0x6c":  { "File": "character_amy_modgen.bmp", "Rect": "209,584,50,50", "Center": "26,24" },
	"character_modgen_amy_0x6d":  { "File": "character_amy_modgen.bmp", "Rect": "273,584,50,50", "Center": "23,26" },
	"character_modgen_amy_0x6e":  { "File": "character_amy_modgen.bmp", "Rect": "339,584,50,50", "Center": "25,26" },
	"character_modgen_amy_0x6f":  { "File": "character_amy_modgen.bmp", "Rect": "403,584,50,50", "Center": "26,24" },
	"character_modgen_amy_0x70":  { "File": "character_amy_modgen.bmp", "Rect": "469,584,50,50", "Center": "24,26" },
	"character_modgen_amy_0x71":  { "File": "character_amy_modgen.bmp", "Rect": "533,584,50,50", "Center": "24,28" },
	"character_modgen_amy_0x72":  { "File": "character_amy_modgen.bmp", "Rect": "597,584,50,50", "Center": "22,27" },
	"character_modgen_amy_0x73":  { "File": "character_amy_modgen.bmp", "Rect": "663,584,50,50", "Center": "25,29" },
	"character_modgen_amy_0x74":  { "File": "character_amy_modgen.bmp", "Rect": "729,584,50,50", "Center": "25,28" },
	"character_modgen_amy_0x75":  { "File": "character_amy_modgen.bmp", "Rect": "793,584,50,50", "Center": "28,29" },
	"character_modgen_amy_0x76":  { "File": "character_amy_modgen.bmp", "Rect": "859,584,50,50", "Center": "28,27" },
	"character_modgen_amy_0x77":  { "File": "character_amy_modgen.bmp", "Rect": "923,584,50,50", "Center": "28,27" },
	"character_modgen_amy_0x78":  { "File": "character_amy_modgen.bmp", "Rect": "859,392,50,50", "Center": "28,29" },
	"character_modgen_amy_0x79":  { "File": "character_amy_modgen.bmp", "Rect": "923,392,50,50", "Center": "32,28" },
	"character_modgen_amy_0x7a":  { "File": "character_amy_modgen.bmp", "Rect": "989,392,50,50", "Center": "26,23" },
	"character_modgen_amy_0x7b":  { "File": "character_amy_modgen.bmp", "Rect": "1053,392,50,50", "Center": "29,19" },
	"character_modgen_amy_0x7c":  { "File": "character_amy_modgen.bmp", "Rect": "15,456,50,50", "Center": "23,24" },
	"character_modgen_amy_0x7d":  { "File": "character_amy_modgen.bmp", "Rect": "79,456,50,50", "Center": "21,21" },
	"character_modgen_amy_0x7e":  { "File": "character_amy_modgen.bmp", "Rect": "145,456,50,50", "Center": "25,27" },
	"character_modgen_amy_0x7f":  { "File": "character_amy_modgen.bmp", "Rect": "209,456,50,50", "Center": "21,29" },
	"character_modgen_amy_0x80":  { "File": "character_amy_modgen.bmp", "Rect": "597,456,50,50", "Center": "26,24" },
	"character_modgen_amy_0x81":  { "File": "character_amy_modgen.bmp", "Rect": "663,456,50,50", "Center": "30,24" },
	"character_modgen_amy_0x82":  { "File": "character_amy_modgen.bmp", "Rect": "729,456,50,50", "Center": "27,24" },
	"character_modgen_amy_0x83":  { "File": "character_amy_modgen.bmp", "Rect": "793,456,50,50", "Center": "25,24" },
	"character_modgen_amy_0x84":  { "File": "character_amy_modgen.bmp", "Rect": "859,456,50,50", "Center": "27,24" },
	"character_modgen_amy_0x85":  { "File": "character_amy_modgen.bmp", "Rect": "923,456,50,50", "Center": "27,24" },
	"character_modgen_amy_0x86":  { "File": "character_amy_modgen.bmp", "Rect": "729,136,50,50", "Center": "21,30" },
	"character_modgen_amy_0x87":  { "File": "character_amy_modgen.bmp", "Rect": "793,136,50,50", "Center": "20,30" },
	"character_modgen_amy_0x88":  { "File": "character_amy_modgen.bmp", "Rect": "859,136,50,50", "Center": "20,30" },
	"character_modgen_amy_0x89":  { "File": "character_amy_modgen.bmp", "Rect": "923,136,50,50", "Center": "20,30" },
	"character_modgen_amy_0x8a":  { "File": "character_amy_modgen.bmp", "Rect": "989,136,50,50", "Center": "20,30" },
	"character_modgen_amy_0x8b":  { "File": "character_amy_modgen.bmp", "Rect": "1053,136,50,50", "Center": "20,30" },
	"character_modgen_amy_0x8c":  { "File": "character_amy_modgen.bmp", "Rect": "337,904,50,50", "Center": "25,34" },
	"character_modgen_amy_0x8d":  { "File": "character_amy_modgen.bmp", "Rect": "403,904,50,50", "Center": "26,35" },
	"character_modgen_amy_0x8e":  { "File": "character_amy_modgen.bmp", "Rect": "1053,72,50,50", "Center": "28,26" },
	"character_modgen_amy_0x8f":  { "File": "character_amy_modgen.bmp", "Rect": "1053,776,50,50", "Center": "31,21" },
	"character_modgen_amy_0x90":  { "File": "character_amy_modgen.bmp", "Rect": "989,328,50,50", "Center": "26,27" },
	"character_modgen_amy_0x91":  { "File": "character_amy_modgen.bmp", "Rect": "1053,328,50,50", "Center": "27,27" },
	"character_modgen_amy_0x92":  { "File": "character_amy_modgen.bmp", "Rect": "15,392,50,50", "Center": "26,27" },
	"character_modgen_amy_0x93":  { "File": "character_amy_modgen.bmp", "Rect": "79,392,50,50", "Center": "26,27" },
	"character_modgen_amy_0x94":  { "File": "character_amy_modgen.bmp", "Rect": "989,456,50,50", "Center": "24,24" },
	"character_modgen_amy_0x95":  { "File": "character_amy_modgen.bmp", "Rect": "1053,456,50,50", "Center": "25,24" },
	"character_modgen_amy_0x96":  { "File": "character_amy_modgen.bmp", "Rect": "15,136,50,50", "Center": "25,35" },
	"character_modgen_amy_0x97":  { "File": "character_amy_modgen.bmp", "Rect": "79,136,50,50", "Center": "25,35" },
	"character_modgen_amy_0x98":  { "File": "character_amy_modgen.bmp", "Rect": "145,136,50,50", "Center": "25,35" },
	"character_modgen_amy_0x99":  { "File": "character_amy_modgen.bmp", "Rect": "209,136,50,50", "Center": "25,35" },
	"character_modgen_amy_0x9a":  { "File": "character_amy_modgen.bmp", "Rect": "273,136,50,50", "Center": "25,35" },
	"character_modgen_amy_0x9b":  { "File": "character_amy_modgen.bmp", "Rect": "599,136,50,50", "Center": "21,30" },
	"character_modgen_amy_0x9c":  { "File": "character_amy_modgen.bmp", "Rect": "663,136,50,50", "Center": "21,30" },
	"character_modgen_amy_0x9d":  { "File": "character_amy_modgen.bmp", "Rect": "15,840,50,50", "Center": "28,31" },
	"character_modgen_amy_0x9e":  { "File": "character_amy_modgen.bmp", "Rect": "79,840,50,50", "Center": "27,31" },
	"character_modgen_amy_0x9f":  { "File": "character_amy_modgen.bmp", "Rect": "145,840,50,50", "Center": "25,31" },
	"character_modgen_amy_0xa0":  { "File": "character_amy_modgen.bmp", "Rect": "209,840,50,50", "Center": "25,31" },
	"character_modgen_amy_0xa1":  { "File": "character_amy_modgen.bmp", "Rect": "273,840,50,50", "Center": "31,30" },
	"character_modgen_amy_0xa2":  { "File": "character_amy_modgen.bmp", "Rect": "337,840,50,50", "Center": "32,30" },
	"character_modgen_amy_0xa3":  { "File": "character_amy_modgen.bmp", "Rect": "403,840,50,50", "Center": "32,30" },
	"character_modgen_amy_0xa4":  { "File": "character_amy_modgen.bmp", "Rect": "467,840,50,50", "Center": "31,30" },
	"character_modgen_amy_0xa5":  { "File": "character_amy_modgen.bmp", "Rect": "531,840,50,50", "Center": "32,30" },
	"character_modgen_amy_0xa6":  { "File": "character_amy_modgen.bmp", "Rect": "597,840,50,50", "Center": "32,30" },
	"character_modgen_amy_0xa7":  { "File": "character_amy_modgen.bmp", "Rect": "15,8,50,50", "Center": "25,30" },
	"character_modgen_amy_0xa8":  { "File": "character_amy_modgen.bmp", "Rect": "145,8,50,50", "Center": "25,30" },
	"character_modgen_amy_0xa9":  { "File": "character_amy_modgen.bmp", "Rect": "79,8,50,50", "Center": "25,30" },
	"character_modgen_amy_0xaa":  { "File": "character_amy_modgen.bmp", "Rect": "339,456,60,50", "Center": "26,23" },
	"character_modgen_amy_0xab":  { "File": "character_amy_modgen.bmp", "Rect": "403,456,60,50", "Center": "26,22" },
	"character_modgen_amy_0xac":  { "File": "character_amy_modgen.bmp", "Rect": "1053,8,50,50", "Center": "26,31" },
	"character_modgen_amy_0xad":  { "File": "character_amy_modgen.bmp", "Rect": "793,72,50,50", "Center": "27,30" },
	"character_modgen_amy_0xae":  { "File": "character_amy_modgen.bmp", "Rect": "859,72,50,50", "Center": "27,30" },
	"character_modgen_amy_0xaf":  { "File": "character_amy_modgen.bmp", "Rect": "923,72,50,50", "Center": "27,30" },
	"character_modgen_amy_0xb0":  { "File": "character_amy_modgen.bmp", "Rect": "793,776,50,50", "Center": "27,30" },
	"character_modgen_amy_0xb1":  { "File": "character_amy_modgen.bmp", "Rect": "859,776,50,50", "Center": "28,30" },
	"character_modgen_amy_0xb2":  { "File": "character_amy_modgen.bmp", "Rect": "923,776,50,50", "Center": "28,30" },
	"character_modgen_amy_0xb3":  { "File": "character_amy_modgen.bmp", "Rect": "989,776,50,50", "Center": "28,30" },
	"character_modgen_amy_0xb4":  { "File": "character_amy_modgen.bmp", "Rect": "469,448,50,60", "Center": "26,26" },
	"character_modgen_amy_0xb5":  { "File": "character_amy_modgen.bmp", "Rect": "533,448,50,60", "Center": "25,26" },
	"character_modgen_amy_0xb6":  { "File": "character_amy_modgen.bmp", "Rect": "663,840,50,50", "Center": "35,30" },
	"character_modgen_amy_0xb7":  { "File": "character_amy_modgen.bmp", "Rect": "727,840,50,50", "Center": "35,30" },
	"character_modgen_amy_0xb8":  { "File": "character_amy_modgen.bmp", "Rect": "793,840,50,50", "Center": "35,30" },
	"character_modgen_amy_0xb9":  { "File": "character_amy_modgen.bmp", "Rect": "859,840,50,50", "Center": "35,30" },
	"character_modgen_amy_0xba":  { "File": "character_amy_modgen.bmp", "Rect": "15,72,50,50", "Center": "26,30" },
	"character_modgen_amy_0xbb":  { "File": "character_amy_modgen.bmp", "Rect": "79,72,50,50", "Center": "26,30" },
	"character_modgen_amy_0xbc":  { "File": "character_amy_modgen.bmp", "Rect": "145,72,50,50", "Center": "27,30" },
	"character_modgen_amy_0xbd":  { "File": "character_amy_modgen.bmp", "Rect": "209,72,50,50", "Center": "26,30" },
	"character_modgen_amy_0xbe":  { "File": "character_amy_modgen.bmp", "Rect": "273,72,50,50", "Center": "27,30" },
	"character_modgen_amy_0xbf":  { "File": "character_amy_modgen.bmp", "Rect": "339,72,50,50", "Center": "25,30" },
	"character_modgen_amy_0xc0":  { "File": "character_amy_modgen.bmp", "Rect": "403,72,50,50", "Center": "25,30" },
	"character_modgen_amy_0xc1":  { "File": "character_amy_modgen.bmp", "Rect": "469,72,50,50", "Center": "25,30" },
	"character_modgen_amy_0xc2":  { "File": "character_amy_modgen.bmp", "Rect": "533,72,50,50", "Center": "25,30" },
	"character_modgen_amy_0xc3":  { "File": "character_amy_modgen.bmp", "Rect": "469,136,50,50", "Center": "26,30" },
	"character_modgen_amy_0xc4":  { "File": "character_amy_modgen.bmp", "Rect": "533,136,50,50", "Center": "26,30" },
	"character_modgen_amy_0xc5":  { "File": "character_amy_modgen.bmp", "Rect": "599,72,50,50", "Center": "26,30" },
	"character_modgen_amy_0xc6":  { "File": "character_amy_modgen.bmp", "Rect": "663,72,50,50", "Center": "26,30" },
	"character_modgen_amy_0xc7":  { "File": "character_amy_modgen.bmp", "Rect": "729,72,50,50", "Center": "26,30" },
	"character_modgen_amy_0xc8":  { "File": "character_amy_modgen.bmp", "Rect": "923,840,50,50", "Center": "28,26" },
	"character_modgen_amy_0xc9":  { "File": "character_amy_modgen.bmp", "Rect": "989,840,50,50", "Center": "27,25" },
	"character_modgen_amy_0xca":  { "File": "character_amy_modgen.bmp", "Rect": "1053,840,50,50", "Center": "25,25" },
	"character_modgen_amy_0xcb":  { "File": "character_amy_modgen.bmp", "Rect": "15,904,50,50", "Center": "23,26" },
	"character_modgen_amy_0xcc":  { "File": "character_amy_modgen.bmp", "Rect": "79,904,50,50", "Center": "22,26" },
	"character_modgen_amy_0xcd":  { "File": "character_amy_modgen.bmp", "Rect": "145,904,50,50", "Center": "23,24" },
	"character_modgen_amy_0xce":  { "File": "character_amy_modgen.bmp", "Rect": "209,904,50,50", "Center": "25,24" },
	"character_modgen_amy_0xcf":  { "File": "character_amy_modgen.bmp", "Rect": "273,904,50,50", "Center": "27,25" },
	"character_modgen_amy_0xd0":  { "File": "character_amy_modgen.bmp", "Rect": "467,904,50,50", "Center": "25,25" },
	"character_modgen_amy_0xd1":  { "File": "character_amy_modgen.bmp", "Rect": "533,904,50,50", "Center": "27,25" },
	"character_modgen_amy_0xd2":  { "File": "character_amy_modgen.bmp", "Rect": "793,520,50,50", "Center": "25,28" },
	"character_modgen_amy_0xd3":  { "File": "character_amy_modgen.bmp", "Rect": "859,520,50,50", "Center": "26,28" },
	"character_modgen_amy_0xd4":  { "File": "character_amy_modgen.bmp", "Rect": "923,520,50,50", "Center": "27,25" },
	"character_modgen_amy_0xd5":  { "File": "character_amy_modgen.bmp", "Rect": "989,520,50,50", "Center": "27,25" },
	"character_modgen_amy_0xd6":  { "File": "character_amy_modgen.bmp", "Rect": "1053,520,50,50", "Center": "27,25" },
	"character_modgen_amy_0xd7":  { "File": "character_amy_modgen.bmp", "Rect": "467,904,50,50", "Center": "28,30" },
	"character_modgen_amy_0xd8":  { "File": "character_amy_modgen.bmp", "Rect": "533,904,50,50", "Center": "30,29" },
	"character_modgen_amy_0xd9":  { "File": "character_amy_modgen.bmp", "Rect": "989,72,50,50", "Center": "27,30" },
	"character_modgen_amy_0xda":  { "File": "character_amy_modgen.bmp", "Rect": "15,200,50,50", "Center": "26,30" },
	"character_modgen_amy_0xdb":  { "File": "character_amy_modgen.bmp", "Rect": "15,200,50,50", "Center": "26,30" },
	"character_modgen_amy_0xdc":  { "File": "character_amy_modgen.bmp", "Rect": "15,200,50,50", "Center": "26,30" },
	"character_modgen_amy_0xdd":  { "File": "character_amy_modgen.bmp", "Rect": "15,200,50,50", "Center": "26,30" },
	"character_modgen_amy_0xde":  { "File": "character_amy_modgen.bmp", "Rect": "15,200,50,50", "Center": "26,30" },
	"character_modgen_amy_0xdf":  { "File": "character_amy_modgen.bmp", "Rect": "79,200,50,50", "Center": "26,30" },
	"character_modgen_amy_0xe0":  { "File": "character_amy_modgen.bmp", "Rect": "145,200,50,50", "Center": "24,34" },
	"character_modgen_amy_0xe1":  { "File": "character_amy_modgen.bmp", "Rect": "209,200,50,50", "Center": "24,30" },
	"character_modgen_amy_0xe2":  { "File": "character_amy_modgen.bmp", "Rect": "273,200,50,50", "Center": "25,31" },
	"character_modgen_amy_0xe3":  { "File": "character_amy_modgen.bmp", "Rect": "339,200,50,50", "Center": "29,32" },
	"character_modgen_amy_0xe4":  { "File": "character_amy_modgen.bmp", "Rect": "145,392,50,50", "Center": "27,24" },
	"character_modgen_amy_0xe5":  { "File": "character_amy_modgen.bmp", "Rect": "209,392,50,50", "Center": "27,24" },
	"character_modgen_amy_0xe6":  { "File": "character_amy_modgen.bmp", "Rect": "273,392,50,50", "Center": "26,24" },
	"character_modgen_amy_0xe7":  { "File": "character_amy_modgen.bmp", "Rect": "339,392,50,50", "Center": "25,23" },
	"character_modgen_amy_0xe8":  { "File": "character_amy_modgen.bmp", "Rect": "403,392,50,50", "Center": "24,24" },
	"character_modgen_amy_0xe9":  { "File": "character_amy_modgen.bmp", "Rect": "469,392,50,50", "Center": "24,24" },
	"character_modgen_amy_0xea":  { "File": "character_amy_modgen.bmp", "Rect": "533,392,50,50", "Center": "25,23" },
	"character_modgen_amy_0xeb":  { "File": "character_amy_modgen.bmp", "Rect": "597,392,50,50", "Center": "30,24" },
	"character_modgen_amy_0xec":  { "File": "character_amy_modgen.bmp", "Rect": "663,392,50,50", "Center": "23,21" },
	"character_modgen_amy_0xed":  { "File": "character_amy_modgen.bmp", "Rect": "729,392,50,50", "Center": "26,26" },
	"character_modgen_amy_0xee":  { "File": "character_amy_modgen.bmp", "Rect": "793,392,50,50", "Center": "27,27" },
	"character_modgen_amy_0xef":  { "File": "character_amy_modgen.bmp", "Rect": "15,520,50,50", "Center": "26,33" },
	"character_modgen_amy_0xf0":  { "File": "character_amy_modgen.bmp", "Rect": "79,520,50,50", "Center": "27,33" },
	"character_modgen_amy_0xf1":  { "File": "character_amy_modgen.bmp", "Rect": "145,520,50,50", "Center": "26,33" },
	"character_modgen_amy_0xf2":  { "File": "character_amy_modgen.bmp", "Rect": "209,520,50,50", "Center": "25,33" },
	"character_modgen_amy_0xf3":  { "File": "character_amy_modgen.bmp", "Rect": "273,520,50,50", "Center": "25,33" },
	"character_modgen_amy_0xf4":  { "File": "character_amy_modgen.bmp", "Rect": "339,520,50,50", "Center": "25,33" },
	"character_modgen_amy_0xf5":  { "File": "character_amy_modgen.bmp", "Rect": "403,520,50,50", "Center": "26,33" },
	"character_modgen_amy_0xf6":  { "File": "character_amy_modgen.bmp", "Rect": "469,520,50,50", "Center": "26,33" },
	"character_modgen_amy_0xf7":  { "File": "character_amy_modgen.bmp", "Rect": "533,520,50,50", "Center": "25,33" },
	"character_modgen_amy_0xf8":  { "File": "character_amy_modgen.bmp", "Rect": "597,520,50,50", "Center": "24,33" },
	"character_modgen_amy_0xf9":  { "File": "character_amy_modgen.bmp", "Rect": "663,520,50,50", "Center": "25,33" },
	"character_modgen_amy_0xfa":  { "File": "character_amy_modgen.bmp", "Rect": "729,520,50,50", "Center": "24,33" },
	"character_modgen_amy_snowboarding_0x01":  { "File": "character_amy_modgen.bmp", "Rect": "145,968,60,70", "Center": "29,47" },
	"character_modgen_amy_snowboarding_0x02":  { "File": "character_amy_modgen.bmp", "Rect": "209,968,60,70", "Center": "30,32" },
	"character_modgen_amy_snowboarding_0x03":  { "File": "character_amy_modgen.bmp", "Rect": "273,968,60,70", "Center": "31,39" },
	"character_modgen_amy_snowboarding_0x04":  { "File": "character_amy_modgen.bmp", "Rect": "337,968,60,70", "Center": "25,36" },
	"character_modgen_amy_snowboarding_0x05":  { "File": "character_amy_modgen.bmp", "Rect": "403,968,60,70", "Center": "30,36" },
	"character_modgen_amy_snowboarding_0x06":  { "File": "character_amy_modgen.bmp", "Rect": "467,968,60,60", "Center": "31,37" },
	"character_modgen_amy_snowboarding_0x07":  { "File": "character_amy_modgen.bmp", "Rect": "533,968,60,60", "Center": "30,37" },
	"character_modgen_amy_snowboarding_0x08":  { "File": "character_amy_modgen.bmp", "Rect": "597,968,60,60", "Center": "30,37" },
	"character_modgen_amy_snowboarding_0x09":  { "File": "character_amy_modgen.bmp", "Rect": "663,968,60,60", "Center": "34,22" },
	"character_modgen_amy_snowboarding_0x0a":  { "File": "character_amy_modgen.bmp", "Rect": "727,968,60,60", "Center": "36,23" },
	"character_modgen_amy_snowboarding_0x0b":  { "File": "character_amy_modgen.bmp", "Rect": "793,968,60,60", "Center": "32,28" },
	"character_modgen_amy_snowboarding_0x0c":  { "File": "character_amy_modgen.bmp", "Rect": "859,968,60,60", "Center": "31,24" },
	"character_modgen_amy_doorboarding_0x01":  { "File": "character_amy_modgen.bmp", "Rect": "145,1181,60,70", "Center": "29,47" },
	"character_modgen_amy_doorboarding_0x02":  { "File": "character_amy_modgen.bmp", "Rect": "209,1181,60,70", "Center": "30,32" },
	"character_modgen_amy_doorboarding_0x03":  { "File": "character_amy_modgen.bmp", "Rect": "273,1181,60,70", "Center": "31,39" },
	"character_modgen_amy_doorboarding_0x04":  { "File": "character_amy_modgen.bmp", "Rect": "337,1181,60,70", "Center": "25,36" },
	"character_modgen_amy_doorboarding_0x05":  { "File": "character_amy_modgen.bmp", "Rect": "403,1181,60,70", "Center": "30,36" },
	"character_modgen_amy_doorboarding_0x06":  { "File": "character_amy_modgen.bmp", "Rect": "467,1181,60,60", "Center": "31,37" },
	"character_modgen_amy_doorboarding_0x07":  { "File": "character_amy_modgen.bmp", "Rect": "533,1181,60,60", "Center": "30,37" },
	"character_modgen_amy_doorboarding_0x08":  { "File": "character_amy_modgen.bmp", "Rect": "597,1181,60,60", "Center": "30,37" },
	"character_modgen_amy_doorboarding_0x09":  { "File": "character_amy_modgen.bmp", "Rect": "663,1181,60,60", "Center": "34,22" },
	"character_modgen_amy_doorboarding_0x0a":  { "File": "character_amy_modgen.bmp", "Rect": "727,1181,60,60", "Center": "36,23" },
	"character_modgen_amy_doorboarding_0x0b":  { "File": "character_amy_modgen.bmp", "Rect": "793,1181,60,60", "Center": "32,28" },
	"character_modgen_amy_doorboarding_0x0c":  { "File": "character_amy_modgen.bmp", "Rect": "859,1181,60,60", "Center": "31,24" },
	"character_modgen_amy_dropdash_0":  { "File": "character_amy_modgen.bmp", "Rect": "339,136,50,50", "Center": "25,35" },
	"character_modgen_amy_dropdash_1":  { "File": "character_amy_modgen.bmp", "Rect": "403,136,50,50", "Center": "25,35" },
	"character_modgen_amy_continue_0x00":  { "File": "character_amy_modgen.bmp", "Rect": "859,904,50,50", "Center": "26,30" },
	"character_modgen_amy_continue_0x01":  { "File": "character_amy_modgen.bmp", "Rect": "923,904,50,50", "Center": "26,30" },
	"character_modgen_amy_peelout_0":  { "File": "character_amy_modgen.bmp", "Rect": "597,904,50,50", "Center": "25,30" },
	"character_modgen_amy_peelout_1":  { "File": "character_amy_modgen.bmp", "Rect": "663,904,50,50", "Center": "24,30" },
	"character_modgen_amy_peelout_2":  { "File": "character_amy_modgen.bmp", "Rect": "727,904,50,50", "Center": "25,30" },
	"character_modgen_amy_peelout_3":  { "File": "character_amy_modgen.bmp", "Rect": "793,904,50,50", "Center": "24,30" },
	"character_modgen_amy_ending_0x00":  { "File": "character_amy_modgen.bmp", "Rect": "989,904,50,50", "Center": "19,30" },
	"character_modgen_amy_ending_0x01":  { "File": "character_amy_modgen.bmp", "Rect": "1053,904,50,50", "Center": "19,30" },
	"character_modgen_amy_ending_0x02":  { "File": "character_amy_modgen.bmp", "Rect": "15,968,50,50", "Center": "21,30" },
	"character_modgen_amy_ending_0x03":  { "File": "character_amy_modgen.bmp", "Rect": "79,968,50,50", "Center": "26,30" },
	"modgen_amy_tarotcards_flight_0":  { "File": "character_amy_modgen.bmp", "Rect": "16,1024,25,36", "Center": "12,18" },
	"modgen_amy_tarotcards_flight_1":  { "File": "character_amy_modgen.bmp", "Rect": "44,1024,25,35", "Center": "12,18" },
	"modgen_amy_tarotcards_flight_2":  { "File": "character_amy_modgen.bmp", "Rect": "73,1024,25,36", "Center": "12,18" },
	"modgen_amy_tarotcards_flight_3":  { "File": "character_amy_modgen.bmp", "Rect": "101,1024,25,35", "Center": "12,18" },
	"modgen_amy_falling_0":  { "File": "character_amy_modgen.bmp", "Rect": "119,1039,29,39", "Center": "13,21" },
	"modgen_amy_falling_1":  { "File": "character_amy_modgen.bmp", "Rect": "150,1040,32,38", "Center": "17,20" },
	"modgen_amy_falling_2":  { "File": "character_amy_modgen.bmp", "Rect": "923,956,29,39", "Center": "15,19" },
	"amy_stomp_modgen_0":  { "File": "character_amy_modgen.bmp", "Rect": "370,1064,43,39", "Center": "22,16" },
	"amy_stomp_modgen_1":  { "File": "character_amy_modgen.bmp", "Rect": "322,1056,46,48", "Center": "23,25" },
	"amy_stomp_modgen_2":  { "File": "character_amy_modgen.bmp", "Rect": "283,1048,38,56", "Center": "19,33" },
	"amy_stomp_modgen_3":  { "File": "character_amy_modgen.bmp", "Rect": "234,1040,48,64", "Center": "24,41" },
	"Amy_hammer_glide_modgen_0":  { "File": "character_amy_modgen.bmp", "Rect": "1,1019,40,37", "Center": "12,20" },
	"Amy_hammer_glide_modgen_1":  { "File": "character_amy_modgen.bmp", "Rect": "42,1019,33,36", "Center": "12,20" },
	"Amy_hammer_glide_modgen_2":  { "File": "character_amy_modgen.bmp", "Rect": "76,1019,40,37", "Center": "28,20" },
	"Amy_hammer_glide_modgen_3":  { "File": "character_amy_modgen.bmp", "Rect": "1,1057,41,36", "Center": "29,20" },
	"Amy_hammer_glide_modgen_4":  { "File": "character_amy_modgen.bmp", "Rect": "43,1057,33,35", "Center": "22,20" },
	"Amy_hammer_glide_modgen_5":  { "File": "character_amy_modgen.bmp", "Rect": "77,1057,41,36", "Center": "12,20" },
	"amy_tarot_spin_modgen_0":  { "File": "character_amy_modgen.bmp", "Rect": "421,1039,39,42", "Center": "21,21" },
	"amy_tarot_spin_modgen_1":  { "File": "character_amy_modgen.bmp", "Rect": "461,1039,35,41", "Center": "17,21" },
	"amy_tarot_spin_modgen_2":  { "File": "character_amy_modgen.bmp", "Rect": "497,1039,39,42", "Center": "18,21" },
	"amy_tarot_spin_modgen_3":  { "File": "character_amy_modgen.bmp", "Rect": "537,1039,37,44", "Center": "17,21" },
	"amy_tarot_spin_modgen_4":  { "File": "character_amy_modgen.bmp", "Rect": "575,1039,34,41", "Center": "18,20" },
	"amy_tarot_spin_modgen_5":  { "File": "character_amy_modgen.bmp", "Rect": "610,1039,37,44", "Center": "20,21" },
	"modgenslot14_springtwirl_0":  { "File": "character_amy_modgen.bmp", "Rect": "954,956,21,43", "Center": "10,21" },
	"modgenslot14_springtwirl_1":  { "File": "character_amy_modgen.bmp", "Rect": "976,956,21,44", "Center": "10,21" },
	"modgenslot14_springtwirl_2":  { "File": "character_amy_modgen.bmp", "Rect": "998,956,21,44", "Center": "10,21" },
	"modgenslot14_springtwirl_3":  { "File": "character_amy_modgen.bmp", "Rect": "1020,956,21,43", "Center": "10,21" },
	"modgenslot14_springtwirl_4":  { "File": "character_amy_modgen.bmp", "Rect": "1042,956,23,42", "Center": "11,21" },
	"amy_tarotcards_flight_modgen_0":  { "File": "character_amy_modgen.bmp", "Rect": "648,1029,31,38", "Center": "15,19" },
	"amy_tarotcards_flight_modgen_1":  { "File": "character_amy_modgen.bmp", "Rect": "648,1029,31,38", "Center": "15,19" },
	"amy_tarotcards_flight_modgen_2":  { "File": "character_amy_modgen.bmp", "Rect": "680,1029,33,38", "Center": "15,19" },
	"amy_tarotcards_flight_modgen_3":  { "File": "character_amy_modgen.bmp", "Rect": "680,1029,33,38", "Center": "15,19" },
	"amy_tarotcards_flight_modgen_4":  { "File": "character_amy_modgen.bmp", "Rect": "714,1029,33,38", "Center": "15,19" },
	"amy_tarotcards_flight_modgen_5":  { "File": "character_amy_modgen.bmp", "Rect": "714,1029,33,38", "Center": "15,19" },
	"amy_tarotcards_flight_modgen_6":  { "File": "character_amy_modgen.bmp", "Rect": "748,1029,32,38", "Center": "15,19" },
	"amy_tarotcards_flight_modgen_7":  { "File": "character_amy_modgen.bmp", "Rect": "748,1029,32,38", "Center": "15,19" },
	"amy_tarotcards_flight_modgen_8":  { "File": "character_amy_modgen.bmp", "Rect": "781,1029,31,38", "Center": "15,19" },
	"amy_tarotcards_flight_modgen_9":  { "File": "character_amy_modgen.bmp", "Rect": "781,1029,31,38", "Center": "15,19" },
	"amy_tarotcards_flight_modgen_10":  { "File": "character_amy_modgen.bmp", "Rect": "813,1029,31,38", "Center": "15,19" },
	"amy_tarotcards_flight_modgen_11":  { "File": "character_amy_modgen.bmp", "Rect": "813,1029,31,38", "Center": "15,19" },
	"amy_tarotcards_flight_modgen_12":  { "File": "character_amy_modgen.bmp", "Rect": "845,1029,31,38", "Center": "15,19" },
	"amy_tarotcards_flight_modgen_13":  { "File": "character_amy_modgen.bmp", "Rect": "845,1029,31,38", "Center": "15,19" },
	"amy_boost_modgen_0":  { "File": "character_amy_modgen.bmp", "Rect": "877,1031,42,43", "Center": "18,23" },
	"amy_boost_modgen_1":  { "File": "character_amy_modgen.bmp", "Rect": "934,1030,48,46", "Center": "24,24" },
	"amy_boost_modgen_2":  { "File": "character_amy_modgen.bmp", "Rect": "993,1034,56,39", "Center": "32,20" },
	"amy_boost_modgen_3":  { "File": "character_amy_modgen.bmp", "Rect": "1051,1029,63,48", "Center": "39,25" },
	"amy_highjump_modgen_0":  { "File": "character_amy_modgen.bmp", "Rect": "1,1094,45,37", "Center": "15,18" },
	"amy_highjump_modgen_1":  { "File": "character_amy_modgen.bmp", "Rect": "48,1094,30,41", "Center": "10,21" },
	"amy_highjump_modgen_2":  { "File": "character_amy_modgen.bmp", "Rect": "80,1094,35,33", "Center": "16,18" },
	"amy_highjump_modgen_3":  { "File": "character_amy_modgen.bmp", "Rect": "117,1094,40,24", "Center": "19,13" },
	"amy_highjump_modgen_4":  { "File": "character_amy_modgen.bmp", "Rect": "159,1095,33,36", "Center": "16,16" },
	"amy_highjump_modgen_5":  { "File": "character_amy_modgen.bmp", "Rect": "1,1137,21,43", "Center": "9,20" },
	"amy_highjump_modgen_6":  { "File": "character_amy_modgen.bmp", "Rect": "24,1137,35,34", "Center": "18,15" },
	"amy_highjump_modgen_7":  { "File": "character_amy_modgen.bmp", "Rect": "61,1137,40,24", "Center": "18,13" },
	"amy_highjump_modgen_8":  { "File": "character_amy_modgen.bmp", "Rect": "103,1137,29,35", "Center": "13,17" },
	"amy_highjump_modgen_9":  { "File": "character_amy_modgen.bmp", "Rect": "134,1137,24,43", "Center": "10,22" },
	"amy_air_hammer_attack_modgen_0":  { "File": "character_amy_modgen.bmp", "Rect": "421,1086,27,43", "Center": "14,19" },
	"amy_air_hammer_attack_modgen_1":  { "File": "character_amy_modgen.bmp", "Rect": "449,1086,30,43", "Center": "22,20" },
	"amy_air_hammer_attack_modgen_2":  { "File": "character_amy_modgen.bmp", "Rect": "481,1086,34,43", "Center": "22,19" },
	"amy_air_hammer_attack_modgen_3":  { "File": "character_amy_modgen.bmp", "Rect": "516,1086,45,43", "Center": "13,19" },
	"amy_air_hammer_attack_modgen_4":  { "File": "character_amy_modgen.bmp", "Rect": "562,1084,38,45", "Center": "15,14" },
	"amy_air_hammer_attack_modgen_5":  { "File": "character_amy_modgen.bmp", "Rect": "603,1099,36,30", "Center": "18,15" },
	"amy_air_hammer_attack_modgen_6":  { "File": "character_amy_modgen.bmp", "Rect": "641,1090,30,39", "Center": "16,19" },
	"amy_air_hammer_attack_modgen_7":  { "File": "character_amy_modgen.bmp", "Rect": "673,1093,30,40", "Center": "15,18" },
	"amy_air_hammer_attack_modgen_8":  { "File": "character_amy_modgen.bmp", "Rect": "705,1099,39,30", "Center": "22,15" },
	"amy_air_hammer_attack_modgen_9":  { "File": "character_amy_modgen.bmp", "Rect": "746,1099,33,30", "Center": "17,16" },
	"amy_air_hammer_attack_modgen_10":  { "File": "character_amy_modgen.bmp", "Rect": "781,1090,30,42", "Center": "14,21" },
	"amy_ground_hammer_attack_modgen_0":  { "File": "character_amy_modgen.bmp", "Rect": "159,1136,30,42", "Center": "11,22" },
	"amy_ground_hammer_attack_modgen_1":  { "File": "character_amy_modgen.bmp", "Rect": "190,1135,31,43", "Center": "22,23" },
	"amy_ground_hammer_attack_modgen_2":  { "File": "character_amy_modgen.bmp", "Rect": "222,1139,40,39", "Center": "32,19" },
	"amy_ground_hammer_attack_modgen_3":  { "File": "character_amy_modgen.bmp", "Rect": "264,1139,42,39", "Center": "34,19" },
	"amy_ground_hammer_attack_modgen_4":  { "File": "character_amy_modgen.bmp", "Rect": "307,1138,43,39", "Center": "35,19" },
	"amy_ground_hammer_attack_modgen_5":  { "File": "character_amy_modgen.bmp", "Rect": "352,1134,35,43", "Center": "26,23" },
	"amy_ground_hammer_attack_modgen_6":  { "File": "character_amy_modgen.bmp", "Rect": "389,1131,25,46", "Center": "13,26" },
	"amy_ground_hammer_attack_modgen_7":  { "File": "character_amy_modgen.bmp", "Rect": "416,1132,47,45", "Center": "13,25" },
	"amy_ground_hammer_attack_modgen_8":  { "File": "character_amy_modgen.bmp", "Rect": "465,1139,47,38", "Center": "13,18" },
	"amy_ground_hammer_attack_modgen_9":  { "File": "character_amy_modgen.bmp", "Rect": "514,1140,45,37", "Center": "12,17" },
	"amy_ground_hammer_attack_modgen_10":  { "File": "character_amy_modgen.bmp", "Rect": "561,1139,35,38", "Center": "10,18" }
}