{
	"AltMenu_AmyTT16_0x00":  { "File": "amytt16menu.png", "Rect": "0,0,43,45", "Center": "11,43" },
	"AltMenu_AmyTT16_0x01":  { "File": "amytt16menu.png", "Rect": "43,0,45,45", "Center": "12,43" },
	"AltMenu_AmyTT16_0x02":  { "File": "amytt16menu.png", "Rect": "88,0,45,45", "Center": "12,43" },
	"AltMenu_AmyTT16_0x03":  { "File": "amytt16menu.png", "Rect": "133,0,45,45", "Center": "12,43" },
	"AltMenu_AmyTT16_0x04":  { "File": "amytt16menu.png", "Rect": "178,0,45,45", "Center": "12,43" },
	"AltMenu_AmyTT16_0x05":  { "File": "amytt16menu.png", "Rect": "223,0,45,45", "Center": "12,43" },
}