{
	"hud_lives_icon_TT16":  { "File": "life_icon_tt16.bmp" },
	"super_hud_lives_icon_TT16":  { "File": "life_icon_tt16.bmp" },
	"hyper_hud_lives_icon_TT16":  { "File": "life_icon_tt16.bmp" },
	
	"hud_bonus_icon_char4TT16":  { "File": "results_icons_tt16.png", "Rect": "0,61,16,19", "Center": "0,0" },
	"continue_icon_char4TT16":  { "File": "results_icons_tt16.png", "Rect": "0,80,20,27", "Center": "12,26" },
	"continue_icon_char4TT16_0":  { "File": "results_icons_tt16.png", "Rect": "0,80,20,27", "Center": "12,14" },
	"continue_icon_char4TT16_1":  { "File": "results_icons_tt16.png", "Rect": "80,80,20,27", "Center": "12,14" },
}