{
	"sonic_blast_0x00":  { "File": "SonicHandOut.bmp", "Rect": "0,0,35,44", "Center": "16,24" },
	"sonic_blast_0x01":  { "File": "SonicHandOut.bmp", "Rect": "37,0,35,44", "Center": "16,24" },
	"supersonic_blast_0x00":  { "File": "SuperSonicHandOut.bmp", "Rect": "0,0,36,45", "Center": "17,25" },
	"supersonic_blast_0x01":  { "File": "SuperSonicHandOut.bmp", "Rect": "38,0,38,45", "Center": "19,25" },
	"supersonic3_blast_0x00":  { "File": "SuperSonic3HandOut.bmp", "Rect": "0,0,36,45", "Center": "17,25" },
	"supersonic3_blast_0x01":  { "File": "SuperSonic3HandOut.bmp", "Rect": "38,7,38,53", "Center": "19,33" },
	"supersonicGod_blast_0x00":  { "File": "GodSonicHandOut.bmp", "Rect": "0,0,36,45", "Center": "17,25" },
	"supersonicGod_blast_0x01":  { "File": "GodSonicHandOut.bmp", "Rect": "38,0,38,45", "Center": "19,25" }
}