{
	"bluesphere_slot14_0x01":  { "File": "bluespheres_amy.png", "Rect": "2,2,70,70", "Center": "36,58" },
	"bluesphere_slot14_0x02":  { "File": "bluespheres_amy.png", "Rect": "74,2,70,70", "Center": "36,58" },
	"bluesphere_slot14_0x03":  { "File": "bluespheres_amy.png", "Rect": "366,2,70,70", "Center": "36,55" },
	"bluesphere_slot14_0x04":  { "File": "bluespheres_amy.png", "Rect": "2,74,70,70", "Center": "38,54" },
	"bluesphere_slot14_0x05":  { "File": "bluespheres_amy.png", "Rect": "74,74,70,70", "Center": "41,53" },
	"bluesphere_slot14_0x06":  { "File": "bluespheres_amy.png", "Rect": "147,2,70,70", "Center": "36,55" },
	"bluesphere_slot14_0x07":  { "File": "bluespheres_amy.png", "Rect": "220,2,70,70", "Center": "36,54" },
	"bluesphere_slot14_0x08":  { "File": "bluespheres_amy.png", "Rect": "293,2,70,70", "Center": "36,53" },
	"bluesphere_slot14_0x09":  { "File": "bluespheres_amy.png", "Rect": "147,74,70,70", "Center": "35,57" },
	"bluesphere_slot14_0x0a":  { "File": "bluespheres_amy.png", "Rect": "220,74,70,70", "Center": "35,57" },
	"bluesphere_slot14_0x0b":  { "File": "bluespheres_amy.png", "Rect": "293,74,70,70", "Center": "35,58" }
}