{
	"character_hyperslot14_0x01":  { "File": "character_super_amy.bmp", "Rect": "989,584,50,50", "Center": "26,30" },
	"character_hyperslot14_0x02":  { "File": "character_super_amy.bmp", "Rect": "1053,584,50,50", "Center": "26,31" },
	"character_hyperslot14_0x03":  { "File": "character_super_amy.bmp", "Rect": "15,648,50,50", "Center": "26,30" },
	"character_hyperslot14_0x04":  { "File": "character_super_amy.bmp", "Rect": "79,648,50,50", "Center": "25,30" },
	"character_hyperslot14_0x05":  { "File": "character_super_amy.bmp", "Rect": "145,648,50,50", "Center": "25,30" },
	"character_hyperslot14_0x06":  { "File": "character_super_amy.bmp", "Rect": "209,648,50,50", "Center": "26,31" },
	"character_hyperslot14_0x07":  { "File": "character_super_amy.bmp", "Rect": "273,648,50,50", "Center": "25,30" },
	"character_hyperslot14_0x08":  { "File": "character_super_amy.bmp", "Rect": "339,648,50,50", "Center": "26,30" },
	"character_hyperslot14_0x09":  { "File": "character_super_amy.bmp", "Rect": "403,648,50,50", "Center": "28,22" },
	"character_hyperslot14_0x0a":  { "File": "character_super_amy.bmp", "Rect": "469,648,50,50", "Center": "22,23" },
	"character_hyperslot14_0x0b":  { "File": "character_super_amy.bmp", "Rect": "533,648,50,50", "Center": "25,26" },
	"character_hyperslot14_0x0c":  { "File": "character_super_amy.bmp", "Rect": "597,648,50,50", "Center": "25,24" },
	"character_hyperslot14_0x0d":  { "File": "character_super_amy.bmp", "Rect": "663,648,50,50", "Center": "26,21" },
	"character_hyperslot14_0x0e":  { "File": "character_super_amy.bmp", "Rect": "729,648,50,50", "Center": "25,24" },
	"character_hyperslot14_0x0f":  { "File": "character_super_amy.bmp", "Rect": "793,648,50,50", "Center": "29,22" },
	"character_hyperslot14_0x10":  { "File": "character_super_amy.bmp", "Rect": "859,648,50,50", "Center": "27,25" },
	"character_hyperslot14_0x11":  { "File": "character_super_amy.bmp", "Rect": "923,648,50,50", "Center": "30,23" },
	"character_hyperslot14_0x12":  { "File": "character_super_amy.bmp", "Rect": "989,648,50,50", "Center": "31,23" },
	"character_hyperslot14_0x13":  { "File": "character_super_amy.bmp", "Rect": "1053,648,50,50", "Center": "30,23" },
	"character_hyperslot14_0x14":  { "File": "character_super_amy.bmp", "Rect": "15,712,50,50", "Center": "30,24" },
	"character_hyperslot14_0x15":  { "File": "character_super_amy.bmp", "Rect": "79,712,50,50", "Center": "30,24" },
	"character_hyperslot14_0x16":  { "File": "character_super_amy.bmp", "Rect": "145,712,50,50", "Center": "31,24" },
	"character_hyperslot14_0x17":  { "File": "character_super_amy.bmp", "Rect": "209,712,50,50", "Center": "30,23" },
	"character_hyperslot14_0x18":  { "File": "character_super_amy.bmp", "Rect": "273,712,50,50", "Center": "30,23" },
	"character_hyperslot14_0x19":  { "File": "character_super_amy.bmp", "Rect": "339,712,50,50", "Center": "21,20" },
	"character_hyperslot14_0x1a":  { "File": "character_super_amy.bmp", "Rect": "403,712,50,50", "Center": "25,25" },
	"character_hyperslot14_0x1b":  { "File": "character_super_amy.bmp", "Rect": "469,712,50,50", "Center": "24,21" },
	"character_hyperslot14_0x1c":  { "File": "character_super_amy.bmp", "Rect": "533,712,50,50", "Center": "21,22" },
	"character_hyperslot14_0x1d":  { "File": "character_super_amy.bmp", "Rect": "597,712,50,50", "Center": "20,22" },
	"character_hyperslot14_0x1e":  { "File": "character_super_amy.bmp", "Rect": "663,712,50,50", "Center": "21,22" },
	"character_hyperslot14_0x1f":  { "File": "character_super_amy.bmp", "Rect": "729,712,50,50", "Center": "23,21" },
	"character_hyperslot14_0x20":  { "File": "character_super_amy.bmp", "Rect": "793,712,50,50", "Center": "25,21" },
	"character_hyperslot14_0x21":  { "File": "character_super_amy.bmp", "Rect": "859,712,50,50", "Center": "25,30" },
	"character_hyperslot14_0x22":  { "File": "character_super_amy.bmp", "Rect": "923,712,50,50", "Center": "25,29" },
	"character_hyperslot14_0x23":  { "File": "character_super_amy.bmp", "Rect": "989,712,50,50", "Center": "25,30" },
	"character_hyperslot14_0x24":  { "File": "character_super_amy.bmp", "Rect": "1053,712,50,50", "Center": "24,30" },
	"character_hyperslot14_0x25":  { "File": "character_super_amy.bmp", "Rect": "15,776,50,50", "Center": "29,23" },
	"character_hyperslot14_0x26":  { "File": "character_super_amy.bmp", "Rect": "79,776,50,50", "Center": "29,23" },
	"character_hyperslot14_0x27":  { "File": "character_super_amy.bmp", "Rect": "145,776,50,50", "Center": "29,23" },
	"character_hyperslot14_0x28":  { "File": "character_super_amy.bmp", "Rect": "209,776,50,50", "Center": "29,23" },
	"character_hyperslot14_0x29":  { "File": "character_super_amy.bmp", "Rect": "273,776,50,50", "Center": "30,25" },
	"character_hyperslot14_0x2a":  { "File": "character_super_amy.bmp", "Rect": "337,776,50,50", "Center": "30,25" },
	"character_hyperslot14_0x2b":  { "File": "character_super_amy.bmp", "Rect": "403,776,50,50", "Center": "30,25" },
	"character_hyperslot14_0x2c":  { "File": "character_super_amy.bmp", "Rect": "467,776,50,50", "Center": "30,25" },
	"character_hyperslot14_0x2d":  { "File": "character_super_amy.bmp", "Rect": "533,776,50,50", "Center": "24,22" },
	"character_hyperslot14_0x2e":  { "File": "character_super_amy.bmp", "Rect": "597,776,50,50", "Center": "24,22" },
	"character_hyperslot14_0x2f":  { "File": "character_super_amy.bmp", "Rect": "663,776,50,50", "Center": "24,22" },
	"character_hyperslot14_0x30":  { "File": "character_super_amy.bmp", "Rect": "727,776,50,50", "Center": "24,22" },
	"character_hyperslot14_0x31":  { "File": "character_super_amy.bmp", "Rect": "403,200,50,50", "Center": "25,30" },
	"character_hyperslot14_0x32":  { "File": "character_super_amy.bmp", "Rect": "469,200,50,50", "Center": "24,32" },
	"character_hyperslot14_0x33":  { "File": "character_super_amy.bmp", "Rect": "533,200,50,50", "Center": "25,31" },
	"character_hyperslot14_0x34":  { "File": "character_super_amy.bmp", "Rect": "597,200,50,50", "Center": "25,29" },
	"character_hyperslot14_0x35":  { "File": "character_super_amy.bmp", "Rect": "663,200,50,50", "Center": "25,29" },
	"character_hyperslot14_0x36":  { "File": "character_super_amy.bmp", "Rect": "729,200,50,50", "Center": "27,26" },
	"character_hyperslot14_0x37":  { "File": "character_super_amy.bmp", "Rect": "793,200,50,50", "Center": "26,23" },
	"character_hyperslot14_0x38":  { "File": "character_super_amy.bmp", "Rect": "859,200,50,50", "Center": "26,24" },
	"character_hyperslot14_0x39":  { "File": "character_super_amy.bmp", "Rect": "923,200,50,50", "Center": "27,26" },
	"character_hyperslot14_0x3a":  { "File": "character_super_amy.bmp", "Rect": "989,200,50,50", "Center": "27,29" },
	"character_hyperslot14_0x3b":  { "File": "character_super_amy.bmp", "Rect": "1053,200,50,50", "Center": "26,29" },
	"character_hyperslot14_0x3c":  { "File": "character_super_amy.bmp", "Rect": "15,264,50,50", "Center": "26,30" },
	"character_hyperslot14_0x3d":  { "File": "character_super_amy.bmp", "Rect": "79,264,50,50", "Center": "26,28" },
	"character_hyperslot14_0x3e":  { "File": "character_super_amy.bmp", "Rect": "145,264,50,50", "Center": "26,26" },
	"character_hyperslot14_0x3f":  { "File": "character_super_amy.bmp", "Rect": "209,264,50,50", "Center": "27,25" },
	"character_hyperslot14_0x40":  { "File": "character_super_amy.bmp", "Rect": "273,264,50,50", "Center": "26,25" },
	"character_hyperslot14_0x41":  { "File": "character_super_amy.bmp", "Rect": "339,264,50,50", "Center": "25,24" },
	"character_hyperslot14_0x42":  { "File": "character_super_amy.bmp", "Rect": "403,264,50,50", "Center": "26,20" },
	"character_hyperslot14_0x43":  { "File": "character_super_amy.bmp", "Rect": "469,264,50,50", "Center": "26,20" },
	"character_hyperslot14_0x44":  { "File": "character_super_amy.bmp", "Rect": "533,264,50,50", "Center": "26,23" },
	"character_hyperslot14_0x45":  { "File": "character_super_amy.bmp", "Rect": "597,264,50,50", "Center": "26,24" },
	"character_hyperslot14_0x46":  { "File": "character_super_amy.bmp", "Rect": "663,264,50,50", "Center": "26,26" },
	"character_hyperslot14_0x47":  { "File": "character_super_amy.bmp", "Rect": "729,264,50,50", "Center": "26,30" },
	"character_hyperslot14_0x48":  { "File": "character_super_amy.bmp", "Rect": "793,264,50,50", "Center": "24,30" },
	"character_hyperslot14_0x49":  { "File": "character_super_amy.bmp", "Rect": "859,264,50,50", "Center": "26,32" },
	"character_hyperslot14_0x4a":  { "File": "character_super_amy.bmp", "Rect": "923,264,50,50", "Center": "24,26" },
	"character_hyperslot14_0x4b":  { "File": "character_super_amy.bmp", "Rect": "989,264,50,50", "Center": "25,30" },
	"character_hyperslot14_0x4c":  { "File": "character_super_amy.bmp", "Rect": "1053,264,50,50", "Center": "25,24" },
	"character_hyperslot14_0x4d":  { "File": "character_super_amy.bmp", "Rect": "15,328,50,50", "Center": "23,26" },
	"character_hyperslot14_0x4e":  { "File": "character_super_amy.bmp", "Rect": "79,328,50,50", "Center": "29,24" },
	"character_hyperslot14_0x4f":  { "File": "character_super_amy.bmp", "Rect": "145,328,50,50", "Center": "30,25" },
	"character_hyperslot14_0x50":  { "File": "character_super_amy.bmp", "Rect": "209,328,50,50", "Center": "29,23" },
	"character_hyperslot14_0x51":  { "File": "character_super_amy.bmp", "Rect": "273,328,50,50", "Center": "26,31" },
	"character_hyperslot14_0x52":  { "File": "character_super_amy.bmp", "Rect": "339,328,50,50", "Center": "23,33" },
	"character_hyperslot14_0x53":  { "File": "character_super_amy.bmp", "Rect": "403,328,50,50", "Center": "28,34" },
	"character_hyperslot14_0x54":  { "File": "character_super_amy.bmp", "Rect": "469,328,50,50", "Center": "28,33" },
	"character_hyperslot14_0x55":  { "File": "character_super_amy.bmp", "Rect": "533,328,50,50", "Center": "27,30" },
	"character_hyperslot14_0x56":  { "File": "character_super_amy.bmp", "Rect": "597,328,50,50", "Center": "28,30" },
	"character_hyperslot14_0x57":  { "File": "character_super_amy.bmp", "Rect": "663,328,50,50", "Center": "29,30" },
	"character_hyperslot14_0x58":  { "File": "character_super_amy.bmp", "Rect": "729,328,50,50", "Center": "26,30" },
	"character_hyperslot14_0x59":  { "File": "character_super_amy.bmp", "Rect": "793,328,50,50", "Center": "28,30" },
	"character_hyperslot14_0x5a":  { "File": "character_super_amy.bmp", "Rect": "859,328,50,50", "Center": "28,30" },
	"character_hyperslot14_0x5b":  { "File": "character_super_amy.bmp", "Rect": "923,328,50,50", "Center": "28,30" },
	"character_hyperslot14_0x5c":  { "File": "character_super_amy.bmp", "Rect": "273,8,50,50", "Center": "20,26" },
	"character_hyperslot14_0x5d":  { "File": "character_super_amy.bmp", "Rect": "339,8,50,50", "Center": "4,24" },
	"character_hyperslot14_0x5e":  { "File": "character_super_amy.bmp", "Rect": "403,8,50,50", "Center": "40,25" },
	"character_hyperslot14_0x5f":  { "File": "character_super_amy.bmp", "Rect": "469,8,50,50", "Center": "29,26" },
	"character_hyperslot14_0x60":  { "File": "character_super_amy.bmp", "Rect": "533,8,50,50", "Center": "28,24" },
	"character_hyperslot14_0x61":  { "File": "character_super_amy.bmp", "Rect": "599,8,50,50", "Center": "40,24" },
	"character_hyperslot14_0x62":  { "File": "character_super_amy.bmp", "Rect": "209,8,50,50", "Center": "20,30" },
	"character_hyperslot14_0x63":  { "File": "character_super_amy.bmp", "Rect": "663,8,50,50", "Center": "25,24" },
	"character_hyperslot14_0x64":  { "File": "character_super_amy.bmp", "Rect": "729,8,50,50", "Center": "25,15" },
	"character_hyperslot14_0x65":  { "File": "character_super_amy.bmp", "Rect": "793,8,50,50", "Center": "25,31" },
	"character_hyperslot14_0x66":  { "File": "character_super_amy.bmp", "Rect": "859,8,50,50", "Center": "25,26" },
	"character_hyperslot14_0x67":  { "File": "character_super_amy.bmp", "Rect": "923,8,50,50", "Center": "27,34" },
	"character_hyperslot14_0x68":  { "File": "character_super_amy.bmp", "Rect": "989,8,50,50", "Center": "27,26" },
	"character_hyperslot14_0x69":  { "File": "character_super_amy.bmp", "Rect": "15,584,50,50", "Center": "29,30" },
	"character_hyperslot14_0x6a":  { "File": "character_super_amy.bmp", "Rect": "79,584,50,50", "Center": "28,31" },
	"character_hyperslot14_0x6b":  { "File": "character_super_amy.bmp", "Rect": "145,584,50,50", "Center": "30,37" },
	"character_hyperslot14_0x6c":  { "File": "character_super_amy.bmp", "Rect": "209,584,50,50", "Center": "26,24" },
	"character_hyperslot14_0x6d":  { "File": "character_super_amy.bmp", "Rect": "273,584,50,50", "Center": "23,26" },
	"character_hyperslot14_0x6e":  { "File": "character_super_amy.bmp", "Rect": "339,584,50,50", "Center": "25,26" },
	"character_hyperslot14_0x6f":  { "File": "character_super_amy.bmp", "Rect": "403,584,50,50", "Center": "26,24" },
	"character_hyperslot14_0x70":  { "File": "character_super_amy.bmp", "Rect": "469,584,50,50", "Center": "24,26" },
	"character_hyperslot14_0x71":  { "File": "character_super_amy.bmp", "Rect": "533,584,50,50", "Center": "24,28" },
	"character_hyperslot14_0x72":  { "File": "character_super_amy.bmp", "Rect": "597,584,50,50", "Center": "22,27" },
	"character_hyperslot14_0x73":  { "File": "character_super_amy.bmp", "Rect": "663,584,50,50", "Center": "25,29" },
	"character_hyperslot14_0x74":  { "File": "character_super_amy.bmp", "Rect": "729,584,50,50", "Center": "25,28" },
	"character_hyperslot14_0x75":  { "File": "character_super_amy.bmp", "Rect": "793,584,50,50", "Center": "28,29" },
	"character_hyperslot14_0x76":  { "File": "character_super_amy.bmp", "Rect": "859,584,50,50", "Center": "28,27" },
	"character_hyperslot14_0x77":  { "File": "character_super_amy.bmp", "Rect": "923,584,50,50", "Center": "28,27" },
	"character_hyperslot14_0x78":  { "File": "character_super_amy.bmp", "Rect": "859,392,50,50", "Center": "28,25" },
	"character_hyperslot14_0x79":  { "File": "character_super_amy.bmp", "Rect": "923,392,50,50", "Center": "32,28" },
	"character_hyperslot14_0x7a":  { "File": "character_super_amy.bmp", "Rect": "989,392,50,50", "Center": "26,23" },
	"character_hyperslot14_0x7b":  { "File": "character_super_amy.bmp", "Rect": "1053,392,50,50", "Center": "29,19" },
	"character_hyperslot14_0x7c":  { "File": "character_super_amy.bmp", "Rect": "15,456,50,50", "Center": "23,24" },
	"character_hyperslot14_0x7d":  { "File": "character_super_amy.bmp", "Rect": "79,456,50,50", "Center": "21,21" },
	"character_hyperslot14_0x7e":  { "File": "character_super_amy.bmp", "Rect": "145,456,50,50", "Center": "25,27" },
	"character_hyperslot14_0x7f":  { "File": "character_super_amy.bmp", "Rect": "209,456,50,50", "Center": "21,29" },
	"character_hyperslot14_0x80":  { "File": "character_super_amy.bmp", "Rect": "597,456,50,50", "Center": "26,24" },
	"character_hyperslot14_0x81":  { "File": "character_super_amy.bmp", "Rect": "663,456,50,50", "Center": "30,24" },
	"character_hyperslot14_0x82":  { "File": "character_super_amy.bmp", "Rect": "729,456,50,50", "Center": "27,24" },
	"character_hyperslot14_0x83":  { "File": "character_super_amy.bmp", "Rect": "793,456,50,50", "Center": "25,24" },
	"character_hyperslot14_0x84":  { "File": "character_super_amy.bmp", "Rect": "859,456,50,50", "Center": "27,24" },
	"character_hyperslot14_0x85":  { "File": "character_super_amy.bmp", "Rect": "923,456,50,50", "Center": "27,24" },
	"character_hyperslot14_0x86":  { "File": "character_super_amy.bmp", "Rect": "729,136,50,50", "Center": "21,30" },
	"character_hyperslot14_0x87":  { "File": "character_super_amy.bmp", "Rect": "793,136,50,50", "Center": "20,30" },
	"character_hyperslot14_0x88":  { "File": "character_super_amy.bmp", "Rect": "859,136,50,50", "Center": "20,30" },
	"character_hyperslot14_0x89":  { "File": "character_super_amy.bmp", "Rect": "923,136,50,50", "Center": "20,30" },
	"character_hyperslot14_0x8a":  { "File": "character_super_amy.bmp", "Rect": "989,136,50,50", "Center": "20,30" },
	"character_hyperslot14_0x8b":  { "File": "character_super_amy.bmp", "Rect": "1053,136,50,50", "Center": "20,30" },
	"character_hyperslot14_0x8c":  { "File": "character_super_amy.bmp", "Rect": "337,904,50,50", "Center": "25,34" },
	"character_hyperslot14_0x8d":  { "File": "character_super_amy.bmp", "Rect": "403,904,50,50", "Center": "25,35" },
	"character_hyperslot14_0x8e":  { "File": "character_super_amy.bmp", "Rect": "1053,72,50,50", "Center": "28,26" },
	"character_hyperslot14_0x8f":  { "File": "character_super_amy.bmp", "Rect": "1053,776,50,50", "Center": "31,19" },
	"character_hyperslot14_0x90":  { "File": "character_super_amy.bmp", "Rect": "989,328,50,50", "Center": "26,24" },
	"character_hyperslot14_0x91":  { "File": "character_super_amy.bmp", "Rect": "1053,328,50,50", "Center": "26,24" },
	"character_hyperslot14_0x92":  { "File": "character_super_amy.bmp", "Rect": "15,392,50,50", "Center": "26,24" },
	"character_hyperslot14_0x93":  { "File": "character_super_amy.bmp", "Rect": "79,392,50,50", "Center": "26,24" },
	"character_hyperslot14_0x94":  { "File": "character_super_amy.bmp", "Rect": "989,456,50,50", "Center": "25,24" },
	"character_hyperslot14_0x95":  { "File": "character_super_amy.bmp", "Rect": "1053,456,50,50", "Center": "25,24" },
	"character_hyperslot14_0x96":  { "File": "character_super_amy.bmp", "Rect": "15,136,50,50", "Center": "25,35" },
	"character_hyperslot14_0x97":  { "File": "character_super_amy.bmp", "Rect": "79,136,50,50", "Center": "25,35" },
	"character_hyperslot14_0x98":  { "File": "character_super_amy.bmp", "Rect": "145,136,50,50", "Center": "25,35" },
	"character_hyperslot14_0x99":  { "File": "character_super_amy.bmp", "Rect": "209,136,50,50", "Center": "25,35" },
	"character_hyperslot14_0x9a":  { "File": "character_super_amy.bmp", "Rect": "273,136,50,50", "Center": "25,35" },
	"character_hyperslot14_0x9b":  { "File": "character_super_amy.bmp", "Rect": "599,136,50,50", "Center": "23,30" },
	"character_hyperslot14_0x9c":  { "File": "character_super_amy.bmp", "Rect": "663,136,50,50", "Center": "24,30" },
	"character_hyperslot14_0x9d":  { "File": "character_super_amy.bmp", "Rect": "15,840,50,50", "Center": "28,31" },
	"character_hyperslot14_0x9e":  { "File": "character_super_amy.bmp", "Rect": "79,840,50,50", "Center": "27,31" },
	"character_hyperslot14_0x9f":  { "File": "character_super_amy.bmp", "Rect": "145,840,50,50", "Center": "25,32" },
	"character_hyperslot14_0xa0":  { "File": "character_super_amy.bmp", "Rect": "209,840,50,50", "Center": "27,30" },
	"character_hyperslot14_0xa1":  { "File": "character_super_amy.bmp", "Rect": "273,840,50,50", "Center": "31,30" },
	"character_hyperslot14_0xa2":  { "File": "character_super_amy.bmp", "Rect": "337,840,50,50", "Center": "31,30" },
	"character_hyperslot14_0xa3":  { "File": "character_super_amy.bmp", "Rect": "403,840,50,50", "Center": "31,30" },
	"character_hyperslot14_0xa4":  { "File": "character_super_amy.bmp", "Rect": "467,840,50,50", "Center": "31,30" },
	"character_hyperslot14_0xa5":  { "File": "character_super_amy.bmp", "Rect": "533,840,50,50", "Center": "31,30" },
	"character_hyperslot14_0xa6":  { "File": "character_super_amy.bmp", "Rect": "597,840,50,50", "Center": "31,30" },
	"character_hyperslot14_0xa7":  { "File": "character_super_amy.bmp", "Rect": "15,8,50,50", "Center": "25,30" },
	"character_hyperslot14_0xa8":  { "File": "character_super_amy.bmp", "Rect": "145,8,50,50", "Center": "25,30" },
	"character_hyperslot14_0xa9":  { "File": "character_super_amy.bmp", "Rect": "79,8,50,50", "Center": "25,30" },
	"character_hyperslot14_0xaa":  { "File": "character_super_amy.bmp", "Rect": "339,456,60,50", "Center": "26,23" },
	"character_hyperslot14_0xab":  { "File": "character_super_amy.bmp", "Rect": "403,456,60,50", "Center": "26,23" },
	"character_hyperslot14_0xac":  { "File": "character_super_amy.bmp", "Rect": "1053,8,50,50", "Center": "26,31" },
	"character_hyperslot14_0xad":  { "File": "character_super_amy.bmp", "Rect": "793,72,50,50", "Center": "25,30" },
	"character_hyperslot14_0xae":  { "File": "character_super_amy.bmp", "Rect": "859,72,50,50", "Center": "25,30" },
	"character_hyperslot14_0xaf":  { "File": "character_super_amy.bmp", "Rect": "923,72,50,50", "Center": "25,30" },
	"character_hyperslot14_0xb0":  { "File": "character_super_amy.bmp", "Rect": "793,776,50,50", "Center": "27,30" },
	"character_hyperslot14_0xb1":  { "File": "character_super_amy.bmp", "Rect": "859,776,50,50", "Center": "29,30" },
	"character_hyperslot14_0xb2":  { "File": "character_super_amy.bmp", "Rect": "923,776,50,50", "Center": "29,30" },
	"character_hyperslot14_0xb3":  { "File": "character_super_amy.bmp", "Rect": "989,776,50,50", "Center": "29,30" },
	"character_hyperslot14_0xb4":  { "File": "character_super_amy.bmp", "Rect": "469,448,50,60", "Center": "26,26" },
	"character_hyperslot14_0xb5":  { "File": "character_super_amy.bmp", "Rect": "533,448,50,60", "Center": "26,26" },
	"character_hyperslot14_0xb6":  { "File": "character_super_amy.bmp", "Rect": "663,840,50,50", "Center": "35,30" },
	"character_hyperslot14_0xb7":  { "File": "character_super_amy.bmp", "Rect": "727,840,50,50", "Center": "35,30" },
	"character_hyperslot14_0xb8":  { "File": "character_super_amy.bmp", "Rect": "793,840,50,50", "Center": "35,30" },
	"character_hyperslot14_0xb9":  { "File": "character_super_amy.bmp", "Rect": "859,840,50,50", "Center": "35,30" },
	"character_hyperslot14_0xba":  { "File": "character_super_amy.bmp", "Rect": "15,72,50,50", "Center": "26,30" },
	"character_hyperslot14_0xbb":  { "File": "character_super_amy.bmp", "Rect": "79,72,50,50", "Center": "26,30" },
	"character_hyperslot14_0xbc":  { "File": "character_super_amy.bmp", "Rect": "145,72,50,50", "Center": "26,30" },
	"character_hyperslot14_0xbd":  { "File": "character_super_amy.bmp", "Rect": "209,72,50,50", "Center": "25,30" },
	"character_hyperslot14_0xbe":  { "File": "character_super_amy.bmp", "Rect": "273,72,50,50", "Center": "25,30" },
	"character_hyperslot14_0xbf":  { "File": "character_super_amy.bmp", "Rect": "339,72,50,50", "Center": "25,30" },
	"character_hyperslot14_0xc0":  { "File": "character_super_amy.bmp", "Rect": "403,72,50,50", "Center": "25,30" },
	"character_hyperslot14_0xc1":  { "File": "character_super_amy.bmp", "Rect": "469,72,50,50", "Center": "25,30" },
	"character_hyperslot14_0xc2":  { "File": "character_super_amy.bmp", "Rect": "533,72,50,50", "Center": "25,30" },
	"character_hyperslot14_0xc3":  { "File": "character_super_amy.bmp", "Rect": "469,136,50,50", "Center": "26,30" },
	"character_hyperslot14_0xc4":  { "File": "character_super_amy.bmp", "Rect": "533,136,50,50", "Center": "26,30" },
	"character_hyperslot14_0xc5":  { "File": "character_super_amy.bmp", "Rect": "599,72,50,50", "Center": "26,30" },
	"character_hyperslot14_0xc6":  { "File": "character_super_amy.bmp", "Rect": "663,72,50,50", "Center": "26,30" },
	"character_hyperslot14_0xc7":  { "File": "character_super_amy.bmp", "Rect": "729,72,50,50", "Center": "26,30" },
	"character_hyperslot14_0xc8":  { "File": "character_super_amy.bmp", "Rect": "923,840,50,50", "Center": "28,25" },
	"character_hyperslot14_0xc9":  { "File": "character_super_amy.bmp", "Rect": "989,840,50,50", "Center": "27,25" },
	"character_hyperslot14_0xca":  { "File": "character_super_amy.bmp", "Rect": "1053,840,50,50", "Center": "25,25" },
	"character_hyperslot14_0xcb":  { "File": "character_super_amy.bmp", "Rect": "15,904,50,50", "Center": "23,25" },
	"character_hyperslot14_0xcc":  { "File": "character_super_amy.bmp", "Rect": "79,904,50,50", "Center": "22,25" },
	"character_hyperslot14_0xcd":  { "File": "character_super_amy.bmp", "Rect": "145,904,50,50", "Center": "23,25" },
	"character_hyperslot14_0xce":  { "File": "character_super_amy.bmp", "Rect": "209,904,50,50", "Center": "25,25" },
	"character_hyperslot14_0xcf":  { "File": "character_super_amy.bmp", "Rect": "273,904,50,50", "Center": "27,25" },
	"character_hyperslot14_0xd0":  { "File": "character_super_amy.bmp", "Rect": "467,904,50,50", "Center": "25,26" },
	"character_hyperslot14_0xd1":  { "File": "character_super_amy.bmp", "Rect": "533,904,50,50", "Center": "25,27" },
	"character_hyperslot14_0xd2":  { "File": "character_super_amy.bmp", "Rect": "793,520,50,50", "Center": "25,34" },
	"character_hyperslot14_0xd3":  { "File": "character_super_amy.bmp", "Rect": "859,520,50,50", "Center": "26,25" },
	"character_hyperslot14_0xd4":  { "File": "character_super_amy.bmp", "Rect": "923,520,50,50", "Center": "27,25" },
	"character_hyperslot14_0xd5":  { "File": "character_super_amy.bmp", "Rect": "989,520,50,50", "Center": "27,25" },
	"character_hyperslot14_0xd6":  { "File": "character_super_amy.bmp", "Rect": "1053,520,50,50", "Center": "27,25" },
	"character_hyperslot14_0xd7":  { "File": "character_super_amy.bmp", "Rect": "467,904,50,50", "Center": "29,30" },
	"character_hyperslot14_0xd8":  { "File": "character_super_amy.bmp", "Rect": "533,904,50,50", "Center": "29,31" },
	"character_hyperslot14_0xd9":  { "File": "character_super_amy.bmp", "Rect": "989,72,50,50", "Center": "25,30" },
	"character_hyperslot14_0xda":  { "File": "character_super_amy.bmp", "Rect": "15,200,50,50", "Center": "26,30" },
	"character_hyperslot14_0xdb":  { "File": "character_super_amy.bmp", "Rect": "15,200,50,50", "Center": "26,30" },
	"character_hyperslot14_0xdc":  { "File": "character_super_amy.bmp", "Rect": "15,200,50,50", "Center": "26,30" },
	"character_hyperslot14_0xdd":  { "File": "character_super_amy.bmp", "Rect": "15,200,50,50", "Center": "26,30" },
	"character_hyperslot14_0xde":  { "File": "character_super_amy.bmp", "Rect": "15,200,50,50", "Center": "26,30" },
	"character_hyperslot14_0xdf":  { "File": "character_super_amy.bmp", "Rect": "79,200,50,50", "Center": "26,30" },
	"character_hyperslot14_0xe0":  { "File": "character_super_amy.bmp", "Rect": "145,200,50,50", "Center": "24,34" },
	"character_hyperslot14_0xe1":  { "File": "character_super_amy.bmp", "Rect": "209,200,50,50", "Center": "24,30" },
	"character_hyperslot14_0xe2":  { "File": "character_super_amy.bmp", "Rect": "273,200,50,50", "Center": "25,31" },
	"character_hyperslot14_0xe3":  { "File": "character_super_amy.bmp", "Rect": "339,200,50,50", "Center": "29,32" },
	"character_hyperslot14_0xe4":  { "File": "character_super_amy.bmp", "Rect": "145,392,50,50", "Center": "27,24" },
	"character_hyperslot14_0xe5":  { "File": "character_super_amy.bmp", "Rect": "209,392,50,50", "Center": "27,24" },
	"character_hyperslot14_0xe6":  { "File": "character_super_amy.bmp", "Rect": "273,392,50,50", "Center": "26,24" },
	"character_hyperslot14_0xe7":  { "File": "character_super_amy.bmp", "Rect": "339,392,50,50", "Center": "25,23" },
	"character_hyperslot14_0xe8":  { "File": "character_super_amy.bmp", "Rect": "403,392,50,50", "Center": "24,24" },
	"character_hyperslot14_0xe9":  { "File": "character_super_amy.bmp", "Rect": "469,392,50,50", "Center": "24,24" },
	"character_hyperslot14_0xea":  { "File": "character_super_amy.bmp", "Rect": "533,392,50,50", "Center": "25,23" },
	"character_hyperslot14_0xeb":  { "File": "character_super_amy.bmp", "Rect": "597,392,50,50", "Center": "30,24" },
	"character_hyperslot14_0xec":  { "File": "character_super_amy.bmp", "Rect": "663,392,50,50", "Center": "23,21" },
	"character_hyperslot14_0xed":  { "File": "character_super_amy.bmp", "Rect": "729,392,50,50", "Center": "26,26" },
	"character_hyperslot14_0xee":  { "File": "character_super_amy.bmp", "Rect": "793,392,50,50", "Center": "27,27" },
	"character_hyperslot14_0xef":  { "File": "character_super_amy.bmp", "Rect": "15,520,50,50", "Center": "26,33" },
	"character_hyperslot14_0xf0":  { "File": "character_super_amy.bmp", "Rect": "79,520,50,50", "Center": "27,33" },
	"character_hyperslot14_0xf1":  { "File": "character_super_amy.bmp", "Rect": "145,520,50,50", "Center": "26,33" },
	"character_hyperslot14_0xf2":  { "File": "character_super_amy.bmp", "Rect": "209,520,50,50", "Center": "25,33" },
	"character_hyperslot14_0xf3":  { "File": "character_super_amy.bmp", "Rect": "273,520,50,50", "Center": "25,33" },
	"character_hyperslot14_0xf4":  { "File": "character_super_amy.bmp", "Rect": "339,520,50,50", "Center": "25,33" },
	"character_hyperslot14_0xf5":  { "File": "character_super_amy.bmp", "Rect": "403,520,50,50", "Center": "26,33" },
	"character_hyperslot14_0xf6":  { "File": "character_super_amy.bmp", "Rect": "469,520,50,50", "Center": "26,33" },
	"character_hyperslot14_0xf7":  { "File": "character_super_amy.bmp", "Rect": "533,520,50,50", "Center": "25,33" },
	"character_hyperslot14_0xf8":  { "File": "character_super_amy.bmp", "Rect": "597,520,50,50", "Center": "24,33" },
	"character_hyperslot14_0xf9":  { "File": "character_super_amy.bmp", "Rect": "663,520,50,50", "Center": "25,33" },
	"character_hyperslot14_0xfa":  { "File": "character_super_amy.bmp", "Rect": "729,520,50,50", "Center": "24,33" },
	"character_hyperslot14_snowboarding_0x01":  { "File": "character_super_amy.bmp", "Rect": "145,968,60,70", "Center": "29,47" },
	"character_hyperslot14_snowboarding_0x02":  { "File": "character_super_amy.bmp", "Rect": "209,968,60,70", "Center": "30,32" },
	"character_hyperslot14_snowboarding_0x03":  { "File": "character_super_amy.bmp", "Rect": "273,968,60,70", "Center": "31,39" },
	"character_hyperslot14_snowboarding_0x04":  { "File": "character_super_amy.bmp", "Rect": "337,968,60,70", "Center": "25,36" },
	"character_hyperslot14_snowboarding_0x05":  { "File": "character_super_amy.bmp", "Rect": "403,968,60,70", "Center": "30,36" },
	"character_hyperslot14_snowboarding_0x06":  { "File": "character_super_amy.bmp", "Rect": "467,968,60,60", "Center": "31,37" },
	"character_hyperslot14_snowboarding_0x07":  { "File": "character_super_amy.bmp", "Rect": "533,968,60,60", "Center": "30,37" },
	"character_hyperslot14_snowboarding_0x08":  { "File": "character_super_amy.bmp", "Rect": "597,968,60,60", "Center": "30,37" },
	"character_hyperslot14_snowboarding_0x09":  { "File": "character_super_amy.bmp", "Rect": "663,968,60,60", "Center": "34,22" },
	"character_hyperslot14_snowboarding_0x0a":  { "File": "character_super_amy.bmp", "Rect": "727,968,60,60", "Center": "36,23" },
	"character_hyperslot14_snowboarding_0x0b":  { "File": "character_super_amy.bmp", "Rect": "793,968,60,60", "Center": "32,28" },
	"character_hyperslot14_snowboarding_0x0c":  { "File": "character_super_amy.bmp", "Rect": "859,968,60,60", "Center": "31,24" },
	"character_hyperslot14_dropdash_0":  { "File": "character_super_amy.bmp", "Rect": "339,136,50,50", "Center": "25,35" },
	"character_hyperslot14_dropdash_1":  { "File": "character_super_amy.bmp", "Rect": "403,136,50,50", "Center": "25,35" },
	"character_hyperslot14_continue_0x00":  { "File": "character_super_amy.bmp", "Rect": "859,904,50,50", "Center": "26,30" },
	"character_hyperslot14_continue_0x01":  { "File": "character_super_amy.bmp", "Rect": "923,904,50,50", "Center": "26,30" },
	"character_hyperslot14_peelout_0":  { "File": "character_super_amy.bmp", "Rect": "597,904,50,50", "Center": "25,30" },
	"character_hyperslot14_peelout_1":  { "File": "character_super_amy.bmp", "Rect": "663,904,50,50", "Center": "24,30" },
	"character_hyperslot14_peelout_2":  { "File": "character_super_amy.bmp", "Rect": "727,904,50,50", "Center": "25,30" },
	"character_hyperslot14_peelout_3":  { "File": "character_super_amy.bmp", "Rect": "793,904,50,50", "Center": "24,30" },
	"character_hyperslot14_ending_0x00":  { "File": "character_super_amy.bmp", "Rect": "989,904,50,50", "Center": "19,30" },
	"character_hyperslot14_ending_0x01":  { "File": "character_super_amy.bmp", "Rect": "1053,904,50,50", "Center": "19,30" },
	"character_hyperslot14_ending_0x02":  { "File": "character_super_amy.bmp", "Rect": "15,968,50,50", "Center": "21,30" },
	"character_hyperslot14_ending_0x03":  { "File": "character_super_amy.bmp", "Rect": "79,968,50,50", "Center": "26,30" }
}