{
	"monitor_icon_slot14":  { "File": "character_amy_other.png", "Rect": "136,3,16,16", "Center": "8,8" },
	"tornado_slot14_pilot":  { "File": "character_amy_other.png", "Rect": "3,3,32,28", "Center": "20,20" },
	"Tails_pilot":  { "File": "character_amy_other.png", "Rect": "38,0,16,14", "Center": "8,10" },
	"Amy_small":  { "File": "character_amy_other.png", "Rect": "57,4,20,27", "Center": "11,19" },
	"Amy_micro":  { "File": "character_amy_other.png", "Rect": "49,24,5,7", "Center": "0,6" },
	"Amy_micro_plane":  { "File": "character_amy_other.png", "Rect": "40,15,14,8", "Center": "6,0" },
	"continue_icon_slot14_wait_0x00":  { "File": "character_amy_other.png", "Rect": "4,34,34,34", "Center": "18,22" },
	"continue_icon_slot14_wait_0x01":  { "File": "character_amy_other.png", "Rect": "41,34,34,34", "Center": "18,22" },
	"charselect_slot14":  { "File": "character_amy_other.png", "Rect": "80,68,50,50", "Center": "27,30" },
	"monitor_amy_shoe":  { "File": "character_amy_other.png", "Rect": "155,3,16,16", "Center": "8,8" },
	"MAmySlot":  { "File": "character_amy_other.png", "Rect": "204,79,32,32", "Center": "16,16" },
	"MAmy_S3C_icon":  { "File": "character_amy_other.png", "Rect": "5,70,16,16", "Center": "0,0" },
	"MAmy_S3C_icon_Tails":  { "File": "character_amy_other.png", "Rect": "24,70,31,16", "Center": "0,0" },
	"MAmy_S3C_icon_Cream":  { "File": "character_amy_other.png", "Rect": "24,89,31,16", "Center": "0,0" },
	"AmyEndpose":  { "File": "amy_endpose.png", "Rect": "0,0,110,96", "Center": "55,48" },
	"em_ls_slot14": { "File": "character_amy_other.png", "Rect": "136,22,32,24" },
	"WS_hammer_icon": { "File": "character_amy_other.png", "Rect": "173,2,26,26" },
	"WS_cards_icon": { "File": "character_amy_other.png", "Rect": "200,4,24,24" },
	"dataSel_lifeContinue_slot14":  { "File": "character_amy_other.png", "Rect": "174,30,24,40"}
}