{
    "description": "Flex 2 Project File",
    "name": "s3 eevee title screen",
    "objects": [
        {
            "name": "",
            "palettes": [
                {
                    "path": "..\\advaced s3 modding stuff\\skdisasm-master - kopia\\skdisasm-master\\General\\Sprites\\Sonic\\Palettes\\SonicAndTails.bin",
                    "length": 1
                }
            ],
            "art": {
                "path": "",
                "compression": "Uncompressed"
            },
            "mappings": {
                "path": "",
                "format": "Sonic 1",
                "customDefinition": "",
                "label": "",
                "accessor": ""
            },
            "dplcs": {
                "enabled": false,
                "path": "",
                "format": "Sonic 1",
                "customDefinition": "",
                "label": ""
            }
        }
    ]
}