{
	"Metadata": {
		"Name": "Shinbaloonba X Dr Eggman",
		"Author": "Alex",
		"Description": "GET A LOAD OF THIS SHINBALOONBA OR SONIC X STYLE.",
		"ModVersion": "4.5.3",
		"GameVersion": "20.07.18.0"
	},
	"Settings":
	{
		"Group1":
		[
			{
				"InternalName": "WhenCharacterIsHurtEggman",
				"DisplayName": "When Character Is Hurt:",
				"Variable": "EggmanBlue.disableHurtLaugh",
				"DefaultValue": "0",
				"Category": "Dr. Eggman Laughs",
				"Options":
				{
					"0": "Yes",
					"1": "No"
				}
			},
			{
				"InternalName": "WhenCharacterDiesEggman",
				"DisplayName": "When Character Dies:",
				"Variable": "EggmanBlue.disableDeadLaugh",
				"DefaultValue": "0",
				"Category": "Dr. Eggman Laughs",
				"Options":
				{
					"0": "Yes",
					"1": "No"
				}
			}
		],
		"Group2":
		[
			{
				"InternalName": "BurnEggmanExtendedType",
				"DisplayName": "Burned Extended Sprites:",
				"Variable": "EggmanBlue.burnType",
				"DefaultValue": "2",
				"Category": "Extras",
				"Options":
				{
					"0": "None",
					"1": "Sonic 1 Boss",
					"2": "Sonic 1 Final Boss",
					"3": "Sonic 3 & Knuckles"
				}
			},
			{
				"InternalName": "CdStyledGoalPlateEggman",
				"DisplayName": "Sonic CD Styled Goal Plate:",
				"Variable": "EggmanBlue.cdStyledGoal",
				"DefaultValue": "0",
				"Category": "Extras",
				"Options":
				{
					"0": "No",
					"1": "Yes"
				}
			}
		],
		"Group3":
		[
			{
				"InternalName": "EggmanSpritesType",
				"DisplayName": "Dr. Eggman Sprites Type:",
				"Variable": "EggmanBlue.spritesType",
				"DefaultValue": "0",
				"Category": "Advanced",
				"Options":
				{
					"0": "Pallete (Default)",
					"1": "Component"
				}
			},
			{
				"InternalName": "EggmanLegacyContinueMode",
				"DisplayName": "Continue Legacy Mode:",
				"Variable": "EggmanBlue.legacyContinueMode",
				"DefaultValue": "0",
				"Category": "Advanced",
				"Options":
				{
					"0": "Off (Default)",
					"1": "On"
				}
			}
		]
	}
}