{
	"Metadata":
	{
		"Name": "Mighty & Ray in Sonic 3 A.I.R.",
		"Author": "iCloudius",
		"Description": "Play as Mighty and Ray in Sonic 3 A.I.R. without overwriting an existing character.",
		"ModVersion": "SHC",
		"GameVersion": "20.04.26.0"
	},
	"Settings":
	{
		"Group1":
		[
			{
				"InternalName": "Partners",
				"DisplayName": "Partner",
				"Variable": "Partner",
				"DefaultValue": "0",	
				"Category": "Gameplay - Mighty",			
				"Options":
				{
					"0": "No",
					"1": "Yes"
				}
			},
			{
				"InternalName": "MightyWallJumpStyle",
				"DisplayName": "Mighty's Wall Jump",
				"Variable": "MightyWallJump",
				"DefaultValue": "0",	
				"Category": "Gameplay - Mighty",			
				"Options":
				{
					"0": "Chaotix",
					"1": "Megamix Mania"
				}
			},
			{
				"InternalName": "KnucklesPathAIZ",
				"DisplayName": "Starting Path AIZ2",
				"Variable": "MightyAIZ2",
				"DefaultValue": "0",	
				"Category": "Gameplay - Mighty",			
				"Options":
				{
					"0": "Sonic",
					"1": "Knuckles"
				}
			},
			{
				"InternalName": "KnucklesPathICZ",
				"DisplayName": "Starting Path ICZ2",
				"Variable": "MightyICZ2",
				"DefaultValue": "0",	
				"Category": "Gameplay - Mighty",			
				"Options":
				{
					"0": "Sonic",
					"1": "Knuckles"
				}
			},
			{
				"InternalName": "MightyPath",
				"DisplayName": "Enter Doomsday Zone",
				"Variable": "MightyDDZ",
				"DefaultValue": "0",	
				"Category": "Gameplay - Mighty",			
				"Options":
				{
					"0": "Yes",
					"1": "No"
				}
			},
			{
				"InternalName": "Spike bounce",
				"DisplayName": "Spike Bounce",
				"Variable": "Spike_Bounce",
				"DefaultValue": "0",	
				"Category": "Gameplay - Mighty",			
				"Options":
				{
					"0": "Mania",
					"1": "pre-4.0"
				}
			},
			{
				"InternalName": "Elemental Shields",
				"DisplayName": "Elemental Shields",
				"Variable": "ElemenShi",
				"DefaultValue": "0",	
				"Category": "Gameplay - Mighty",			
				"Options":
				{
					"0": "Off",
					"1": "On"
				}
			},
			{
				"InternalName": "Custom Mappings",
				"DisplayName": "Custom Mappings",
				"Variable": "Custom_Mappings",
				"DefaultValue": "1",	
				"Category": "Controls - Mighty",			
				"Options":
				{
					"0": "On",
					"1": "Off"
				}
			},
			{
				"InternalName": "Hammer Drop Inputs",
				"DisplayName": "Hammer Drop Button(s)",
				"Variable": "Hammerdrop_Button",
				"DefaultValue": "0x70",	
				"Category": "Controls - Mighty",			
				"Options":
				{
					"0x00": "None",
					"0x10": "B",
					"0x20": "C",
					"0x30": "B or C",
					"0x40": "A",
					"0x50": "A or B",
					"0x60": "A or C",
					"0x70": "A or B or C"
				}
			},
			{
				"InternalName": "Wall Jump Inputs",
				"DisplayName": "Wall Jump Button(s)",
				"Variable": "Wall_Jump_Button",
				"DefaultValue": "0x70",	
				"Category": "Controls - Mighty",			
				"Options":
				{
					"0x00": "None",
					"0x10": "B",
					"0x20": "C",
					"0x30": "B or C",
					"0x40": "A",
					"0x50": "A or B",
					"0x60": "A or C",
					"0x70": "A or B or C"
				}
			},
			{
				"InternalName": "Elemental Shield Inputs",
				"DisplayName": "Shield Button(s)",
				"Variable": "Shield_Button",
				"DefaultValue": "0x20",	
				"Category": "Controls - Mighty",			
				"Options":
				{
					"0x00": "None",
					"0x10": "B",
					"0x20": "C",
					"0x30": "B or C",
					"0x40": "A",
					"0x50": "A or B",
					"0x60": "A or C",
					"0x70": "A or B or C"
				}
			},
			{
				"InternalName": "MightySprites",
				"DisplayName": "Mighty's Sprites",
				"Variable": "Sprite_type",
				"DefaultValue": "1",
				"Category": "Appearance - Mighty",				
				"Options":
				{
					"0": "Mania",
					"1": "Sonic 3"
				}
			},
			{
				"InternalName": "MightyPalette",
				"DisplayName": "Mighty's Palette",
				"Variable": "MightyPalette",
				"DefaultValue": "5",
				"Category": "Appearance - Mighty",				
				"Options":
				{
					"0": "Ultimate",
					"1": "SegaSonic",
					"2": "Chaotix",
					"3": "Mania",
					"4": "Knuckles Red",
					"5": "Blood Orange",
					"6": "Wild Berry",
					"7": "Lambert Cherry"
				}
			},
			{
				"InternalName": "Grays",
				"DisplayName": "Mighty's Grays",
				"Variable": "Gray",
				"DefaultValue": "0",
				"Category": "Appearance - Mighty & Ray",				
				"Options":
				{
					"0": "Unique",
					"1": "Consistent"
				}
			},
			{
				"InternalName": "HUD Type",
				"DisplayName": "HUD",
				"Variable": "hud_type",
				"DefaultValue": "0",
				"Category": "Appearance - Mighty",				
				"Options":
				{
					"0": "Default",
					"1": "Mania",
					"2": "Chaotix",
					"3": "Megamix"
				}
			},
			{
				"InternalName": "SmoothRotation",
				"DisplayName": "Smooth Sprite Rotation",
				"Variable": "Smooth_type",
				"DefaultValue": "1",
				"Category": "Appearance - Mighty",				
				"Options":
				{
					"0": "On",
					"1": "Off"
				}
			},
			{
				"InternalName": "Super Palettes",
				"DisplayName": "Super/Hyper Glow",
				"Variable": "Glow",
				"DefaultValue": "0",
				"Category": "Super Palette - Mighty",				
				"Options":
				{
					"0": "Cycle",
					"1": "Flash White"
				}
			},
			{
				"InternalName": "White Flash",
				"DisplayName": "Super/Hyper White Flash",
				"Variable": "Flash",
				"DefaultValue": "0",
				"Category": "Super Palette - Mighty",				
				"Options":
				{
					"0": "Pure White",
					"1": "Mostly White"
				}
			},
			{
				"InternalName": "Underwater super/hyper palletes",
				"DisplayName": "Underwater Palletes",
				"Variable": "UnderDaSea",
				"DefaultValue": "1",
				"Category": "Super Palette - Mighty",				
				"Options":
				{
					"0": "Off",
					"1": "On"
				}
			},
			{
				"InternalName": "Expanded Hyper palette",
				"DisplayName": "Use Hyper Sonic's Palette",
				"Variable": "EXPAL",
				"DefaultValue": "0",
				"Category": "Super Palette - Mighty",				
				"Options":
				{
					"0": "Off",
					"1": "On"
				}
			},
			{
				"InternalName": "Bounce Height",
				"DisplayName": "Hammer Drop Bounce",
				"Variable": "HD_Bounce",
				"DefaultValue": "0",
				"Category": "Misc. - Mighty",				
				"Options":
				{
					"0": "Default",
					"1": "Off",
					"2": "Low",
					"3": "Medium",
					"4": "High",
					"5": "Preserve Momentum",
					"6": "Based on held button"
				}
			},
			{
				"InternalName": "Screen Shake",
				"DisplayName": "Hammer Drop Screen Shake",
				"Variable": "HD_Shake",
				"DefaultValue": "0",
				"Category": "Misc. - Mighty",				
				"Options":
				{
					"0": "On",
					"1": "Off (Normal Mighty)",
					"2": "Off (Super/Hyper Mighty)",
					"3": "Off"
				}
			},
			{
				"InternalName": "Spring Fall",
				"DisplayName": "Bouncing off a Spring",
				"Variable": "Mighty_Twirl_Fall",
				"DefaultValue": "1",
				"Category": "Falling Animation - Mighty",		
				"Options":
				{
					"0": "Off",
					"1": "On"
				}
			},
			{
				"InternalName": "Transform Fall",
				"DisplayName": "After Transforming",
				"Variable": "Mighty_Transform_Fall",
				"DefaultValue": "1",	
				"Category": "Falling Animation - Mighty",	
				"Options":
				{
					"0": "Off",
					"1": "On"
				}
			},
			{
				"InternalName": "From AIZ to that one zone",
				"DisplayName": "Level Transitions",
				"Variable": "Mighty_Level_Transition_Fall",
				"DefaultValue": "0",
				"Category": "Falling Animation - Mighty",		
				"Options":
				{
					"0": "Off",
					"1": "On"
				}
			},
			{
				"InternalName": "Uncurl",
				"DisplayName": "While Uncurled",
				"Variable": "Mighty_Uncurled_Fall",
				"DefaultValue": "0",
				"Category": "Falling Animation - Mighty",		
				"Options":
				{
					"0": "Off",
					"1": "On"
				}
			},
			{
				"InternalName": "Tornado Pilot",
				"DisplayName": "Plane Pilot",
				"Variable": "Pilot",
				"DefaultValue": "0",
				"Category": "Misc. - Mighty",				
				"Options":
				{
					"0": "Sonic",
					"1": "Tails",
					"2": "Ray"
				}
			},
			{
				"InternalName": "Unique speed shoes",
				"DisplayName": "Speed Shoes Icon",
				"Variable": "Speed_Shoes",
				"DefaultValue": "0",
				"Category": "Misc. - Mighty",				
				"Options":
				{
					"0": "Unique",
					"1": "Default"
				}
			},
			{
				"InternalName": "'Mighty in' Text",
				"DisplayName": "Enable Custom Banner",
				"Variable": "Mighty_Banner_Text",
				"DefaultValue": "0",
				"Category": "Zone Banner - Mighty",				
				"Options":
				{
					"0": "Yes",
					"1": "No"
				}
			},
			{
				"InternalName": "Banner Text",
				"DisplayName": "Banner Text",
				"Variable": "Banner_Text",
				"DefaultValue": "1",
				"Category": "Zone Banner - Mighty",				
				"Options":
				{
					"0": "DA Garden",
					"1": "Sonic 3 A.I.R",
					"2": "Sonic 3",
					"3": "Sonic & Knuckles",
					"4": "Sonic 3 & Knuckles"
				}
			},
			{
				"InternalName": "Banner Display",
				"DisplayName": "Show Banner in DDZ",
				"Variable": "Display_Banner",
				"DefaultValue": "0",
				"Category": "Zone Banner - Mighty",
				"Options":
				{
					"0": "Yes",
					"1": "No"
				}
			},
			{
				"InternalName": "Zone Banner",
				"DisplayName": "DA Garden Zone Banner",
				"Variable": "Zone_Banner",
				"DefaultValue": "0",
				"Category": "Zone Banner - Mighty",		
				"Options":
				{
					"0": "Default",
					"1": "DA Garden"
				}
			},
			{
				"InternalName": "Boost",
				"DisplayName": "Air Boost",
				"Variable": "Ray_Boost",
				"DefaultValue": "1",	
				"Category": "Gameplay - Ray",			
				"Options":
				{
					"0": "Off",
					"1": "On"
				}
			},
			{
				"InternalName": "RaySprites",
				"DisplayName": "Ray's Sprites",
				"Variable": "Ray_Sprite_type",
				"DefaultValue": "1",
				"Category": "Appearance - Ray",				
				"Options":
				{
					"0": "Mania",
					"1": "Sonic 3"
				}
			},
			{
				"InternalName": "Ray's Palette",
				"DisplayName": "Ray's Palette",
				"Variable": "Ray_Pal",
				"DefaultValue": "0",
				"Category": "Appearance - Ray",				
				"Options":
				{
					"0": "Sonic 3",
					"1": "SegaSonic",
					"2": "Mania",
					"3": "Acorn",
					"4": "Golden Delicious",
					"5": "Apricot",
					"6": "Guava",
					"7": "Banana"
				}
			},
			{
				"InternalName": "Ray's Grays",
				"DisplayName": "Ray's Grays",
				"Variable": "Rays_Grays",
				"DefaultValue": "0",
				"Category": "Appearance - Mighty & Ray",				
				"Options":
				{
					"0": "Unique",
					"1": "Consistent"
				}
			},
			{
				"InternalName": "RedOctobers",
				"DisplayName": "Shoes",
				"Variable": "Shoes",
				"DefaultValue": "1",
				"Category": "Appearance - Ray",				
				"Options":
				{
					"0": "Red",
					"1": "Blue"
				}
			},
			{
				"InternalName": "Super Palettes",
				"DisplayName": "Super/Hyper Glow",
				"Variable": "Ray_Glow",
				"DefaultValue": "0",
				"Category": "Super Palette - Ray",				
				"Options":
				{
					"0": "Cycle",
					"1": "Flash White"
				}
			},
			{
				"InternalName": "Partner",
				"DisplayName": "Partner Ray",
				"Variable": "Ray_Partner",
				"DefaultValue": "0",
				"Category": "Misc. - Ray",				
				"Options":
				{
					"0": "Off",
					"1": "Sonic",
					"2": "Knuckles",
					"3": "Mighty",
					"4": "All three"
				}
			},
			{
				"InternalName": "Ray HUD Type",
				"DisplayName": "HUD",
				"Variable": "Ray_hud_type",
				"DefaultValue": "0",
				"Category": "Appearance - Ray",				
				"Options":
				{
					"0": "Default",
					"1": "Mania"
				}
			},
			{
				"InternalName": "Spring Fall",
				"DisplayName": "Bouncing off a Spring",
				"Variable": "Ray_Twirl_Fall",
				"DefaultValue": "1",
				"Category": "Falling Animation - Ray",		
				"Options":
				{
					"0": "Off",
					"1": "On"
				}
			},
			{
				"InternalName": "Transform Fall",
				"DisplayName": "After Transforming",
				"Variable": "Ray_Transform_Fall",
				"DefaultValue": "1",	
				"Category": "Falling Animation - Ray",	
				"Options":
				{
					"0": "Off",
					"1": "On"
				}
			},
			{
				"InternalName": "From AIZ to that one zone",
				"DisplayName": "Level Transitions",
				"Variable": "Ray_Level_Transition_Fall",
				"DefaultValue": "0",
				"Category": "Falling Animation - Ray",		
				"Options":
				{
					"0": "Off",
					"1": "On"
				}
			},
			{
				"InternalName": "Uncurl",
				"DisplayName": "While Uncurled",
				"Variable": "Ray_Uncurled_Fall",
				"DefaultValue": "0",
				"Category": "Falling Animation - Ray",		
				"Options":
				{
					"0": "Off",
					"1": "On"
				}
			},
			{
				"InternalName": "White Flash",
				"DisplayName": "Super/Hyper White Flash",
				"Variable": "Ray_Flash",
				"DefaultValue": "0",
				"Category": "Super Palette - Ray",				
				"Options":
				{
					"0": "Pure White",
					"1": "Mostly White"
				}
			},
			{
				"InternalName": "SmoothRotation",
				"DisplayName": "Smooth Sprite Rotation",
				"Variable": "Smooth_setting",
				"DefaultValue": "1",
				"Category": "Appearance - Ray",				
				"Options":
				{
					"0": "On",
					"1": "Off"
				}
			},
			{
				"InternalName": "Underwater super/hyper palletes",
				"DisplayName": "Underwater Palletes",
				"Variable": "Ray_UnderDaSea",
				"DefaultValue": "1",
				"Category": "Super Palette - Ray",				
				"Options":
				{
					"0": "Off",
					"1": "On"
				}
			},
			{
				"InternalName": "Expanded Hyper palette",
				"DisplayName": "Use Hyper Sonic's palette",
				"Variable": "Ray_EXPAL",
				"DefaultValue": "0",
				"Category": "Super Palette - Ray",				
				"Options":
				{
					"0": "Off",
					"1": "On"
				}
			},
			{
				"InternalName": "Ray Display",
				"DisplayName": "Enable Custom Banner",
				"Variable": "Custom_Banner",
				"DefaultValue": "1",
				"Category": "Zone Banner - Ray",		
				"Options":
				{
					"0": "No",
					"1": "Yes"
				}
			},
			{
				"InternalName": "Ray Banner Text",
				"DisplayName": "Banner Text",
				"Variable": "Ray_Banner_Text",
				"DefaultValue": "1",
				"Category": "Zone Banner - Ray",				
				"Options":
				{
					"0": "DA Garden",
					"1": "Sonic 3 A.I.R",
					"2": "Sonic 3",
					"3": "Sonic & Knuckles",
					"4": "Sonic 3 & Knuckles"
				}
			},
			{
				"InternalName": "Ray Banner Display",
				"DisplayName": "Show Banner in DDZ",
				"Variable": "Display_Ray_Banner",
				"DefaultValue": "0",
				"Category": "Zone Banner - Ray",		
				"Options":
				{
					"0": "Yes",
					"1": "No"
				}
			},
			{
				"InternalName": "Ray Zone Banner",
				"DisplayName": "DA Garden Zone Banner",
				"Variable": "Ray_Zone_Banner",
				"DefaultValue": "0",
				"Category": "Zone Banner - Ray",				
				"Options":
				{
					"0": "Default",
					"1": "DA Garden"
				}
			},
			{
				"InternalName": "Ray Unique speed shoes",
				"DisplayName": "Speed Shoes Icon",
				"Variable": "Ray_Speed_Shoes",
				"DefaultValue": "0",
				"Category": "Misc. - Ray",				
				"Options":
				{
					"0": "Unique",
					"1": "Default"
				}
			}
		]
	}
}