{
	"cutscene_knuckles_3_0x00":  { "File": "cutscene_knuckles_3.bmp", "Rect": "0,0,40,32", "Center": "26,12" },
	"cutscene_knuckles_3_0x01":  { "File": "cutscene_knuckles_3.bmp", "Rect": "44,0,33,32", "Center": "20,12" },
	"cutscene_knuckles_3_0x02":  { "File": "cutscene_knuckles_3.bmp", "Rect": "83,0,33,32", "Center": "20,12" },
	"cutscene_knuckles_3_0x03":  { "File": "cutscene_knuckles_3.bmp", "Rect": "124,0,33,28", "Center": "20,8" },
	"cutscene_knuckles_3_0x04":  { "File": "cutscene_knuckles_3.bmp", "Rect": "164,3,32,25", "Center": "19,5" },
	"cutscene_knuckles_3_0x05":  { "File": "cutscene_knuckles_3.bmp", "Rect": "203,0,33,28", "Center": "19,8" },
	"cutscene_knuckles_3_0x06":  { "File": "cutscene_knuckles_3.bmp", "Rect": "240,0,40,28", "Center": "19,8" }
}