{
	"cutscene_knuckles_1_0x01":  { "File": "cutscene_knuckles_1.bmp", "Rect": "5,6,40,40", "Center": "20,19" },
	"cutscene_knuckles_1_0x02":  { "File": "cutscene_knuckles_1.bmp", "Rect": "71,7,32,40", "Center": "15,19" },
	"cutscene_knuckles_1_0x03":  { "File": "cutscene_knuckles_1.bmp", "Rect": "123,0,35,48", "Center": "15,25" },
	"cutscene_knuckles_1_0x04":  { "File": "cutscene_knuckles_1.bmp", "Rect": "180,8,32,32", "Center": "16,16" },
	"cutscene_knuckles_1_0x05":  { "File": "cutscene_knuckles_1.bmp", "Rect": "236,8,32,32", "Center": "16,16" },
	"cutscene_knuckles_1_0x06":  { "File": "cutscene_knuckles_1.bmp", "Rect": "292,8,32,32", "Center": "16,16" },
	"cutscene_knuckles_1_0x07":  { "File": "cutscene_knuckles_1.bmp", "Rect": "348,8,32,32", "Center": "16,16" },
	"cutscene_knuckles_1_0x08":  { "File": "cutscene_knuckles_1.bmp", "Rect": "404,8,32,32", "Center": "16,16" },
	"cutscene_knuckles_1_0x09":  { "File": "cutscene_knuckles_1.bmp", "Rect": "452,12,40,32", "Center": "18,17" },
	"cutscene_knuckles_1_0x0a":  { "File": "cutscene_knuckles_1.bmp", "Rect": "512,4,40,40", "Center": "23,21" },
	"cutscene_knuckles_1_0x0b":  { "File": "cutscene_knuckles_1.bmp", "Rect": "568,4,40,40", "Center": "23,20" },
	"cutscene_knuckles_1_0x0c":  { "File": "cutscene_knuckles_1.bmp", "Rect": "628,4,32,40", "Center": "20,20" },
	"cutscene_knuckles_1_0x0d":  { "File": "cutscene_knuckles_1.bmp", "Rect": "684,4,32,40", "Center": "21,16" },
	"cutscene_knuckles_1_0x0e":  { "File": "cutscene_knuckles_1.bmp", "Rect": "736,4,39,40", "Center": "27,17" },
	"cutscene_knuckles_1_0x0f":  { "File": "cutscene_knuckles_1.bmp", "Rect": "792,4,40,40", "Center": "27,18" },
	"cutscene_knuckles_1_0x10":  { "File": "cutscene_knuckles_1.bmp", "Rect": "852,4,32,40", "Center": "20,17" },
	"cutscene_knuckles_1_0x11":  { "File": "cutscene_knuckles_1.bmp", "Rect": "8,52,40,40", "Center": "25,17" },
	"cutscene_knuckles_1_0x12":  { "File": "cutscene_knuckles_1.bmp", "Rect": "68,52,37,40", "Center": "21,22" },
	"cutscene_knuckles_1_0x13":  { "File": "cutscene_knuckles_1.bmp", "Rect": "124,52,33,40", "Center": "20,19" },
	"cutscene_knuckles_1_0x14":  { "File": "cutscene_knuckles_1.bmp", "Rect": "180,52,38,40", "Center": "22,22" },
	"cutscene_knuckles_1_0x15":  { "File": "cutscene_knuckles_1.bmp", "Rect": "236,52,39,40", "Center": "23,20" },
	"cutscene_knuckles_1_0x16":  { "File": "cutscene_knuckles_1.bmp", "Rect": "292,52,32,40", "Center": "15,20" },
	"cutscene_knuckles_1_0x17":  { "File": "cutscene_knuckles_1.bmp", "Rect": "348,52,32,40", "Center": "17,20" },
	"cutscene_knuckles_1_0x18":  { "File": "cutscene_knuckles_1.bmp", "Rect": "404,52,32,40", "Center": "17,20" },
	"cutscene_knuckles_1_0x19":  { "File": "cutscene_knuckles_1.bmp", "Rect": "456,52,40,40", "Center": "17,20" },
	"cutscene_knuckles_1_0x1a":  { "File": "cutscene_knuckles_1.bmp", "Rect": "516,52,32,40", "Center": "17,21" },
	"cutscene_knuckles_1_0x1b":  { "File": "cutscene_knuckles_1.bmp", "Rect": "577,52,32,40", "Center": "17,20" },
	"cutscene_knuckles_1_0x1c":  { "File": "cutscene_knuckles_1.bmp", "Rect": "628,52,32,40", "Center": "17,20" },
	"cutscene_knuckles_1_0x1d":  { "File": "cutscene_knuckles_1.bmp", "Rect": "684,52,32,40", "Center": "17,20" },
	"cutscene_knuckles_1_0x1e":  { "File": "cutscene_knuckles_1.bmp", "Rect": "740,52,32,40", "Center": "17,21" },
	"cutscene_knuckles_1_0x1f":  { "File": "cutscene_knuckles_1.bmp", "Rect": "796,52,32,40", "Center": "17,20" },
	"cutscene_knuckles_1_0x20":  { "File": "cutscene_knuckles_1.bmp", "Rect": "852,52,32,40", "Center": "15,20" },
	"cutscene_knuckles_1_0x21":  { "File": "cutscene_knuckles_1.bmp", "Rect": "12,99,31,41", "Center": "15,21" },
	"cutscene_knuckles_1_0x22":  { "File": "cutscene_knuckles_1.bmp", "Rect": "70,101,32,40", "Center": "15,20" },
	"cutscene_knuckles_1_0x23":  { "File": "cutscene_knuckles_1.bmp", "Rect": "122,101,36,40", "Center": "15,20" },
	"cutscene_knuckles_1_0x24":  { "File": "cutscene_knuckles_1.bmp", "Rect": "178,101,39,40", "Center": "15,20" }
}