{
	"cutscene_knuckles_5_0x00":  { "File": "cutscene_knuckles_5.bmp", "Rect": "0,8,40,24", "Center": "20,12" },
	"cutscene_knuckles_5_0x01":  { "File": "cutscene_knuckles_5.bmp", "Rect": "40,8,40,24", "Center": "20,12" },
	"cutscene_knuckles_5_0x02":  { "File": "cutscene_knuckles_5.bmp", "Rect": "80,8,40,24", "Center": "20,12" },
	"cutscene_knuckles_5_0x03":  { "File": "cutscene_knuckles_5.bmp", "Rect": "120,5,39,27", "Center": "19,15" },
	"cutscene_knuckles_5_0x04":  { "File": "cutscene_knuckles_5.bmp", "Rect": "160,5,40,27", "Center": "19,15" },
	"cutscene_knuckles_5_0x05":  { "File": "cutscene_knuckles_5.bmp", "Rect": "200,8,40,24", "Center": "19,12" },
	"cutscene_knuckles_5_0x06":  { "File": "cutscene_knuckles_5.bmp", "Rect": "240,8,40,24", "Center": "20,4" },
	"cutscene_knuckles_5_0x07":  { "File": "cutscene_knuckles_5.bmp", "Rect": "281,8,40,24", "Center": "19,4" },
	"cutscene_knuckles_5_0x08":  { "File": "cutscene_knuckles_5.bmp", "Rect": "321,8,39,24", "Center": "18,4" },
	"cutscene_knuckles_5_0x09":  { "File": "cutscene_knuckles_5.bmp", "Rect": "360,0,36,40", "Center": "18,20" },
	"cutscene_knuckles_5_0x0a":  { "File": "cutscene_knuckles_5.bmp", "Rect": "401,0,34,40", "Center": "17,20" }
}