{
	"cutscene_knuckles_7_0x00":  { "File": "cutscene_knuckles_7.bmp", "Rect": "4,0,24,32", "Center": "11,16" },
	"cutscene_knuckles_7_0x01":  { "File": "cutscene_knuckles_7.bmp", "Rect": "36,0,24,32", "Center": "12,16" },
	"cutscene_knuckles_7_0x02":  { "File": "cutscene_knuckles_7.bmp", "Rect": "64,0,32,32", "Center": "12,16" },
	"cutscene_knuckles_7_0x03":  { "File": "cutscene_knuckles_7.bmp", "Rect": "96,0,32,32", "Center": "12,16" },
	"cutscene_knuckles_7_0x04":  { "File": "cutscene_knuckles_7.bmp", "Rect": "136,2,17,26", "Center": "4,16" }
}