{
	"anton_hammerswing": { "File": "sn_antonAirHammer.ogg", "Type": "Sound"},
	"anton_hammerslam": { "File": "sn_antonHammerSmash.ogg", "Type": "Sound"},
	"mm_amyhammer": { "File": "amyhammer.ogg", "Type": "Sound"},
	"mm_amyhammercharge": { "File": "amyhammercharge.ogg", "Type": "Sound"},
	"mm_amyhammerdrop": { "File": "amyhammerdrop.ogg", "Type": "Sound", "Channel": "Amy"},
	"mm_amyhammerdropstop": { "File": "amyhammerdropstop.ogg", "Type": "Sound", "Channel": "Amy"},

	"happy_hour": { "File": "HappyHour.ogg", "Type": "Music", "Name": "Antonblast Reference"}
}