{
	"Metadata":
	{
		"Name": "Extra Slot Amy SHC",
		"Author": "MiaCDi, BLU=, iCloudius & Dynamic Lemons",
		"UniqueID": "extra-slot-project-amy",
		"Description": "Play as Amy Rose in Sonic 3 A.I.R without taking up another character's slot. She can use her hammer to bounce around and reach new heights.",
		"ModVersion": "SHC",
		"GameVersion": "v22.05.15.0"
	},
	"Settings":
	{
		"Settings":
		[
			{
				"InternalName": "Funni Shields",
				"DisplayName": "Elemental Shields",
				"Variable": "Amy.Elemental.Shields",
				"DefaultValue": "0",
				"Category": "Gameplay",				
				"Options":
				{
					"0": "Off",
					"1": "On"
				}
			},
			{
				"InternalName": "Amy Shield Inputs",
				"DisplayName": "Shield Button",
				"Variable": "Amy_Shield_Button",
				"DefaultValue": "0x10",	
				"Category": "Controls",			
				"Options":
				{
					"0x10": "B",
					"0x20": "C",
					"0x40": "A"
				}
			},
			{
				"InternalName": "Amy Hammer Bounce Style",
				"DisplayName": "Hammer Bounce Style",
				"Variable": "Amy_HammerStyle",
				"DefaultValue": "0",	
				"Category": "Controls",			
				"Options":
				{
					"0": "ANTONBLAST (Advanced)",
					"1": "Sonic 3 A.I.R. (Simple)"
				}
			},
			{
				"InternalName": "Amy Wall Jump",
				"DisplayName": "Wall Jump",
				"Variable": "Amy_WallJump",
				"DefaultValue": "1",	
				"Category": "Controls",			
				"Options":
				{
					"0": "Off",
					"1": "On"
				}
			},
			{
				"InternalName": "Amy Hammer Slam",
				"DisplayName": "Hammer Slam",
				"Variable": "Amy_HammerSlam",
				"DefaultValue": "1",	
				"Category": "Controls",			
				"Options":
				{
					"0": "Disabled",
					"1": "Enabled"
				}
			},
			{
				"InternalName": "Hammer Trail",
				"DisplayName": "Hammer Trail",
				"Variable": "Amy_HammerTrail",
				"DefaultValue": "0",
				"Category": "Appearance",				
				"Options":
				{
					"0": "Off",
					"1": "On"
				}
			},
			{
				"InternalName": "Hearts",
				"DisplayName": "Hearts",
				"Variable": "Amy_Hearts",
				"DefaultValue": "0",
				"Category": "Appearance",				
				"Options":
				{
					"0": "Off",
					"1": "On"
				}
			},
			{
				"InternalName": "Palette",
				"DisplayName": "Palette",
				"Variable": "AmyPalette",
				"Category": "Appearance",
				"DefaultValue": "0",
				"Options":
				{
					"0": "Sonic 3",
					"1": "Sonic Origins",
					"2": "Legacy",
					"3": "Sonic CD",
					"4": "Sonic Mania",
					"5": "ANTONBLAST",
					"6": "Undertale: Bits & Pieces",
					"7": "Leapster",
					"8": "Sonic Drift 2"
				}
			},
			{
				"InternalName": "Amy Gray Palette",
				"DisplayName": "Grays",
				"Variable": "AmyGrays",
				"Category": "Appearance",
				"DefaultValue": "0",
				"Options":
				{
					"0": "Unique",
					"1": "Consistent"
				}
			},
			{
				"InternalName": "InvTheme",
				"DisplayName": "Invincibility Theme",
				"Variable": "AmyInvTheme",
				"Category": "Audio",
				"DefaultValue": "0",
				"Options":
				{
					"0": "Menu Option",
					"1": "ANTONBLAST"
				}
			},
			{
				"InternalName": "Amy Super Pallete",
				"DisplayName": "Super Pallete",
				"Variable": "Amy_Super_Pallete",
				"DefaultValue": "0",
				"Category": "Super Palette",				
				"Options":
				{
					"0": "Main Color",
					"1": "Super/Hyper Sonic"
				}
			},
			{
				"InternalName": "Amy Super Glow",
				"DisplayName": "Super/Hyper Glow",
				"Variable": "Amy_Glow",
				"DefaultValue": "1",
				"Category": "Super Palette",				
				"Options":
				{
					"0": "Cycle",
					"1": "Flash White"
				}
			},
			{
				"InternalName": "Amy White Flash",
				"DisplayName": "Super/Hyper White Flash",
				"Variable": "Amy_Flash",
				"DefaultValue": "1",
				"Category": "Super Palette",				
				"Options":
				{
					"0": "Pure White",
					"1": "Mostly White"
				}
			},
			{
				"InternalName": "Amy Display",
				"DisplayName": "Enable Custom Banner",
				"Variable": "Amy_Custom_Banner",
				"DefaultValue": "1",
				"Category": "Zone Banner",		
				"Options":
				{
					"0": "No",
					"1": "Yes"
				}
			},
			{
				"InternalName": "Amy Banner Text",
				"DisplayName": "Banner Text",
				"Variable": "Amy_Banner_Text",
				"DefaultValue": "1",
				"Category": "Zone Banner",				
				"Options":
				{
					"0": "DA Garden",
					"1": "Sonic 3 A.I.R",
					"2": "Sonic 3",
					"3": "Sonic & Knuckles",
					"4": "Sonic 3 & Knuckles"
				}
			},
			{
				"InternalName": "Amy Banner Display",
				"DisplayName": "Show Banner in DDZ",
				"Variable": "Display_Amy_Banner",
				"DefaultValue": "0",
				"Category": "Zone Banner",		
				"Options":
				{
					"0": "Yes",
					"1": "No"
				}
			},
			{
				"InternalName": "Amy Zone Banner",
				"DisplayName": "DA Garden Zone Banner",
				"Variable": "Amy_Zone_Banner",
				"DefaultValue": "0",
				"Category": "Zone Banner",				
				"Options":
				{
					"0": "Default",
					"1": "DA Garden"
				}
			},
			{
				"InternalName": "Unique Amy speed shoes",
				"DisplayName": "Speed Shoes Icon",
				"Variable": "Amy_Speed_Shoes",
				"DefaultValue": "0",
				"Category": "Misc.",				
				"Options":
				{
					"0": "Unique",
					"1": "Default"
				}
			}
		]
	}
}