{
	"Metadata": {
		"Name": "Sonic Dragon Ball Z/Super Forms",
		"Author": "UASonic, Sotaknuck and probably a few other ppl",
		"Description": "This Gives Sonic some Dragon Ball Forms... For no apparent Reason `",
		"URL": "NULL",
		"ModVersion": "1.4",
		"GameVersion": "20.04.26.0"
	},
		"Settings":
		{
			"Group1":
			[
				{
					"InternalName": "Music",
					"DisplayName": "Music: ",
					"Category": "Options",
					"Variable": "UITheme",
					"Options":
					{
						"0x00": "Off",
						"0x01": "On",
					}
				},
				{
					"InternalName": "VegetaOST",
					"DisplayName": "SS1 theme: ",
					"Category": "Options",
					"Variable": "VegOST",
					"Options":
					{
						"0x00": "None",
						"0x01": "Vegeta SSJ Theme",
					}
				},
				{
					"InternalName": "SuperColour3",
					"DisplayName": "SS3 Colour: ",
					"Category": "Options",
					"Variable": "SS3Col",
					"Options":
					{
						"0x00": "SS1",
						"0x01": "SS2",
					}
				},
				{
					"InternalName": "SuperColour4",
					"DisplayName": "SS4 Colour: ",
					"Category": "Options",
					"Variable": "SS4Col",
					"Options":
					{
						"0x00": "Red (Daima)",
						"0x01": "Blue (GT-Esque)",
					}
				},
				{
					"InternalName": "BlastOption",
					"DisplayName": "Ki Blast:",
					"Category": "Ki Blasts",
					"Variable": "KiOn",
					"Options":
					{
						"0x00": "On",
						"0x01": "Off",
					}
				},
				{
					"InternalName": "Blast",
					"DisplayName": "Ki Blast on Base Form? ",
					"Category": "Ki Blasts",
					"Variable": "BaseKi",
					"Options":
					{
						"0x00": "Yes",
						"0x01": "No",
					}
				},
			]
		},
		"UsesFeatures":
		{
			"Controls_LR": true
		}
	}