{
	"ikaruga_warning": { "File": "IkarugaWarning.ogg", "Type": "Sound"},
	"gunstar_heroes_explosion": { "File": "GunstarHeroesExplosion.ogg", "Type": "Sound"},
	"gunstar_heroes_large_explosion_1": { "File": "GunstarHeroesLargeExplosion1.ogg", "Type": "Sound"},
	"gunstar_heroes_large_explosion_2": { "File": "GunstarHeroesLargeExplosion2.ogg", "Type": "Sound"},
	"gunstar_heroes_strain": { "File": "GunstarHeroesStrain.ogg", "Type": "Sound"},
	"gunstar_heroes_warning": { "File": "GunstarHeroesWarning.ogg", "Type": "Sound"},
	"gunstar_heroes_go": { "File": "GunstarHeroesGo.ogg", "Type": "Sound"},
	"gunstar_heroes_transform": { "File": "GunstarHeroesTransform.ogg", "Type": "Sound"},
	"chaotix_jump": { "File": "ChaotixJump.ogg", "Type": "Sound"},
	"hysteria_ring_bounce": { "File": "RingBounce.ogg", "Type": "Sound"},
	"sonic_cd_all_right": { "File": "SonicCDAllRight.ogg", "Type": "Sound"},

	"dropdash_charge": { "File": "DropDash.ogg", "Type": "Sound", "Channel": "AB" },
	"dropdash_release":{ "File": "Release.ogg", "Type": "Sound", "Channel": "AB" },
	"peelout_charge":  { "File": "PeelCharge.ogg", "Type": "Sound", "Channel": "AB" },
	"peelout_release": { "File": "PeelRelease.ogg", "Type": "Sound", "Channel": "AB" },

	"dont_panic": { "File": "DontPanic.ogg", "Type": "Music", "Name": "S3 Remix of Newtrogic Panic scrapped miniboss theme"},
	"dont_panic_og": { "File": "SKNPDontPanic.ogg", "Type": "Music", "Name": "Original Newtrogic Panic scrapped miniboss theme"},
	"scrappy_beat": { "File": "ScrappyBeatV2.ogg", "Type": "Music", "Name": "Newtrogic Panic scrapped major boss theme"},
	"shudder": { "File": "Shudder.ogg", "Type": "Music", "Name": "S3 Remix of Einhander boss theme"},
	"shudder_og": { "File": "EinhanderShudder.ogg", "Type": "Music", "Name": "Einhander boss theme"},
	"emerald_chase": { "File": "ScrappyBeatV1.ogg", "Type": "Music", "Name": "Early version of Scrappy Beat remix"},
	"superrush": { "File": "Superrush.ogg", "Type": "Music", "Name": "Short Remix of Act Clear Jam"},
	"trailer": { "File": "ActClearJam.ogg", "Type": "Music", "Name": "Full Remix of Act Clear Jam, Used in the trailer"},


	// Pink Burner SFX (All from Gunstar Heroes, except the last one, which is from Sonic CD.)
	"pb_jump": { "File": "pinkburner/Jump.ogg", "Type": "Sound"},
	"pb_fall": { "File": "pinkburner/Fall.ogg", "Type": "Sound", "Channel": "PB2"},
	"pb_land": { "File": "pinkburner/Land.ogg", "Type": "Sound", "Channel": "PB1"},
	"pb_strain": { "File": "pinkburner/Strain.ogg", "Type": "Sound", "Channel": "PB1"},
	"pb_fireshot": { "File": "pinkburner/FireShot.ogg", "Type": "Sound"},
	"pb_fireland": { "File": "pinkburner/FireLand.ogg", "Type": "Sound"},
	"pb_ejectgun": { "File": "pinkburner/EjectGun.ogg", "Type": "Sound"},
}