{
	"character_slot1_0x01":  { "File": "character_mighty.bmp", "Rect": "8,8,40,40", "Center": "22,20" },
	"character_slot1_0x02":  { "File": "character_mighty.bmp", "Rect": "64,8,40,40", "Center": "20,19" },
	"character_slot1_0x03":  { "File": "character_mighty.bmp", "Rect": "124,8,32,40", "Center": "19,18" },
	"character_slot1_0x04":  { "File": "character_mighty.bmp", "Rect": "180,8,32,40", "Center": "19,20" },
	"character_slot1_0x05":  { "File": "character_mighty.bmp", "Rect": "232,8,40,40", "Center": "19,20" },
	"character_slot1_0x06":  { "File": "character_mighty.bmp", "Rect": "288,8,40,40", "Center": "20,19" },
	"character_slot1_0x07":  { "File": "character_mighty.bmp", "Rect": "348,8,32,40", "Center": "19,18" },
	"character_slot1_0x08":  { "File": "character_mighty.bmp", "Rect": "404,8,32,40", "Center": "20,20" },
	"character_slot1_0x09":  { "File": "character_mighty.bmp", "Rect": "456,4,40,48", "Center": "21,19" },
	"character_slot1_0x0a":  { "File": "character_mighty.bmp", "Rect": "508,8,48,40", "Center": "20,14" },
	"character_slot1_0x0b":  { "File": "character_mighty.bmp", "Rect": "568,8,40,40", "Center": "19,21" },
	"character_slot1_0x0c":  { "File": "character_mighty.bmp", "Rect": "620,8,48,40", "Center": "20,19" },
	"character_slot1_0x0d":  { "File": "character_mighty.bmp", "Rect": "680,4,40,48", "Center": "20,18" },
	"character_slot1_0x0e":  { "File": "character_mighty.bmp", "Rect": "732,4,48,48", "Center": "21,20" },
	"character_slot1_0x0f":  { "File": "character_mighty.bmp", "Rect": "792,8,40,40", "Center": "22,17" },
	"character_slot1_0x10":  { "File": "character_mighty.bmp", "Rect": "848,8,40,40", "Center": "20,18" },
	"character_slot1_0x11":  { "File": "character_mighty.bmp", "Rect": "8,64,40,40", "Center": "20,19" },
	"character_slot1_0x12":  { "File": "character_mighty.bmp", "Rect": "64,64,40,40", "Center": "20,19" },
	"character_slot1_0x13":  { "File": "character_mighty.bmp", "Rect": "120,68,40,32", "Center": "20,11" },
	"character_slot1_0x14":  { "File": "character_mighty.bmp", "Rect": "176,68,40,32", "Center": "20,13" },
	"character_slot1_0x15":  { "File": "character_mighty.bmp", "Rect": "232,64,40,40", "Center": "20,21" },
	"character_slot1_0x16":  { "File": "character_mighty.bmp", "Rect": "288,64,40,40", "Center": "20,20" },
	"character_slot1_0x17":  { "File": "character_mighty.bmp", "Rect": "344,68,40,32", "Center": "20,11" },
	"character_slot1_0x18":  { "File": "character_mighty.bmp", "Rect": "400,68,40,32", "Center": "20,11" },
	"character_slot1_0x19":  { "File": "character_mighty.bmp", "Rect": "452,64,48,40", "Center": "18,17" },
	"character_slot1_0x1a":  { "File": "character_mighty.bmp", "Rect": "512,60,40,48", "Center": "16,25" },
	"character_slot1_0x1b":  { "File": "character_mighty.bmp", "Rect": "568,64,40,40", "Center": "19,17" },
	"character_slot1_0x1c":  { "File": "character_mighty.bmp", "Rect": "624,60,40,48", "Center": "16,25" },
	"character_slot1_0x1d":  { "File": "character_mighty.bmp", "Rect": "676,64,48,40", "Center": "17,18" },
	"character_slot1_0x1e":  { "File": "character_mighty.bmp", "Rect": "732,60,48,48", "Center": "17,24" },
	"character_slot1_0x1f":  { "File": "character_mighty.bmp", "Rect": "792,64,40,40", "Center": "18,18" },
	"character_slot1_0x20":  { "File": "character_mighty.bmp", "Rect": "848,64,40,40", "Center": "18,18" },
	"character_slot1_0x21":  { "File": "character_mighty.bmp", "Rect": "12,120,35,40", "Center": "16,20" },
	"character_slot1_0x22":  { "File": "character_mighty.bmp", "Rect": "68,120,35,40", "Center": "16,20" },
	"character_slot1_0x23":  { "File": "character_mighty.bmp", "Rect": "124,120,35,40", "Center": "16,20" },
	"character_slot1_0x24":  { "File": "character_mighty.bmp", "Rect": "180,120,35,40", "Center": "16,20" },
	"character_slot1_0x25":  { "File": "character_mighty.bmp", "Rect": "232,120,40,40", "Center": "19,17" },
	"character_slot1_0x26":  { "File": "character_mighty.bmp", "Rect": "292,120,32,40", "Center": "16,18" },
	"character_slot1_0x27":  { "File": "character_mighty.bmp", "Rect": "344,120,40,40", "Center": "19,17" },
	"character_slot1_0x28":  { "File": "character_mighty.bmp", "Rect": "404,120,32,40", "Center": "16,18" },
	"character_slot1_0x29":  { "File": "character_mighty.bmp", "Rect": "456,124,40,32", "Center": "20,16" },
	"character_slot1_0x2a":  { "File": "character_mighty.bmp", "Rect": "512,124,40,32", "Center": "20,16" },
	"character_slot1_0x2b":  { "File": "character_mighty.bmp", "Rect": "568,124,40,32", "Center": "20,16" },
	"character_slot1_0x2c":  { "File": "character_mighty.bmp", "Rect": "624,124,40,32", "Center": "20,16" },
	"character_slot1_0x2d":  { "File": "character_mighty.bmp", "Rect": "680,120,40,40", "Center": "18,22" },
	"character_slot1_0x2e":  { "File": "character_mighty.bmp", "Rect": "736,124,40,32", "Center": "19,17" },
	"character_slot1_0x2f":  { "File": "character_mighty.bmp", "Rect": "792,120,40,40", "Center": "18,22" },
	"character_slot1_0x30":  { "File": "character_mighty.bmp", "Rect": "848,124,40,32", "Center": "19,17" },
	"character_slot1_0x31":  { "File": "character_mighty.bmp", "Rect": "12,176,32,40", "Center": "14,20" },
	"character_slot1_0x32":  { "File": "character_mighty.bmp", "Rect": "68,176,32,40", "Center": "13,22" },
	"character_slot1_0x33":  { "File": "character_mighty.bmp", "Rect": "124,180,32,32", "Center": "15,16" },
	"character_slot1_0x34":  { "File": "character_mighty.bmp", "Rect": "180,180,32,32", "Center": "15,17" },
	"character_slot1_0x35":  { "File": "character_mighty.bmp", "Rect": "236,180,32,32", "Center": "12,17" },
	"character_slot1_0x36":  { "File": "character_mighty.bmp", "Rect": "292,176,32,40", "Center": "15,22" },
	"character_slot1_0x37":  { "File": "character_mighty.bmp", "Rect": "348,176,32,40", "Center": "16,20" },
	"character_slot1_0x38":  { "File": "character_mighty.bmp", "Rect": "408,176,24,40", "Center": "12,18" },
	"character_slot1_0x39":  { "File": "character_mighty.bmp", "Rect": "460,180,32,32", "Center": "16,18" },
	"character_slot1_0x3a":  { "File": "character_mighty.bmp", "Rect": "516,180,32,32", "Center": "19,16" },
	"character_slot1_0x3b":  { "File": "character_mighty.bmp", "Rect": "576,176,24,40", "Center": "12,20" },
	"character_slot1_0x3c":  { "File": "character_mighty.bmp", "Rect": "632,176,24,40", "Center": "12,20" },
	"character_slot1_0x3d":  { "File": "character_mighty.bmp", "Rect": "688,172,24,48", "Center": "14,26" },
	"character_slot1_0x3e":  { "File": "character_mighty.bmp", "Rect": "744,180,24,32", "Center": "13,16" },
	"character_slot1_0x3f":  { "File": "character_mighty.bmp", "Rect": "796,180,32,32", "Center": "17,15" },
	"character_slot1_0x40":  { "File": "character_mighty.bmp", "Rect": "852,180,32,32", "Center": "16,14" },
	"character_slot1_0x41":  { "File": "character_mighty.bmp", "Rect": "12,232,32,40", "Center": "16,17" },
	"character_slot1_0x42":  { "File": "character_mighty.bmp", "Rect": "68,232,32,40", "Center": "16,20" },
	"character_slot1_0x43":  { "File": "character_mighty.bmp", "Rect": "128,232,24,40", "Center": "11,20" },
	"character_slot1_0x44":  { "File": "character_mighty.bmp", "Rect": "184,236,24,32", "Center": "12,16" },
	"character_slot1_0x45":  { "File": "character_mighty.bmp", "Rect": "236,240,32,24", "Center": "14,10" },
	"character_slot1_0x46":  { "File": "character_mighty.bmp", "Rect": "296,236,24,32", "Center": "13,13" },
	"character_slot1_0x47":  { "File": "character_mighty.bmp", "Rect": "352,232,24,40", "Center": "13,21" },
	"character_slot1_0x48":  { "File": "character_mighty.bmp", "Rect": "404,232,32,42", "Center": "16,20" },
	"character_slot1_0x49":  { "File": "character_mighty.bmp", "Rect": "456,232,40,40", "Center": "20,24" },
	"character_slot1_0x4a":  { "File": "character_mighty.bmp", "Rect": "516,228,32,48", "Center": "14,22" },
	"character_slot1_0x4b":  { "File": "character_mighty.bmp", "Rect": "572,236,32,32", "Center": "16,21" },
	"character_slot1_0x4c":  { "File": "character_mighty.bmp", "Rect": "629,236,32,32", "Center": "13,15" },
	"character_slot1_0x4d":  { "File": "character_mighty.bmp", "Rect": "685,236,32,32", "Center": "13,18" },
	"character_slot1_0x4e":  { "File": "character_mighty.bmp", "Rect": "741,236,32,32", "Center": "18,14" },
	"character_slot1_0x4f":  { "File": "character_mighty.bmp", "Rect": "800,238,33,34", "Center": "15,16" },
	"character_slot1_0x50":  { "File": "character_mighty.bmp", "Rect": "857,232,32,38", "Center": "13,20" },
	"character_slot1_0x51":  { "File": "character_mighty.bmp", "Rect": "17,289,32,32", "Center": "13,19" },
	"character_slot1_0x52":  { "File": "character_mighty.bmp", "Rect": "69,289,32,32", "Center": "14,17" },
	"character_slot1_0x53":  { "File": "character_mighty.bmp", "Rect": "123,289,38,32", "Center": "22,19" },
	"character_slot1_0x54":  { "File": "character_mighty.bmp", "Rect": "177,289,35,32", "Center": "17,16" },
	"character_slot1_0x55":  { "File": "character_mighty.bmp", "Rect": "237,288,32,40", "Center": "16,20" },
	"character_slot1_0x56":  { "File": "character_mighty.bmp", "Rect": "293,288,32,40", "Center": "17,20" },
	"character_slot1_0x57":  { "File": "character_mighty.bmp", "Rect": "348,288,32,40", "Center": "16,20" },
	"character_slot1_0x58":  { "File": "character_mighty.bmp", "Rect": "408,288,24,40", "Center": "13,20" },
	"character_slot1_0x59":  { "File": "character_mighty.bmp", "Rect": "461,288,32,40", "Center": "17,20" },
	"character_slot1_0x5a":  { "File": "character_mighty.bmp", "Rect": "516,288,32,40", "Center": "18,20" },
	"character_slot1_0x5b":  { "File": "character_mighty.bmp", "Rect": "575,288,24,40", "Center": "13,20" },
	"character_slot1_0x5c":  { "File": "character_mighty.bmp", "Rect": "620,296,48,24", "Center": "20,11" },
	"character_slot1_0x5d":  { "File": "character_mighty.bmp", "Rect": "684,296,32,24", "Center": "4,12" },
	"character_slot1_0x5e":  { "File": "character_mighty.bmp", "Rect": "736,296,40,24", "Center": "30,12" },
	"character_slot1_0x5f":  { "File": "character_mighty.bmp", "Rect": "788,296,48,24", "Center": "27,11" },
	"character_slot1_0x60":  { "File": "character_mighty.bmp", "Rect": "852,296,32,24", "Center": "10,12" },
	"character_slot1_0x61":  { "File": "character_mighty.bmp", "Rect": "8,352,40,24", "Center": "38,12" },
	"character_slot1_0x62":  { "File": "character_mighty.bmp", "Rect": "64,348,40,32", "Center": "20,16" },
	"character_slot1_0x63":  { "File": "character_mighty.bmp", "Rect": "128,340,24,49", "Center": "11,24" },
	"character_slot1_0x64":  { "File": "character_mighty.bmp", "Rect": "184,348,24,32", "Center": "13,15" },
	"character_slot1_0x65":  { "File": "character_mighty.bmp", "Rect": "240,344,24,40", "Center": "12,21" },
	"character_slot1_0x66":  { "File": "character_mighty.bmp", "Rect": "296,340,24,48", "Center": "12,24" },
	"character_slot1_0x67":  { "File": "character_mighty.bmp", "Rect": "352,348,24,32", "Center": "14,16" },
	"character_slot1_0x68":  { "File": "character_mighty.bmp", "Rect": "408,344,24,40", "Center": "14,24" },
	"character_slot1_0x69":  { "File": "character_mighty.bmp", "Rect": "460,344,32,40", "Center": "16,20" },
	"character_slot1_0x6a":  { "File": "character_mighty.bmp", "Rect": "516,344,32,40", "Center": "16,20" },
	"character_slot1_0x6b":  { "File": "character_mighty.bmp", "Rect": "572,348,32,32", "Center": "21,20" },
	"character_slot1_0x6c":  { "File": "character_mighty.bmp", "Rect": "628,348,32,32", "Center": "16,16" },
	"character_slot1_0x6d":  { "File": "character_mighty.bmp", "Rect": "680,348,40,32", "Center": "20,16" },
	"character_slot1_0x6e":  { "File": "character_mighty.bmp", "Rect": "736,348,40,32", "Center": "20,16" },
	"character_slot1_0x6f":  { "File": "character_mighty.bmp", "Rect": "796,348,32,32", "Center": "16,16" },
	"character_slot1_0x70":  { "File": "character_mighty.bmp", "Rect": "852,348,32,32", "Center": "16,16" },
	"character_slot1_0x71":  { "File": "character_mighty.bmp", "Rect": "12,404,32,32", "Center": "16,16" },
	"character_slot1_0x72":  { "File": "character_mighty.bmp", "Rect": "64,404,40,32", "Center": "20,16" },
	"character_slot1_0x73":  { "File": "character_mighty.bmp", "Rect": "120,404,40,32", "Center": "20,16" },
	"character_slot1_0x74":  { "File": "character_mighty.bmp", "Rect": "180,404,32,32", "Center": "16,16" },
	"character_slot1_0x75":  { "File": "character_mighty.bmp", "Rect": "240,404,24,32", "Center": "12,16" },
	"character_slot1_0x76":  { "File": "character_mighty.bmp", "Rect": "292,404,32,32", "Center": "16,16" },
	"character_slot1_0x77":  { "File": "character_mighty.bmp", "Rect": "348,408,32,24", "Center": "16,12" },
	"character_slot1_0x78":  { "File": "character_mighty.bmp", "Rect": "400,396,40,48", "Center": "18,25" },
	"character_slot1_0x79":  { "File": "character_mighty.bmp", "Rect": "452,400,48,40", "Center": "31,26" },
	"character_slot1_0x7a":  { "File": "character_mighty.bmp", "Rect": "508,400,48,40", "Center": "26,23" },
	"character_slot1_0x7b":  { "File": "character_mighty.bmp", "Rect": "568,396,40,48", "Center": "27,18" },
	"character_slot1_0x7c":  { "File": "character_mighty.bmp", "Rect": "624,396,40,48", "Center": "23,22" },
	"character_slot1_0x7d":  { "File": "character_mighty.bmp", "Rect": "676,400,48,40", "Center": "20,13" },
	"character_slot1_0x7e":  { "File": "character_mighty.bmp", "Rect": "732,400,48,40", "Center": "23,17" },
	"character_slot1_0x7f":  { "File": "character_mighty.bmp", "Rect": "792,396,40,48", "Center": "13,28" },
	"character_slot1_0x80":  { "File": "character_mighty.bmp", "Rect": "848,396,40,48", "Center": "17,24" },
	"character_slot1_0x81":  { "File": "character_mighty.bmp", "Rect": "12,452,32,48", "Center": "18,24" },
	"character_slot1_0x82":  { "File": "character_mighty.bmp", "Rect": "68,452,32,48", "Center": "20,24" },
	"character_slot1_0x83":  { "File": "character_mighty.bmp", "Rect": "120,452,40,48", "Center": "22,24" },
	"character_slot1_0x84":  { "File": "character_mighty.bmp", "Rect": "180,452,32,48", "Center": "19,24" },
	"character_slot1_0x85":  { "File": "character_mighty.bmp", "Rect": "236,452,32,48", "Center": "17,24" },
	"character_slot1_0x86":  { "File": "character_mighty.bmp", "Rect": "292,460,32,32", "Center": "12,8" },
	"character_slot1_0x87":  { "File": "character_mighty.bmp", "Rect": "348,460,32,32", "Center": "12,8" },
	"character_slot1_0x88":  { "File": "character_mighty.bmp", "Rect": "404,460,32,32", "Center": "12,8" },
	"character_slot1_0x89":  { "File": "character_mighty.bmp", "Rect": "460,460,32,32", "Center": "12,8" },
	"character_slot1_0x8a":  { "File": "character_mighty.bmp", "Rect": "516,460,32,32", "Center": "12,8" },
	"character_slot1_0x8b":  { "File": "character_mighty.bmp", "Rect": "572,460,32,32", "Center": "12,8" },
	"character_slot1_0x8c":  { "File": "character_mighty.bmp", "Rect": "624,460,40,32", "Center": "20,16" },
	"character_slot1_0x8d":  { "File": "character_mighty.bmp", "Rect": "680,460,40,32", "Center": "20,16" },
	"character_slot1_0x8e":  { "File": "character_mighty.bmp", "Rect": "744,452,24,48", "Center": "15,24" },
	"character_slot1_0x8f":  { "File": "character_mighty.bmp", "Rect": "792,460,40,32", "Center": "23,15" },
	"character_slot1_0x90":  { "File": "character_mighty.bmp", "Rect": "852,452,32,48", "Center": "13,24" },
	"character_slot1_0x91":  { "File": "character_mighty.bmp", "Rect": "8,508,40,48", "Center": "13,26" },
	"character_slot1_0x92":  { "File": "character_mighty.bmp", "Rect": "64,512,40,40", "Center": "13,24" },
	"character_slot1_0x93":  { "File": "character_mighty.bmp", "Rect": "123,513,40,40", "Center": "11,24" },
	"character_slot1_0x94":  { "File": "character_mighty.bmp", "Rect": "180,508,34,50", "Center": "16,24" },
	"character_slot1_0x95":  { "File": "character_mighty.bmp", "Rect": "239,508,25,50", "Center": "11,24" },
	"character_slot1_0x96":  { "File": "character_mighty.bmp", "Rect": "292,516,32,32", "Center": "16,16" },
	"character_slot1_0x97":  { "File": "character_mighty.bmp", "Rect": "348,516,32,32", "Center": "16,16" },
	"character_slot1_0x98":  { "File": "character_mighty.bmp", "Rect": "404,516,32,32", "Center": "16,16" },
	"character_slot1_0x99":  { "File": "character_mighty.bmp", "Rect": "460,516,32,32", "Center": "16,16" },
	"character_slot1_0x9a":  { "File": "character_mighty.bmp", "Rect": "516,516,32,32", "Center": "16,16" },
	"character_slot1_0x9b":  { "File": "character_mighty.bmp", "Rect": "575,516,32,36", "Center": "10,16" },
	"character_slot1_0x9c":  { "File": "character_mighty.bmp", "Rect": "628,516,32,32", "Center": "13,12" },
	"character_slot1_0x9d":  { "File": "character_mighty.bmp", "Rect": "680,512,40,40", "Center": "19,21" },
	"character_slot1_0x9e":  { "File": "character_mighty.bmp", "Rect": "736,512,40,40", "Center": "18,21" },
	"character_slot1_0x9f":  { "File": "character_mighty.bmp", "Rect": "796,512,35,40", "Center": "15,22" },
	"character_slot1_0xa0":  { "File": "character_mighty.bmp", "Rect": "852,512,32,40", "Center": "17,20" },
	"character_slot1_0xa1":  { "File": "character_mighty.bmp", "Rect": "8,568,40,40", "Center": "21,20" },
	"character_slot1_0xa2":  { "File": "character_mighty.bmp", "Rect": "64,564,49,48", "Center": "28,27" },
	"character_slot1_0xa3":  { "File": "character_mighty.bmp", "Rect": "124,564,43,48", "Center": "21,28" },
	"character_slot1_0xa4":  { "File": "character_mighty.bmp", "Rect": "174,568,40,40", "Center": "30,20" },
	"character_slot1_0xa5":  { "File": "character_mighty.bmp", "Rect": "230,568,40,40", "Center": "29,20" },
	"character_slot1_0xa6":  { "File": "character_mighty.bmp", "Rect": "287,568,40,40", "Center": "31,19" },
	"character_slot1_0xa7":  { "File": "character_mighty.bmp", "Rect": "344,568,40,44", "Center": "16,20" },
	"character_slot1_0xa8":  { "File": "character_mighty.bmp", "Rect": "401,568,40,44", "Center": "16,20" },
	"character_slot1_0xa9":  { "File": "character_mighty.bmp", "Rect": "456,568,40,41", "Center": "16,20" },
	"character_slot1_0xaa":  { "File": "character_mighty.bmp", "Rect": "504,576,56,24", "Center": "26,12" },
	"character_slot1_0xab":  { "File": "character_mighty.bmp", "Rect": "560,576,56,24", "Center": "26,12" },
	"character_slot1_0xac":  { "File": "character_mighty.bmp", "Rect": "624,568,40,40", "Center": "20,20" },
	"character_slot1_0xad":  { "File": "character_mighty.bmp", "Rect": "684,568,32,40", "Center": "18,20" },
	"character_slot1_0xae":  { "File": "character_mighty.bmp", "Rect": "740,568,32,40", "Center": "18,20" },
	"character_slot1_0xaf":  { "File": "character_mighty.bmp", "Rect": "792,568,40,40", "Center": "26,20" },
	"character_slot1_0xb0":  { "File": "character_mighty.bmp", "Rect": "852,568,32,40", "Center": "22,20" },
	"character_slot1_0xb1":  { "File": "character_mighty.bmp", "Rect": "12,624,32,40", "Center": "17,20" },
	"character_slot1_0xb2":  { "File": "character_mighty.bmp", "Rect": "68,624,32,40", "Center": "17,20" },
	"character_slot1_0xb3":  { "File": "character_mighty.bmp", "Rect": "124,624,32,40", "Center": "17,20" },
	"character_slot1_0xb4":  { "File": "character_mighty.bmp", "Rect": "187,618,25,48", "Center": "11,26" },
	"character_slot1_0xb5":  { "File": "character_mighty.bmp", "Rect": "243,617,26,47", "Center": "11,26" },
	"character_slot1_0xb6":  { "File": "character_mighty.bmp", "Rect": "289,624,35,40", "Center": "22,20" },
	"character_slot1_0xb7":  { "File": "character_mighty.bmp", "Rect": "348,624,30,40", "Center": "17,20" },
	"character_slot1_0xb8":  { "File": "character_mighty.bmp", "Rect": "402,624,34,40", "Center": "21,20" },
	"character_slot1_0xb9":  { "File": "character_mighty.bmp", "Rect": "462,624,28,40", "Center": "15,20" },
	"character_slot1_0xba":  { "File": "character_mighty.bmp", "Rect": "516,624,32,40", "Center": "16,20" },
	"character_slot1_0xbb":  { "File": "character_mighty.bmp", "Rect": "572,624,32,40", "Center": "18,19" },
	"character_slot1_0xbc":  { "File": "character_mighty.bmp", "Rect": "628,624,32,40", "Center": "18,20" },
	"character_slot1_0xbd":  { "File": "character_mighty.bmp", "Rect": "684,624,32,40", "Center": "17,20" },
	"character_slot1_0xbe":  { "File": "character_mighty.bmp", "Rect": "740,624,32,40", "Center": "17,20" },
	"character_slot1_0xbf":  { "File": "character_mighty.bmp", "Rect": "796,624,32,40", "Center": "18,20" },
	"character_slot1_0xc0":  { "File": "character_mighty.bmp", "Rect": "852,624,32,40", "Center": "18,20" },
	"character_slot1_0xc1":  { "File": "character_mighty.bmp", "Rect": "12,680,32,40", "Center": "13,20" },
	"character_slot1_0xc2":  { "File": "character_mighty.bmp", "Rect": "68,680,32,40", "Center": "13,20" },
	"character_slot1_0xc3":  { "File": "character_mighty.bmp", "Rect": "124,680,32,40", "Center": "19,20" },
	"character_slot1_0xc4":  { "File": "character_mighty.bmp", "Rect": "176,680,40,40", "Center": "27,18" },
	"character_slot1_0xc5":  { "File": "character_mighty.bmp", "Rect": "236,680,32,40", "Center": "19,20" },
	"character_slot1_0xc6":  { "File": "character_mighty.bmp", "Rect": "292,680,32,40", "Center": "18,20" },
	"character_slot1_0xc7":  { "File": "character_mighty.bmp", "Rect": "348,680,32,40", "Center": "19,20" },
	"character_slot1_0xc8":  { "File": "character_mighty.bmp", "Rect": "396,688,48,24", "Center": "29,12" },
	"character_slot1_0xc9":  { "File": "character_mighty.bmp", "Rect": "456,688,40,24", "Center": "20,12" },
	"character_slot1_0xca":  { "File": "character_mighty.bmp", "Rect": "510,688,44,24", "Center": "22,12" },
	"character_slot1_0xcb":  { "File": "character_mighty.bmp", "Rect": "568,688,40,24", "Center": "21,12" },
	"character_slot1_0xcc":  { "File": "character_mighty.bmp", "Rect": "620,688,48,24", "Center": "18,12" },
	"character_slot1_0xcd":  { "File": "character_mighty.bmp", "Rect": "680,688,40,24", "Center": "22,12" },
	"character_slot1_0xce":  { "File": "character_mighty.bmp", "Rect": "738,688,36,24", "Center": "18,12" },
	"character_slot1_0xcf":  { "File": "character_mighty.bmp", "Rect": "792,688,40,24", "Center": "17,12" },
	"character_slot1_0xd0":  { "File": "character_mighty.bmp", "Rect": "848,684,40,32", "Center": "20,8" },
	"character_slot1_0xd1":  { "File": "character_mighty.bmp", "Rect": "8,740,40,32", "Center": "20,8" },
	"character_slot1_0xd2":  { "File": "character_mighty.bmp", "Rect": "72,740,24,32", "Center": "12,16" },
	"character_slot1_0xd3":  { "File": "character_mighty.bmp", "Rect": "124,732,32,48", "Center": "13,24" },
	"character_slot1_0xd4":  { "File": "character_mighty.bmp", "Rect": "180,732,32,48", "Center": "16,24" },
	"character_slot1_0xd5":  { "File": "character_mighty.bmp", "Rect": "236,732,32,48", "Center": "16,24" },
	"character_slot1_0xd6":  { "File": "character_mighty.bmp", "Rect": "292,732,32,48", "Center": "16,24" },
	"character_slot1_0xd7":  { "File": "character_mighty.bmp", "Rect": "344,740,40,32", "Center": "24,12" },
	"character_slot1_0xd8":  { "File": "character_mighty.bmp", "Rect": "400,740,40,32", "Center": "24,12" },
	"character_slot1_0xd9":  { "File": "character_mighty.bmp", "Rect": "456,736,40,40", "Center": "26,20" },
	"character_slot1_0xda":  { "File": "character_mighty.bmp", "Rect": "516,736,32,40", "Center": "16,20" },
	"character_slot1_0xdb":  { "File": "character_mighty.bmp", "Rect": "572,736,32,40", "Center": "16,20" },
	"character_slot1_0xdc":  { "File": "character_mighty.bmp", "Rect": "628,736,32,40", "Center": "16,20" },
	"character_slot1_0xdd":  { "File": "character_mighty.bmp", "Rect": "684,736,32,40", "Center": "16,20" },
	"character_slot1_0xde":  { "File": "character_mighty.bmp", "Rect": "740,736,32,40", "Center": "16,20" },
	"character_slot1_0xdf":  { "File": "character_mighty.bmp", "Rect": "796,736,32,40", "Center": "16,20" },
	"character_slot1_0xe0":  { "File": "character_mighty.bmp", "Rect": "856,740,24,32", "Center": "12,16" },
	"character_slot1_0xe1":  { "File": "character_mighty.bmp", "Rect": "16,792,24,40", "Center": "12,20" },
	"character_slot1_0xe2":  { "File": "character_mighty.bmp", "Rect": "68,792,32,40", "Center": "16,20" },
	"character_slot1_0xe3":  { "File": "character_mighty.bmp", "Rect": "120,788,40,48", "Center": "20,24" },
	"character_slot1_0xe4":  { "File": "character_mighty.bmp", "Rect": "180,788,32,52", "Center": "16,24" },
	"character_slot1_0xe5":  { "File": "character_mighty.bmp", "Rect": "239,789,32,52", "Center": "14,24" },
	"character_slot1_0xe6":  { "File": "character_mighty.bmp", "Rect": "292,788,32,52", "Center": "14,24" },
	"character_slot1_0xe7":  { "File": "character_mighty.bmp", "Rect": "352,787,24,53", "Center": "12,25" },
	"character_slot1_0xe8":  { "File": "character_mighty.bmp", "Rect": "406,790,26,52", "Center": "13,24" },
	"character_slot1_0xe9":  { "File": "character_mighty.bmp", "Rect": "462,790,22,52", "Center": "11,24" },
	"character_slot1_0xea":  { "File": "character_mighty.bmp", "Rect": "518,789,25,55", "Center": "12,25" },
	"character_slot1_0xeb":  { "File": "character_mighty.bmp", "Rect": "568,788,40,48", "Center": "20,24" },
	"character_slot1_0xec":  { "File": "character_mighty.bmp", "Rect": "620,792,48,40", "Center": "24,20" },
	"character_slot1_0xed":  { "File": "character_mighty.bmp", "Rect": "684,788,32,48", "Center": "16,24" },
	"character_slot1_0xee":  { "File": "character_mighty.bmp", "Rect": "732,792,48,40", "Center": "24,20" },
	"character_slot1_0xef":  { "File": "character_mighty.bmp", "Rect": "796,792,32,40", "Center": "16,20" },
	"character_slot1_0xf0":  { "File": "character_mighty.bmp", "Rect": "852,792,32,40", "Center": "16,20" },
	"character_slot1_0xf1":  { "File": "character_mighty.bmp", "Rect": "16,848,24,40", "Center": "12,20" },
	"character_slot1_0xf2":  { "File": "character_mighty.bmp", "Rect": "72,848,24,40", "Center": "12,20" },
	"character_slot1_0xf3":  { "File": "character_mighty.bmp", "Rect": "128,848,24,40", "Center": "12,20" },
	"character_slot1_0xf4":  { "File": "character_mighty.bmp", "Rect": "180,848,32,40", "Center": "16,20" },
	"character_slot1_0xf5":  { "File": "character_mighty.bmp", "Rect": "236,848,32,40", "Center": "16,20" },
	"character_slot1_0xf6":  { "File": "character_mighty.bmp", "Rect": "292,848,32,40", "Center": "16,20" },
	"character_slot1_0xf7":  { "File": "character_mighty.bmp", "Rect": "352,848,24,40", "Center": "12,20" },
	"character_slot1_0xf8":  { "File": "character_mighty.bmp", "Rect": "408,848,24,40", "Center": "12,20" },
	"character_slot1_0xf9":  { "File": "character_mighty.bmp", "Rect": "464,848,24,40", "Center": "12,20" },
	"character_slot1_0xfa":  { "File": "character_mighty.bmp", "Rect": "516,848,32,40", "Center": "16,20" },
	"slot1_dropdash_0":  { "File": "character_mighty.bmp", "Rect": "447,0,32,64", "Center": "16,32" },
	"slot1_dropdash_1":  { "File": "character_mighty.bmp", "Rect": "480,0,32,64", "Center": "17,32" },
	"mighty_fastrun_0":  { "File": "character_mighty.bmp", "Rect": "235,123,40,40", "Center": "20,17" },
	"mighty_fastrun_1":  { "File": "character_mighty.bmp", "Rect": "275,123,40,40", "Center": "20,17" },
	"mighty_fastrun_2":  { "File": "character_mighty.bmp", "Rect": "315,123,40,40", "Center": "20,17" },
	"mighty_fastrun_3":  { "File": "character_mighty.bmp", "Rect": "355,123,40,40", "Center": "20,16" },
	"mighty_fly_0":  { "File": "character_mighty.bmp", "Rect": "416,124,40,40", "Center": "20,15" },
	"mighty_fly_1":  { "File": "character_mighty.bmp", "Rect": "472,124,40,40", "Center": "20,18" },
	"mighty_windup_0":  { "File": "character_mighty.bmp", "Rect": "130,69,36,26", "Center": "18,15" },
	"mighty_windup_1":  { "File": "character_mighty.bmp", "Rect": "177,69,39,19", "Center": "20,15" },
	"mighty_windup_2":  { "File": "character_mighty.bmp", "Rect": "226,68,39,16", "Center": "20,15" },
	"mighty_windup_3":  { "File": "character_mighty.bmp", "Rect": "277,68,38,39", "Center": "19,20" },
	"mighty_drop_0":  { "File": "character_mighty.bmp", "Rect": "333,67,22,36", "Center": "11,20" },
	"mighty_drop_1":  { "File": "character_mighty.bmp", "Rect": "382,67,22,36", "Center": "11,20" },
	"mighty_drop_2":  { "File": "character_mighty.bmp", "Rect": "430,68,24,34", "Center": "12,19" },
	"mighty_drop_3":  { "File": "character_mighty.bmp", "Rect": "479,68,24,34", "Center": "12,19" },
	"mighty_uncurl_0":  { "File": "character_mighty.bmp", "Rect": "545,122,26,33", "Center": "13,15" },
	"mighty_uncurl_1":  { "File": "character_mighty.bmp", "Rect": "593,119,29,38", "Center": "14,19" },
	"mighty_uncurl_2":  { "File": "character_mighty.bmp", "Rect": "636,116,37,50", "Center": "18,21" },
	"mighty_bounced_0":  { "File": "character_mighty.bmp", "Rect": "685,116,37,47", "Center": "18,21" },
	"mighty_bounced_1":  { "File": "character_mighty.bmp", "Rect": "734,117,37,46", "Center": "18,20" },
	"mighty_wallLatchLeft":  { "File": "character_mighty.bmp", "Rect": "70,70,31,31", "Center": "21,16" },
	"mighty_wallLatch":  { "File": "character_mighty.bmp", "Rect": "70,70,31,31", "Center": "20,16" },
	"character_slot1_S3_0x01":  { "File": "S3_character_mighty.bmp", "Rect": "8,4,40,44", "Center": "20,24" },
	"character_slot1_S3_0x02":  { "File": "S3_character_mighty.bmp", "Rect": "64,4,40,44", "Center": "20,23" },
	"character_slot1_S3_0x03":  { "File": "S3_character_mighty.bmp", "Rect": "124,4,36,44", "Center": "20,22" },
	"character_slot1_S3_0x04":  { "File": "S3_character_mighty.bmp", "Rect": "180,4,32,44", "Center": "18,23" },
	"character_slot1_S3_0x05":  { "File": "S3_character_mighty.bmp", "Rect": "232,4,40,44", "Center": "18,24" },
	"character_slot1_S3_0x06":  { "File": "S3_character_mighty.bmp", "Rect": "288,8,40,40", "Center": "19,20" },
	"character_slot1_S3_0x07":  { "File": "S3_character_mighty.bmp", "Rect": "348,4,36,44", "Center": "19,22" },
	"character_slot1_S3_0x08":  { "File": "S3_character_mighty.bmp", "Rect": "404,8,36,40", "Center": "20,20" },
	"character_slot1_S3_0x09":  { "File": "S3_character_mighty.bmp", "Rect": "456,4,40,48", "Center": "21,19" },
	"character_slot1_S3_0x0a":  { "File": "S3_character_mighty.bmp", "Rect": "508,8,48,40", "Center": "20,14" },
	"character_slot1_S3_0x0b":  { "File": "S3_character_mighty.bmp", "Rect": "568,8,40,40", "Center": "19,21" },
	"character_slot1_S3_0x0c":  { "File": "S3_character_mighty.bmp", "Rect": "620,8,48,40", "Center": "20,19" },
	"character_slot1_S3_0x0d":  { "File": "S3_character_mighty.bmp", "Rect": "680,4,40,48", "Center": "20,18" },
	"character_slot1_S3_0x0e":  { "File": "S3_character_mighty.bmp", "Rect": "732,4,48,48", "Center": "21,20" },
	"character_slot1_S3_0x0f":  { "File": "S3_character_mighty.bmp", "Rect": "792,8,40,40", "Center": "22,17" },
	"character_slot1_S3_0x10":  { "File": "S3_character_mighty.bmp", "Rect": "848,8,40,40", "Center": "20,18" },
	"character_slot1_S3_0x11":  { "File": "S3_character_mighty.bmp", "Rect": "8,64,40,40", "Center": "20,19" },
	"character_slot1_S3_0x12":  { "File": "S3_character_mighty.bmp", "Rect": "64,64,40,40", "Center": "20,19" },
	"character_slot1_S3_0x13":  { "File": "S3_character_mighty.bmp", "Rect": "120,68,40,32", "Center": "20,11" },
	"character_slot1_S3_0x14":  { "File": "S3_character_mighty.bmp", "Rect": "176,68,40,32", "Center": "20,13" },
	"character_slot1_S3_0x15":  { "File": "S3_character_mighty.bmp", "Rect": "232,64,40,40", "Center": "20,21" },
	"character_slot1_S3_0x16":  { "File": "S3_character_mighty.bmp", "Rect": "288,64,40,40", "Center": "20,20" },
	"character_slot1_S3_0x17":  { "File": "S3_character_mighty.bmp", "Rect": "344,68,40,32", "Center": "20,11" },
	"character_slot1_S3_0x18":  { "File": "S3_character_mighty.bmp", "Rect": "400,68,40,32", "Center": "20,11" },
	"character_slot1_S3_0x19":  { "File": "S3_character_mighty.bmp", "Rect": "452,64,48,40", "Center": "18,17" },
	"character_slot1_S3_0x1a":  { "File": "S3_character_mighty.bmp", "Rect": "512,60,40,48", "Center": "16,25" },
	"character_slot1_S3_0x1b":  { "File": "S3_character_mighty.bmp", "Rect": "568,64,40,40", "Center": "19,17" },
	"character_slot1_S3_0x1c":  { "File": "S3_character_mighty.bmp", "Rect": "624,60,40,48", "Center": "16,25" },
	"character_slot1_S3_0x1d":  { "File": "S3_character_mighty.bmp", "Rect": "676,64,48,40", "Center": "17,18" },
	"character_slot1_S3_0x1e":  { "File": "S3_character_mighty.bmp", "Rect": "732,60,48,48", "Center": "17,24" },
	"character_slot1_S3_0x1f":  { "File": "S3_character_mighty.bmp", "Rect": "792,64,40,40", "Center": "18,18" },
	"character_slot1_S3_0x20":  { "File": "S3_character_mighty.bmp", "Rect": "848,64,40,40", "Center": "18,18" },
	"character_slot1_S3_0x21":  { "File": "S3_character_mighty.bmp", "Rect": "12,120,36,40", "Center": "16,20" },
	"character_slot1_S3_0x22":  { "File": "S3_character_mighty.bmp", "Rect": "68,120,36,40", "Center": "16,20" },
	"character_slot1_S3_0x23":  { "File": "S3_character_mighty.bmp", "Rect": "124,120,36,40", "Center": "16,20" },
	"character_slot1_S3_0x24":  { "File": "S3_character_mighty.bmp", "Rect": "180,120,36,40", "Center": "16,20" },
	"character_slot1_S3_0x25":  { "File": "S3_character_mighty.bmp", "Rect": "232,120,40,40", "Center": "19,17" },
	"character_slot1_S3_0x26":  { "File": "S3_character_mighty.bmp", "Rect": "292,120,32,40", "Center": "16,18" },
	"character_slot1_S3_0x27":  { "File": "S3_character_mighty.bmp", "Rect": "344,120,40,40", "Center": "19,17" },
	"character_slot1_S3_0x28":  { "File": "S3_character_mighty.bmp", "Rect": "404,120,32,40", "Center": "16,18" },
	"character_slot1_S3_0x29":  { "File": "S3_character_mighty.bmp", "Rect": "456,124,40,32", "Center": "20,16" },
	"character_slot1_S3_0x2a":  { "File": "S3_character_mighty.bmp", "Rect": "512,124,40,32", "Center": "20,16" },
	"character_slot1_S3_0x2b":  { "File": "S3_character_mighty.bmp", "Rect": "568,124,40,32", "Center": "20,16" },
	"character_slot1_S3_0x2c":  { "File": "S3_character_mighty.bmp", "Rect": "624,124,40,32", "Center": "20,16" },
	"character_slot1_S3_0x2d":  { "File": "S3_character_mighty.bmp", "Rect": "680,120,40,40", "Center": "18,22" },
	"character_slot1_S3_0x2e":  { "File": "S3_character_mighty.bmp", "Rect": "736,124,40,32", "Center": "19,17" },
	"character_slot1_S3_0x2f":  { "File": "S3_character_mighty.bmp", "Rect": "792,120,40,40", "Center": "18,22" },
	"character_slot1_S3_0x30":  { "File": "S3_character_mighty.bmp", "Rect": "848,124,40,32", "Center": "19,17" },
	"character_slot1_S3_0x31":  { "File": "S3_character_mighty.bmp", "Rect": "12,176,32,40", "Center": "14,20" },
	"character_slot1_S3_0x32":  { "File": "S3_character_mighty.bmp", "Rect": "68,176,32,40", "Center": "13,22" },
	"character_slot1_S3_0x33":  { "File": "S3_character_mighty.bmp", "Rect": "124,180,32,32", "Center": "15,16" },
	"character_slot1_S3_0x34":  { "File": "S3_character_mighty.bmp", "Rect": "180,180,32,32", "Center": "15,17" },
	"character_slot1_S3_0x35":  { "File": "S3_character_mighty.bmp", "Rect": "236,180,32,32", "Center": "12,17" },
	"character_slot1_S3_0x36":  { "File": "S3_character_mighty.bmp", "Rect": "292,176,32,40", "Center": "15,22" },
	"character_slot1_S3_0x37":  { "File": "S3_character_mighty.bmp", "Rect": "348,176,32,40", "Center": "16,20" },
	"character_slot1_S3_0x38":  { "File": "S3_character_mighty.bmp", "Rect": "408,176,24,40", "Center": "12,18" },
	"character_slot1_S3_0x39":  { "File": "S3_character_mighty.bmp", "Rect": "460,180,32,32", "Center": "16,18" },
	"character_slot1_S3_0x3a":  { "File": "S3_character_mighty.bmp", "Rect": "516,180,32,32", "Center": "19,16" },
	"character_slot1_S3_0x3b":  { "File": "S3_character_mighty.bmp", "Rect": "576,176,24,40", "Center": "12,20" },
	"character_slot1_S3_0x3c":  { "File": "S3_character_mighty.bmp", "Rect": "632,176,24,40", "Center": "12,20" },
	"character_slot1_S3_0x3d":  { "File": "S3_character_mighty.bmp", "Rect": "688,172,24,48", "Center": "14,26" },
	"character_slot1_S3_0x3e":  { "File": "S3_character_mighty.bmp", "Rect": "744,180,24,32", "Center": "13,16" },
	"character_slot1_S3_0x3f":  { "File": "S3_character_mighty.bmp", "Rect": "796,180,32,32", "Center": "17,15" },
	"character_slot1_S3_0x40":  { "File": "S3_character_mighty.bmp", "Rect": "852,180,32,32", "Center": "16,14" },
	"character_slot1_S3_0x41":  { "File": "S3_character_mighty.bmp", "Rect": "12,232,32,40", "Center": "16,17" },
	"character_slot1_S3_0x42":  { "File": "S3_character_mighty.bmp", "Rect": "68,232,32,40", "Center": "16,20" },
	"character_slot1_S3_0x43":  { "File": "S3_character_mighty.bmp", "Rect": "128,232,24,40", "Center": "11,20" },
	"character_slot1_S3_0x44":  { "File": "S3_character_mighty.bmp", "Rect": "184,236,24,32", "Center": "12,16" },
	"character_slot1_S3_0x45":  { "File": "S3_character_mighty.bmp", "Rect": "236,240,32,24", "Center": "14,10" },
	"character_slot1_S3_0x46":  { "File": "S3_character_mighty.bmp", "Rect": "296,236,24,32", "Center": "13,13" },
	"character_slot1_S3_0x47":  { "File": "S3_character_mighty.bmp", "Rect": "352,232,24,40", "Center": "13,21" },
	"character_slot1_S3_0x48":  { "File": "S3_character_mighty.bmp", "Rect": "404,232,32,40", "Center": "16,20" },
	"character_slot1_S3_0x49":  { "File": "S3_character_mighty.bmp", "Rect": "456,232,40,40", "Center": "20,24" },
	"character_slot1_S3_0x4a":  { "File": "S3_character_mighty.bmp", "Rect": "516,228,32,48", "Center": "14,22" },
	"character_slot1_S3_0x4b":  { "File": "S3_character_mighty.bmp", "Rect": "572,236,32,32", "Center": "16,21" },
	"character_slot1_S3_0x4c":  { "File": "S3_character_mighty.bmp", "Rect": "628,236,32,32", "Center": "13,15" },
	"character_slot1_S3_0x4d":  { "File": "S3_character_mighty.bmp", "Rect": "684,236,32,32", "Center": "13,18" },
	"character_slot1_S3_0x4e":  { "File": "S3_character_mighty.bmp", "Rect": "740,236,32,32", "Center": "18,14" },
	"character_slot1_S3_0x4f":  { "File": "S3_character_mighty.bmp", "Rect": "792,232,40,40", "Center": "22,22" },
	"character_slot1_S3_0x50":  { "File": "S3_character_mighty.bmp", "Rect": "848,232,40,40", "Center": "21,20" },
	"character_slot1_S3_0x51":  { "File": "S3_character_mighty.bmp", "Rect": "12,292,32,32", "Center": "17,19" },
	"character_slot1_S3_0x52":  { "File": "S3_character_mighty.bmp", "Rect": "68,292,32,32", "Center": "14,17" },
	"character_slot1_S3_0x53":  { "File": "S3_character_mighty.bmp", "Rect": "120,292,40,32", "Center": "24,19" },
	"character_slot1_S3_0x54":  { "File": "S3_character_mighty.bmp", "Rect": "176,292,40,32", "Center": "17,16" },
	"character_slot1_S3_0x55":  { "File": "S3_character_mighty.bmp", "Rect": "236,288,32,40", "Center": "16,20" },
	"character_slot1_S3_0x56":  { "File": "S3_character_mighty.bmp", "Rect": "292,288,32,40", "Center": "17,20" },
	"character_slot1_S3_0x57":  { "File": "S3_character_mighty.bmp", "Rect": "348,288,32,40", "Center": "16,20" },
	"character_slot1_S3_0x58":  { "File": "S3_character_mighty.bmp", "Rect": "408,288,24,40", "Center": "13,20" },
	"character_slot1_S3_0x59":  { "File": "S3_character_mighty.bmp", "Rect": "460,288,32,40", "Center": "17,20" },
	"character_slot1_S3_0x5a":  { "File": "S3_character_mighty.bmp", "Rect": "516,288,32,40", "Center": "18,20" },
	"character_slot1_S3_0x5b":  { "File": "S3_character_mighty.bmp", "Rect": "576,288,24,40", "Center": "13,20" },
	"character_slot1_S3_0x5c":  { "File": "S3_character_mighty.bmp", "Rect": "620,296,48,24", "Center": "20,11" },
	"character_slot1_S3_0x5d":  { "File": "S3_character_mighty.bmp", "Rect": "684,296,32,24", "Center": "4,12" },
	"character_slot1_S3_0x5e":  { "File": "S3_character_mighty.bmp", "Rect": "736,296,40,24", "Center": "30,12" },
	"character_slot1_S3_0x5f":  { "File": "S3_character_mighty.bmp", "Rect": "788,296,48,24", "Center": "27,11" },
	"character_slot1_S3_0x60":  { "File": "S3_character_mighty.bmp", "Rect": "852,296,32,24", "Center": "10,12" },
	"character_slot1_S3_0x61":  { "File": "S3_character_mighty.bmp", "Rect": "8,352,40,24", "Center": "38,12" },
	"character_slot1_S3_0x62":  { "File": "S3_character_mighty.bmp", "Rect": "64,348,40,32", "Center": "20,16" },
	"character_slot1_S3_0x63":  { "File": "S3_character_mighty.bmp", "Rect": "128,340,24,48", "Center": "11,24" },
	"character_slot1_S3_0x64":  { "File": "S3_character_mighty.bmp", "Rect": "184,348,24,32", "Center": "13,15" },
	"character_slot1_S3_0x65":  { "File": "S3_character_mighty.bmp", "Rect": "240,344,24,40", "Center": "12,21" },
	"character_slot1_S3_0x66":  { "File": "S3_character_mighty.bmp", "Rect": "296,340,24,48", "Center": "12,24" },
	"character_slot1_S3_0x67":  { "File": "S3_character_mighty.bmp", "Rect": "352,348,24,32", "Center": "14,16" },
	"character_slot1_S3_0x68":  { "File": "S3_character_mighty.bmp", "Rect": "408,344,24,40", "Center": "14,24" },
	"character_slot1_S3_0x69":  { "File": "S3_character_mighty.bmp", "Rect": "460,344,32,40", "Center": "16,20" },
	"character_slot1_S3_0x6a":  { "File": "S3_character_mighty.bmp", "Rect": "516,344,32,40", "Center": "16,20" },
	"character_slot1_S3_0x6b":  { "File": "S3_character_mighty.bmp", "Rect": "572,348,32,32", "Center": "21,20" },
	"character_slot1_S3_0x6c":  { "File": "S3_character_mighty.bmp", "Rect": "624,348,40,32", "Center": "18,15" },
	"character_slot1_S3_0x6d":  { "File": "S3_character_mighty.bmp", "Rect": "680,348,40,32", "Center": "20,14" },
	"character_slot1_S3_0x6e":  { "File": "S3_character_mighty.bmp", "Rect": "736,352,40,24", "Center": "22,10" },
	"character_slot1_S3_0x6f":  { "File": "S3_character_mighty.bmp", "Rect": "796,348,32,32", "Center": "14,14" },
	"character_slot1_S3_0x70":  { "File": "S3_character_mighty.bmp", "Rect": "852,348,32,32", "Center": "16,11" },
	"character_slot1_S3_0x71":  { "File": "S3_character_mighty.bmp", "Rect": "8,408,36,24", "Center": "20,10" },
	"character_slot1_S3_0x72":  { "File": "S3_character_mighty.bmp", "Rect": "64,408,40,24", "Center": "20,10" },
	"character_slot1_S3_0x73":  { "File": "S3_character_mighty.bmp", "Rect": "120,404,40,32", "Center": "20,16" },
	"character_slot1_S3_0x74":  { "File": "S3_character_mighty.bmp", "Rect": "176,404,36,32", "Center": "18,17" },
	"character_slot1_S3_0x75":  { "File": "S3_character_mighty.bmp", "Rect": "240,404,28,32", "Center": "9,15" },
	"character_slot1_S3_0x76":  { "File": "S3_character_mighty.bmp", "Rect": "292,404,32,32", "Center": "12,15" },
	"character_slot1_S3_0x77":  { "File": "S3_character_mighty.bmp", "Rect": "348,408,32,28", "Center": "12,14" },
	"character_slot1_S3_0x78":  { "File": "S3_character_mighty.bmp", "Rect": "400,396,40,48", "Center": "18,25" },
	"character_slot1_S3_0x79":  { "File": "S3_character_mighty.bmp", "Rect": "452,400,48,40", "Center": "31,26" },
	"character_slot1_S3_0x7a":  { "File": "S3_character_mighty.bmp", "Rect": "508,400,48,40", "Center": "26,23" },
	"character_slot1_S3_0x7b":  { "File": "S3_character_mighty.bmp", "Rect": "568,396,40,48", "Center": "27,18" },
	"character_slot1_S3_0x7c":  { "File": "S3_character_mighty.bmp", "Rect": "624,396,40,48", "Center": "23,22" },
	"character_slot1_S3_0x7d":  { "File": "S3_character_mighty.bmp", "Rect": "676,400,48,40", "Center": "20,13" },
	"character_slot1_S3_0x7e":  { "File": "S3_character_mighty.bmp", "Rect": "732,400,48,40", "Center": "23,17" },
	"character_slot1_S3_0x7f":  { "File": "S3_character_mighty.bmp", "Rect": "792,396,40,48", "Center": "13,28" },
	"character_slot1_S3_0x80":  { "File": "S3_character_mighty.bmp", "Rect": "848,396,40,48", "Center": "17,24" },
	"character_slot1_S3_0x81":  { "File": "S3_character_mighty.bmp", "Rect": "12,452,32,48", "Center": "18,24" },
	"character_slot1_S3_0x82":  { "File": "S3_character_mighty.bmp", "Rect": "68,452,32,48", "Center": "20,24" },
	"character_slot1_S3_0x83":  { "File": "S3_character_mighty.bmp", "Rect": "120,452,40,48", "Center": "22,24" },
	"character_slot1_S3_0x84":  { "File": "S3_character_mighty.bmp", "Rect": "180,452,32,48", "Center": "19,24" },
	"character_slot1_S3_0x85":  { "File": "S3_character_mighty.bmp", "Rect": "236,452,32,48", "Center": "17,24" },
	"character_slot1_S3_0x86":  { "File": "S3_character_mighty.bmp", "Rect": "292,460,32,32", "Center": "12,8" },
	"character_slot1_S3_0x87":  { "File": "S3_character_mighty.bmp", "Rect": "348,460,32,32", "Center": "12,8" },
	"character_slot1_S3_0x88":  { "File": "S3_character_mighty.bmp", "Rect": "404,460,32,32", "Center": "12,8" },
	"character_slot1_S3_0x89":  { "File": "S3_character_mighty.bmp", "Rect": "460,460,32,32", "Center": "12,8" },
	"character_slot1_S3_0x8a":  { "File": "S3_character_mighty.bmp", "Rect": "516,460,32,32", "Center": "12,8" },
	"character_slot1_S3_0x8b":  { "File": "S3_character_mighty.bmp", "Rect": "572,460,32,32", "Center": "12,8" },
	"character_slot1_S3_0x8c":  { "File": "S3_character_mighty.bmp", "Rect": "624,460,40,32", "Center": "20,16" },
	"character_slot1_S3_0x8d":  { "File": "S3_character_mighty.bmp", "Rect": "680,460,40,32", "Center": "20,17" },
	"character_slot1_S3_0x8e":  { "File": "S3_character_mighty.bmp", "Rect": "744,452,28,48", "Center": "14,24" },
	"character_slot1_S3_0x8f":  { "File": "S3_character_mighty.bmp", "Rect": "792,460,40,32", "Center": "23,15" },
	"character_slot1_S3_0x90":  { "File": "S3_character_mighty.bmp", "Rect": "852,452,32,48", "Center": "16,24" },
	"character_slot1_S3_0x91":  { "File": "S3_character_mighty.bmp", "Rect": "8,508,40,48", "Center": "16,26" },
	"character_slot1_S3_0x92":  { "File": "S3_character_mighty.bmp", "Rect": "64,512,40,40", "Center": "16,24" },
	"character_slot1_S3_0x93":  { "File": "S3_character_mighty.bmp", "Rect": "124,516,32,32", "Center": "16,24" },
	"character_slot1_S3_0x94":  { "File": "S3_character_mighty.bmp", "Rect": "180,508,32,48", "Center": "14,24" },
	"character_slot1_S3_0x95":  { "File": "S3_character_mighty.bmp", "Rect": "239,508,25,48", "Center": "10,24" },
	"character_slot1_S3_0x96":  { "File": "S3_character_mighty.bmp", "Rect": "292,516,32,32", "Center": "16,16" },
	"character_slot1_S3_0x97":  { "File": "S3_character_mighty.bmp", "Rect": "348,516,32,32", "Center": "16,16" },
	"character_slot1_S3_0x98":  { "File": "S3_character_mighty.bmp", "Rect": "404,516,32,32", "Center": "16,16" },
	"character_slot1_S3_0x99":  { "File": "S3_character_mighty.bmp", "Rect": "460,516,32,32", "Center": "16,16" },
	"character_slot1_S3_0x9a":  { "File": "S3_character_mighty.bmp", "Rect": "516,516,32,32", "Center": "16,16" },
	"character_slot1_S3_0x9b":  { "File": "S3_character_mighty.bmp", "Rect": "576,512,24,40", "Center": "9,20" },
	"character_slot1_S3_0x9c":  { "File": "S3_character_mighty.bmp", "Rect": "628,516,32,32", "Center": "12,12" },
	"character_slot1_S3_0x9d":  { "File": "S3_character_mighty.bmp", "Rect": "676,512,44,40", "Center": "23,21" },
	"character_slot1_S3_0x9e":  { "File": "S3_character_mighty.bmp", "Rect": "732,512,44,40", "Center": "22,21" },
	"character_slot1_S3_0x9f":  { "File": "S3_character_mighty.bmp", "Rect": "788,512,40,40", "Center": "23,22" },
	"character_slot1_S3_0xa0":  { "File": "S3_character_mighty.bmp", "Rect": "852,512,32,40", "Center": "17,20" },
	"character_slot1_S3_0xa1":  { "File": "S3_character_mighty.bmp", "Rect": "4,568,48,40", "Center": "25,20" },
	"character_slot1_S3_0xa2":  { "File": "S3_character_mighty.bmp", "Rect": "64,564,56,48", "Center": "28,27" },
	"character_slot1_S3_0xa3":  { "File": "S3_character_mighty.bmp", "Rect": "120,564,44,48", "Center": "25,28" },
	"character_slot1_S3_0xa4":  { "File": "S3_character_mighty.bmp", "Rect": "176,568,48,40", "Center": "30,20" },
	"character_slot1_S3_0xa5":  { "File": "S3_character_mighty.bmp", "Rect": "232,568,40,40", "Center": "29,20" },
	"character_slot1_S3_0xa6":  { "File": "S3_character_mighty.bmp", "Rect": "288,568,44,40", "Center": "30,19" },
	"character_slot1_S3_0xa7":  { "File": "S3_character_mighty.bmp", "Rect": "344,568,40,44", "Center": "16,20" },
	"character_slot1_S3_0xa8":  { "File": "S3_character_mighty.bmp", "Rect": "400,568,40,44", "Center": "16,20" },
	"character_slot1_S3_0xa9":  { "File": "S3_character_mighty.bmp", "Rect": "456,568,40,44", "Center": "16,20" },
	"character_slot1_S3_0xaa":  { "File": "S3_character_mighty.bmp", "Rect": "504,576,56,24", "Center": "26,12" },
	"character_slot1_S3_0xab":  { "File": "S3_character_mighty.bmp", "Rect": "560,576,56,24", "Center": "26,12" },
	"character_slot1_S3_0xac":  { "File": "S3_character_mighty.bmp", "Rect": "624,568,40,40", "Center": "20,20" },
	"character_slot1_S3_0xad":  { "File": "S3_character_mighty.bmp", "Rect": "684,564,32,44", "Center": "19,24" },
	"character_slot1_S3_0xae":  { "File": "S3_character_mighty.bmp", "Rect": "740,564,32,44", "Center": "19,24" },
	"character_slot1_S3_0xaf":  { "File": "S3_character_mighty.bmp", "Rect": "792,568,40,40", "Center": "27,20" },
	"character_slot1_S3_0xb0":  { "File": "S3_character_mighty.bmp", "Rect": "852,564,32,44", "Center": "19,24" },
	"character_slot1_S3_0xb1":  { "File": "S3_character_mighty.bmp", "Rect": "12,624,32,40", "Center": "15,20" },
	"character_slot1_S3_0xb2":  { "File": "S3_character_mighty.bmp", "Rect": "68,624,32,40", "Center": "15,20" },
	"character_slot1_S3_0xb3":  { "File": "S3_character_mighty.bmp", "Rect": "124,624,32,40", "Center": "15,20" },
	"character_slot1_S3_0xb4":  { "File": "S3_character_mighty.bmp", "Rect": "184,616,24,56", "Center": "11,26" },
	"character_slot1_S3_0xb5":  { "File": "S3_character_mighty.bmp", "Rect": "240,616,24,56", "Center": "11,26" },
	"character_slot1_S3_0xb6":  { "File": "S3_character_mighty.bmp", "Rect": "288,624,36,40", "Center": "23,20" },
	"character_slot1_S3_0xb7":  { "File": "S3_character_mighty.bmp", "Rect": "348,624,28,40", "Center": "15,20" },
	"character_slot1_S3_0xb8":  { "File": "S3_character_mighty.bmp", "Rect": "400,624,36,40", "Center": "23,20" },
	"character_slot1_S3_0xb9":  { "File": "S3_character_mighty.bmp", "Rect": "460,624,28,40", "Center": "15,20" },
	"character_slot1_S3_0xba":  { "File": "S3_character_mighty.bmp", "Rect": "516,624,32,40", "Center": "16,20" },
	"character_slot1_S3_0xbb":  { "File": "S3_character_mighty.bmp", "Rect": "572,624,32,40", "Center": "18,20" },
	"character_slot1_S3_0xbc":  { "File": "S3_character_mighty.bmp", "Rect": "628,624,32,40", "Center": "19,20" },
	"character_slot1_S3_0xbd":  { "File": "S3_character_mighty.bmp", "Rect": "684,624,32,40", "Center": "17,20" },
	"character_slot1_S3_0xbe":  { "File": "S3_character_mighty.bmp", "Rect": "740,624,32,40", "Center": "17,20" },
	"character_slot1_S3_0xbf":  { "File": "S3_character_mighty.bmp", "Rect": "796,624,32,40", "Center": "19,20" },
	"character_slot1_S3_0xc0":  { "File": "S3_character_mighty.bmp", "Rect": "852,624,32,40", "Center": "19,20" },
	"character_slot1_S3_0xc1":  { "File": "S3_character_mighty.bmp", "Rect": "12,680,32,40", "Center": "13,20" },
	"character_slot1_S3_0xc2":  { "File": "S3_character_mighty.bmp", "Rect": "68,680,32,40", "Center": "13,20" },
	"character_slot1_S3_0xc3":  { "File": "S3_character_mighty.bmp", "Rect": "124,680,32,40", "Center": "19,20" },
	"character_slot1_S3_0xc4":  { "File": "S3_character_mighty.bmp", "Rect": "176,676,40,44", "Center": "28,22" },
	"character_slot1_S3_0xc5":  { "File": "S3_character_mighty.bmp", "Rect": "236,680,32,40", "Center": "19,20" },
	"character_slot1_S3_0xc6":  { "File": "S3_character_mighty.bmp", "Rect": "292,680,32,40", "Center": "18,20" },
	"character_slot1_S3_0xc7":  { "File": "S3_character_mighty.bmp", "Rect": "348,680,32,40", "Center": "19,20" },
	"character_slot1_S3_0xc8":  { "File": "S3_character_mighty.bmp", "Rect": "396,688,52,24", "Center": "29,12" },
	"character_slot1_S3_0xc9":  { "File": "S3_character_mighty.bmp", "Rect": "456,688,40,24", "Center": "20,12" },
	"character_slot1_S3_0xca":  { "File": "S3_character_mighty.bmp", "Rect": "516,688,32,24", "Center": "17,12" },
	"character_slot1_S3_0xcb":  { "File": "S3_character_mighty.bmp", "Rect": "568,688,40,24", "Center": "21,12" },
	"character_slot1_S3_0xcc":  { "File": "S3_character_mighty.bmp", "Rect": "616,688,52,24", "Center": "22,12" },
	"character_slot1_S3_0xcd":  { "File": "S3_character_mighty.bmp", "Rect": "680,688,40,24", "Center": "22,12" },
	"character_slot1_S3_0xce":  { "File": "S3_character_mighty.bmp", "Rect": "740,688,32,24", "Center": "17,12" },
	"character_slot1_S3_0xcf":  { "File": "S3_character_mighty.bmp", "Rect": "792,688,40,24", "Center": "17,12" },
	"character_slot1_S3_0xd0":  { "File": "S3_character_mighty.bmp", "Rect": "848,684,40,32", "Center": "20,8" },
	"character_slot1_S3_0xd1":  { "File": "S3_character_mighty.bmp", "Rect": "8,740,40,32", "Center": "20,9" },
	"character_slot1_S3_0xd2":  { "File": "S3_character_mighty.bmp", "Rect": "72,740,24,32", "Center": "12,16" },
	"character_slot1_S3_0xd3":  { "File": "S3_character_mighty.bmp", "Rect": "128,740,24,32", "Center": "12,16" },
	"character_slot1_S3_0xd4":  { "File": "S3_character_mighty.bmp", "Rect": "180,732,32,48", "Center": "16,24" },
	"character_slot1_S3_0xd5":  { "File": "S3_character_mighty.bmp", "Rect": "236,732,32,48", "Center": "14,25" },
	"character_slot1_S3_0xd6":  { "File": "S3_character_mighty.bmp", "Rect": "292,732,32,48", "Center": "16,24" },
	"character_slot1_S3_0xd7":  { "File": "S3_character_mighty.bmp", "Rect": "344,740,40,32", "Center": "24,12" },
	"character_slot1_S3_0xd8":  { "File": "S3_character_mighty.bmp", "Rect": "400,740,40,32", "Center": "24,13" },
	"character_slot1_S3_0xd9":  { "File": "S3_character_mighty.bmp", "Rect": "456,736,40,40", "Center": "27,20" },
	"character_slot1_S3_0xda":  { "File": "S3_character_mighty.bmp", "Rect": "516,736,32,40", "Center": "16,20" },
	"character_slot1_S3_0xdb":  { "File": "S3_character_mighty.bmp", "Rect": "572,736,32,40", "Center": "16,20" },
	"character_slot1_S3_0xdc":  { "File": "S3_character_mighty.bmp", "Rect": "628,736,32,40", "Center": "16,20" },
	"character_slot1_S3_0xdd":  { "File": "S3_character_mighty.bmp", "Rect": "684,736,32,40", "Center": "16,20" },
	"character_slot1_S3_0xde":  { "File": "S3_character_mighty.bmp", "Rect": "740,736,32,40", "Center": "16,20" },
	"character_slot1_S3_0xdf":  { "File": "S3_character_mighty.bmp", "Rect": "796,736,32,40", "Center": "16,20" },
	"character_slot1_S3_0xe0":  { "File": "S3_character_mighty.bmp", "Rect": "856,740,24,32", "Center": "12,16" },
	"character_slot1_S3_0xe1":  { "File": "S3_character_mighty.bmp", "Rect": "16,792,24,40", "Center": "12,20" },
	"character_slot1_S3_0xe2":  { "File": "S3_character_mighty.bmp", "Rect": "68,792,32,40", "Center": "16,20" },
	"character_slot1_S3_0xe3":  { "File": "S3_character_mighty.bmp", "Rect": "120,788,40,48", "Center": "20,24" },
	"character_slot1_S3_0xe4":  { "File": "S3_character_mighty.bmp", "Rect": "180,788,32,48", "Center": "16,24" },
	"character_slot1_S3_0xe5":  { "File": "S3_character_mighty.bmp", "Rect": "236,788,32,48", "Center": "16,24" },
	"character_slot1_S3_0xe6":  { "File": "S3_character_mighty.bmp", "Rect": "292,788,32,48", "Center": "16,24" },
	"character_slot1_S3_0xe7":  { "File": "S3_character_mighty.bmp", "Rect": "352,788,24,48", "Center": "12,24" },
	"character_slot1_S3_0xe8":  { "File": "S3_character_mighty.bmp", "Rect": "404,788,32,48", "Center": "16,24" },
	"character_slot1_S3_0xe9":  { "File": "S3_character_mighty.bmp", "Rect": "460,788,32,48", "Center": "16,24" },
	"character_slot1_S3_0xea":  { "File": "S3_character_mighty.bmp", "Rect": "520,788,24,48", "Center": "12,24" },
	"character_slot1_S3_0xeb":  { "File": "S3_character_mighty.bmp", "Rect": "568,788,40,48", "Center": "20,24" },
	"character_slot1_S3_0xec":  { "File": "S3_character_mighty.bmp", "Rect": "620,792,48,40", "Center": "24,20" },
	"character_slot1_S3_0xed":  { "File": "S3_character_mighty.bmp", "Rect": "684,788,32,48", "Center": "16,24" },
	"character_slot1_S3_0xee":  { "File": "S3_character_mighty.bmp", "Rect": "732,792,48,40", "Center": "24,20" },
	"character_slot1_S3_0xef":  { "File": "S3_character_mighty.bmp", "Rect": "796,792,32,40", "Center": "16,20" },
	"character_slot1_S3_0xf0":  { "File": "S3_character_mighty.bmp", "Rect": "852,792,32,40", "Center": "16,20" },
	"character_slot1_S3_0xf1":  { "File": "S3_character_mighty.bmp", "Rect": "16,848,24,40", "Center": "12,20" },
	"character_slot1_S3_0xf2":  { "File": "S3_character_mighty.bmp", "Rect": "72,848,24,40", "Center": "12,20" },
	"character_slot1_S3_0xf3":  { "File": "S3_character_mighty.bmp", "Rect": "128,848,24,40", "Center": "12,20" },
	"character_slot1_S3_0xf4":  { "File": "S3_character_mighty.bmp", "Rect": "180,848,32,40", "Center": "16,20" },
	"character_slot1_S3_0xf5":  { "File": "S3_character_mighty.bmp", "Rect": "232,848,36,40", "Center": "20,20" },
	"character_slot1_S3_0xf6":  { "File": "S3_character_mighty.bmp", "Rect": "292,848,32,40", "Center": "16,20" },
	"character_slot1_S3_0xf7":  { "File": "S3_character_mighty.bmp", "Rect": "352,848,24,40", "Center": "12,20" },
	"character_slot1_S3_0xf8":  { "File": "S3_character_mighty.bmp", "Rect": "408,848,24,40", "Center": "12,20" },
	"character_slot1_S3_0xf9":  { "File": "S3_character_mighty.bmp", "Rect": "464,848,24,40", "Center": "12,20" },
	"character_slot1_S3_0xfa":  { "File": "S3_character_mighty.bmp", "Rect": "516,848,32,40", "Center": "16,20" },
	"S3_mighty_fastrun_0":  { "File": "S3_character_mighty.bmp", "Rect": "228,124,48,32", "Center": "24,12" },
	"S3_mighty_fastrun_1":  { "File": "S3_character_mighty.bmp", "Rect": "284,124,48,32", "Center": "24,12" },
	"S3_mighty_fastrun_2":  { "File": "S3_character_mighty.bmp", "Rect": "340,124,48,32", "Center": "24,12" },
	"S3_mighty_fastrun_3":  { "File": "S3_character_mighty.bmp", "Rect": "396,124,48,32", "Center": "24,12" },
	"S3_mighty_fly_0":  { "File": "S3_character_mighty.bmp", "Rect": "60,68,48,32", "Center": "24,12" },
	"S3_mighty_fly_1":  { "File": "S3_character_mighty.bmp", "Rect": "120,68,48,32", "Center": "24,12" },
	"S3_mighty_windup_0":  { "File": "S3_character_mighty.bmp", "Rect": "456,16,40,24", "Center": "20,12" },
	"S3_mighty_windup_1":  { "File": "S3_character_mighty.bmp", "Rect": "456,16,40,24", "Center": "20,12" },
	"S3_mighty_windup_2":  { "File": "S3_character_mighty.bmp", "Rect": "512,8,40,40", "Center": "20,20" },
	"S3_mighty_windup_3":  { "File": "S3_character_mighty.bmp", "Rect": "512,8,40,40", "Center": "20,20" },
	"S3_mighty_drop_0":  { "File": "S3_character_mighty.bmp", "Rect": "576,8,24,40", "Center": "12,20" },
	"S3_mighty_drop_1":  { "File": "S3_character_mighty.bmp", "Rect": "624,8,24,40", "Center": "12,20" },
	"S3_mighty_drop_2":  { "File": "S3_character_mighty.bmp", "Rect": "576,8,24,40", "Center": "12,20" },
	"S3_mighty_drop_3":  { "File": "S3_character_mighty.bmp", "Rect": "624,8,24,40", "Center": "12,20" },
	"S3_mighty_uncurl_0":  { "File": "S3_character_mighty.bmp", "Rect": "184,68,24,32", "Center": "12,16" },
	"S3_mighty_uncurl_1":  { "File": "S3_character_mighty.bmp", "Rect": "184,68,24,32", "Center": "12,16" },
	"S3_mighty_uncurl_2":  { "File": "S3_character_mighty.bmp", "Rect": "184,68,24,32", "Center": "12,16" },
	"S3_mighty_bounced_0":  { "File": "S3_character_mighty.bmp", "Rect": "232,60,40,48", "Center": "20,24" },
	"S3_mighty_bounced_1":  { "File": "S3_character_mighty.bmp", "Rect": "232,60,40,48", "Center": "20,24" },
	"S3_mighty_wallLatchLeft":  { "File": "S3_character_mighty.bmp", "Rect": "12,68,32,32", "Center": "22,16" },
	"S3_mighty_wallLatch":  { "File": "S3_character_mighty.bmp", "Rect": "12,68,32,32", "Center": "21,16" }
}