{
//	"dataSel_character_sonic&tails":  { "File": "dataSel_character_sonic&ray.png", "Rect": "0,0,56,42", "Center": "24,22" },
	"dataSel_slot2":  { "File": "dataSel_character_ray.bmp", "Rect": "0,1,35,39"},
	"dataSel_slot2_Mania":  { "File": "dataSel_character_ray_mania.bmp", "Rect": "0,1,35,39"},
//	"dataSel_character_knuckles&tails":  { "File": "dataSel_character_knuckles&ray.png", "Rect": "0,0,58,42", "Center": "26,22" },
	"dataSel_lifeContinue_slot2":  { "File": "character_ray_misc.bmp", "Rect": "99,76,25,40", "Center": "1,0" },
	"dataSel_lifeContinue_slot2_mania":  { "File": "Rayven.bmp", "Rect": "480,751,25,40", "Center": "1,0" },
	"dataSel_life_slot2":  { "File": "character_ray_misc.bmp", "Rect": "100,76,21,16"},
	"dataSel_life_slot2_Mania":  { "File": "Rayven.bmp", "Rect": "481,751,21,16"},
	"dataSel_lifeContinue_Ray":  { "File": "dataSel_lifeContinue_Ray.png", "Rect": "0,0,25,40", "Center": "5,16" },
	"dataSel_life_Ray":  { "File": "dataSel_lifeContinue_Ray.png", "Rect": "0,0,25,17", "Center": "5,16" }
//	"dataSel_lifeContinue_sonic&tails":  { "File": "dataSel_lifeContinue.png", "Rect": "2,4,24,40", "Center": "0,0" },
//	"dataSel_lifeContinue_knuckles&tails":  { "File": "dataSel_lifeContinue.png", "Rect": "56,4,24,40", "Center": "0,0" },
	// "dataSel_digit_0":  { "File": "dataSel_lifeContinue.png", "Rect": "0,48,8,16", "Center": "0,0" },
	// "dataSel_digit_1":  { "File": "dataSel_lifeContinue.png", "Rect": "8,48,8,16", "Center": "0,0" },
	// "dataSel_digit_2":  { "File": "dataSel_lifeContinue.png", "Rect": "16,48,8,16", "Center": "0,0" },
	// "dataSel_digit_3":  { "File": "dataSel_lifeContinue.png", "Rect": "24,48,8,16", "Center": "0,0" },
	// "dataSel_digit_4":  { "File": "dataSel_lifeContinue.png", "Rect": "32,48,8,16", "Center": "0,0" },
	// "dataSel_digit_5":  { "File": "dataSel_lifeContinue.png", "Rect": "40,48,8,16", "Center": "0,0" },
	// "dataSel_digit_6":  { "File": "dataSel_lifeContinue.png", "Rect": "48,48,8,16", "Center": "0,0" },
	// "dataSel_digit_7":  { "File": "dataSel_lifeContinue.png", "Rect": "56,48,8,16", "Center": "0,0" },
	// "dataSel_digit_8":  { "File": "dataSel_lifeContinue.png", "Rect": "64,48,8,16", "Center": "0,0" },
	// "dataSel_digit_9":  { "File": "dataSel_lifeContinue.png", "Rect": "72,48,8,16", "Center": "0,0" }
}