{
	"hud_lives_icon_S3_Ray":  { "File": "Ray_monitor_icons.bmp", "Rect": "0,0,16,16", "Center": "0,0" },
	"hud_lives_icon_Mania_Ray":  { "File": "Ray_monitor_icons.bmp", "Rect": "16,0,16,16", "Center": "0,0" },
	"hud_lives_name": { "File": "hud_ray.png", "Rect": "16,0,48,16", "Center": "-16,0" },

	"hud_bonus_icon_slot2":  { "File": "Character_Flames.png", "Rect": "0,0,12,19", "Center": "0,0" },
	"SegaSonic_flame":  { "File": "Character_Flames.png", "Rect": "12,0,12,19", "Center": "0,0" },
	"Mania_flame":  { "File": "Character_Flames.png", "Rect": "0,19,12,19", "Center": "0,0" },
	"Acorn_flame":  { "File": "Character_Flames.png", "Rect": "12,19,12,19", "Center": "0,0" },
	"Golden_Delicious_flame":  { "File": "Character_Flames.png", "Rect": "0,38,12,19", "Center": "0,0" },
	"Apricot_flame":  { "File": "Character_Flames.png", "Rect": "12,38,12,19", "Center": "0,0" },
	"Guava_flame":  { "File": "Character_Flames.png", "Rect": "0,57,12,19", "Center": "0,0" },
	"Banana_flame":  { "File": "Character_Flames.png", "Rect": "12,57,12,19", "Center": "0,0" },

	"continue_icon_Ray_S3_0x00":  { "File": "Continue_ray_icons.bmp", "Rect": "0,0,20,25", "Center": "8,24" },
	"continue_icon_Ray_S3_0x01":  { "File": "Continue_ray_icons.bmp", "Rect": "60,0,20,25", "Center": "8,24" },
	"continue_icon_Ray_S3_0x02":  { "File": "Continue_ray_icons.bmp", "Rect": "0,0,20,25", "Center": "8,24" },
	"continue_icon_Ray_S3_0x03":  { "File": "Continue_ray_icons.bmp", "Rect": "60,0,20,25", "Center": "8,24" },

	"continue_icon_Ray_Mania_0x00":  { "File": "Continue_ray_icons.bmp", "Rect": "22,1,16,24", "Center": "8,24" },
	"continue_icon_Ray_Mania_0x01":  { "File": "Continue_ray_icons.bmp", "Rect": "41,1,16,24", "Center": "8,24" },
	"continue_icon_Ray_Mania_0x02":  { "File": "Continue_ray_icons.bmp", "Rect": "22,1,16,24", "Center": "8,24" },
	"continue_icon_Ray_Mania_0x03":  { "File": "Continue_ray_icons.bmp", "Rect": "41,1,16,24", "Center": "8,24" },

	"continue_icon_Ray_S3_alt":  { "File": "Continue_ray_icons.bmp", "Rect": "0,25,20,25", "Center": "8,24" },
	"continue_icon_Ray_Mania_alt":  { "File": "Continue_ray_icons.bmp", "Rect": "22,26,16,24", "Center": "8,24" },

	"ray_results_text":  { "File": "character_ray_misc.bmp", "Rect": "32,24,45,16", "Center": "22,8" }
}