{
	//Mania
	"hud_lives_icon_Mania":  { "File": "MightyAllBMP.bmp", "Rect": "128,0,16,16", "Center": "0,0" },


	"dataSel_slot1":  { "File": "character_mighty.bmp", "Rect": "561,8,25,37"},

	"dataSel_lifeContinue_slot1":  { "File": "character_mighty.bmp", "Rect": "613,13,21,40"},

	"dataSel_life_slot1":  { "File": "character_mighty.bmp", "Rect": "613,13,21,16"},

	"dataSel_life_SegaSonic":  { "File": "Mightys.png", "Rect": "18,16,21,16"},
	"dataSel_life_Chaotix":  { "File": "Mightys.png", "Rect": "90,16,21,16"},
	"dataSel_life_Mania":  { "File": "Mightys.png", "Rect": "161,16,21,16"},
	"dataSel_life_Knuxred":  { "File": "Mightys.png", "Rect": "232,16,21,16"},
	"dataSel_life_BloodOrange":  { "File": "Mightys.png", "Rect": "303,16,21,16"},
	"dataSel_life_Wildberry":  { "File": "Mightys.png", "Rect": "371,16,21,16"},

	"level_select_S3C_Ses":  { "File": "Mightys.png", "Rect": "18,16,16,16"},
	"level_select_S3C_Cha":  { "File": "Mightys.png", "Rect": "90,16,16,16"},
	"level_select_S3C_Man":  { "File": "Mightys.png", "Rect": "161,16,16,16"},
	"level_select_S3C_Knu":  { "File": "Mightys.png", "Rect": "232,16,16,16"},
	"level_select_S3C_BloOr":  { "File": "Mightys.png", "Rect": "303,16,16,16"},
	"level_select_S3C_WildBer":  { "File": "Mightys.png", "Rect": "371,16,16,16"},
	"level_select_S3C_LamCher":  { "File": "Mightys.png", "Rect": "434,16,16,16"},

	// Consistent Grays
	"level_select_S3C_Consist_Ses":  { "File": "Mightys.png", "Rect": "35,16,16,16"},
	"level_select_S3C_Consist_Cha":  { "File": "Mightys.png", "Rect": "107,16,16,16"},
	"level_select_S3C_Consist_Man":  { "File": "Mightys.png", "Rect": "178,16,16,16"},
	"level_select_S3C_Consist_WildBer":  { "File": "Mightys.png", "Rect": "388,16,16,16"},

	// Continue icon for special stages and competition mode
	"Continue_icon_Mania":  { "File": "MightyAllBMP.bmp", "Rect": "16,32,17,24", "Center": "9,23" },

	// Animated continue icon for continue screen
	"Continue_icon_Mania_0x00":  { "File": "MightyAllBMP.bmp", "Rect": "128,80,17,24", "Center": "9,23" },
	"Continue_icon_Mania_0x01":  { "File": "MightyAllBMP.bmp", "Rect": "146,80,17,24", "Center": "9,23" },
	"Continue_icon_Mania_0x02":  { "File": "MightyAllBMP.bmp", "Rect": "128,80,17,24", "Center": "9,23" },
	"Continue_icon_Mania_0x03":  { "File": "MightyAllBMP.bmp", "Rect": "146,80,17,24", "Center": "9,23" },

	// "continue_icon_segasonic":  { "File": "Mightys.png", "Rect": "0,32,17,24", "Center": "9,23" },
	// "continue_icon_chaotix":  { "File": "Mightys.png", "Rect": "72,32,17,24", "Center": "9,23" },
	// "continue_icon_mania":  { "File": "Mightys.png", "Rect": "143,32,17,24", "Center": "9,23" },
	// "continue_icon_knuxred":  { "File": "Mightys.png", "Rect": "214,32,17,24", "Center": "9,23" },
	// "continue_icon_bloodorange":  { "File": "Mightys.png", "Rect": "285,32,17,24", "Center": "9,23" },
	// "continue_icon_wildberry":  { "File": "Mightys.png", "Rect": "353,32,17,24", "Center": "9,23" },
	// "continue_icon_lambertcherry":  { "File": "Mightys.png", "Rect": "416,32,17,24", "Center": "9,23" },

	// "continue_icon_Consistent_segasonic":  { "File": "Mightys.png", "Rect": "21,32,17,24", "Center": "9,23" },
	// "continue_icon_Consistent_chaotix":  { "File": "Mightys.png", "Rect": "93,32,17,24", "Center": "9,23" },
	// "continue_icon_Consistent_mania":  { "File": "Mightys.png", "Rect": "165,32,17,24", "Center": "9,23" },
	// "continue_icon_Consistent_wildberry":  { "File": "Mightys.png", "Rect": "330,32,17,24", "Center": "9,23" },

	"MightyMini":  { "File": "character_mighty.bmp", "Rect": "533,19,12,20", "Center": "6,12" },

	"hud_bonus_icon_SegaSonic":  { "File": "Mightys.png", "Rect": "2,57,12,19", "Center": "0,0" },
	"hud_bonus_icon_Chaotix":  { "File": "Mightys.png", "Rect": "74,57,12,19", "Center": "0,0" },
	"hud_bonus_icon_Mania":  { "File": "Mightys.png", "Rect": "145,57,12,19", "Center": "0,0" },
	"hud_bonus_icon_Knuxred":  { "File": "Mightys.png", "Rect": "216,57,12,19", "Center": "0,0" },
	"hud_bonus_icon_BloodOrange":  { "File": "Mightys.png", "Rect": "287,57,12,19", "Center": "0,0" },
	"hud_bonus_icon_WildBerry":  { "File": "Mightys.png", "Rect": "355,57,12,19", "Center": "0,0" },
	"hud_bonus_icon_LambertCherry":  { "File": "Mightys.png", "Rect": "418,57,12,19", "Center": "0,0" },

	// Monitor Icons
	"monitor_icon":  { "File": "Mighty_monitor_life_icons.bmp", "Rect": "16,0,16,16", "Center": "8,8" },

	"MightyMicro":  { "File": "S3_character_mighty.bmp", "Rect": "746,78,3,5", "Center": "-1,4" },

	//S3

	"hud_lives_icon_S3":  { "File": "MightyAllBMP.bmp", "Rect": "0,0,16,16", "Center": "0,0" },

	"S3_portrait":  { "File": "S3_character_mighty.bmp", "Rect": "774,43,26,38", "Center": "0,1" },

	"dataSel_lifeContinue_Mighty_S3":  { "File": "S3_character_mighty.bmp", "Rect": "819,49,21,40"},

	"level_select_S3C_Ult_S3":  { "File": "Mightys_S3.png", "Rect": "18,16,16,16"},
	"level_select_S3C_Ses_S3":  { "File": "Mightys_S3.png", "Rect": "90,16,16,16"},
	"level_select_S3C_Cha_S3":  { "File": "Mightys_S3.png", "Rect": "161,16,16,16"},
	"level_select_S3C_Man_S3":  { "File": "Mightys_S3.png", "Rect": "231,16,16,16"},
	"level_select_S3C_Knu_S3":  { "File": "Mightys_S3.png", "Rect": "307,16,16,16"},
	"level_select_S3C_BloOr_S3":  { "File": "Mightys_S3.png", "Rect": "383,16,16,16"},
	"level_select_S3C_WildBer_S3":  { "File": "Mightys_S3.png", "Rect": "452,16,16,16"},
	"level_select_S3C_LamCher_S3":  { "File": "Mightys_S3.png", "Rect": "510,16,16,16"},

	// Consistent Grays
	"level_select_S3C_Consist_Ses_S3":  { "File": "Mightys_S3.png", "Rect": "72,16,16,16"},
	"level_select_S3C_Consist_Cha_S3":  { "File": "Mightys_S3.png", "Rect": "143,16,16,16"},
	"level_select_S3C_Consist_Man_S3":  { "File": "Mightys_S3.png", "Rect": "213,16,16,16"},
	"level_select_S3C_Consist_WildBer_S3":  { "File": "Mightys_S3.png", "Rect": "434,16,16,16"},

	"dataSel_life_slot1_S3":  { "File": "S3_character_mighty.bmp", "Rect": "819,49,21,16"},

	"Mini_Mighty_S3":  { "File": "S3_character_mighty.bmp", "Rect": "743,50,13,20", "Center": "7,12" },

	// Continue icon for special stages and competition mode
	"Continue_icon_S3":  { "File": "MightyAllBMP.bmp", "Rect": "0,34,16,22", "Center": "9,23" },

	// Animated continue icon for continue screen
	"Continue_icon_S3_0x00":  { "File": "MightyAllBMP.bmp", "Rect": "180,83,16,21", "Center": "9,23" },
	"Continue_icon_S3_0x01":  { "File": "MightyAllBMP.bmp", "Rect": "197,83,16,21", "Center": "9,23" },
	"Continue_icon_S3_0x02":  { "File": "MightyAllBMP.bmp", "Rect": "180,83,16,21", "Center": "9,23" },
	"Continue_icon_S3_0x03":  { "File": "MightyAllBMP.bmp", "Rect": "197,83,16,21", "Center": "9,23" },
	// "Cont_Ultimate_S3":  { "File": "Mightys_S3.png", "Rect": "1,34,16,22", "Center": "9,23" },
	// "Cont_SegaSonic_S3":  { "File": "Mightys_S3.png", "Rect": "73,34,16,22", "Center": "9,23" },
	// "Cont_Chaotix_S3":  { "File": "Mightys_S3.png", "Rect": "144,34,16,22", "Center": "9,23" },
	// "Cont_Mania_S3":  { "File": "Mightys_S3.png", "Rect": "214,34,16,22", "Center": "9,23" },
	// "Cont_Knuxred_S3":  { "File": "Mightys_S3.png", "Rect": "290,34,16,22", "Center": "9,23" },
	// "Cont_BloodOrange_S3":  { "File": "Mightys_S3.png", "Rect": "366,34,16,22", "Center": "9,23" },
	// "Cont_WildBerry_S3":  { "File": "Mightys_S3.png", "Rect": "435,34,16,22", "Center": "9,23" },
	// "Cont_LambertCherry_S3":  { "File": "Mightys_S3.png", "Rect": "511,34,16,22", "Center": "9,23" },

	// // Consistent grays
	// "Cont_SegaSonic_Consistent_S3":  { "File": "Mightys_S3.png", "Rect": "99,34,16,22", "Center": "9,23" },
	// "Cont_Chaotix_Consistent_S3":  { "File": "Mightys_S3.png", "Rect": "167,34,16,22", "Center": "9,23" },
	// "Cont_Mania_Consistent_S3":  { "File": "Mightys_S3.png", "Rect": "236,34,16,22", "Center": "9,23" },
	// "Cont_WildBerry_Consistent_S3":  { "File": "Mightys_S3.png", "Rect": "412,34,16,22", "Center": "9,23" },

	// Monitor Icons for S3
	"monitor_icon_S3":  { "File": "Mighty_monitor_life_icons.bmp", "Rect": "0,0,16,16", "Center": "8,8" }
}