{
	"level_select_S3C_S3":  { "File": "LevelSelect icons.png", "Rect": "0,0,16,16"},
	"level_select_S3C_S3_Mania":  { "File": "LevelSelect icons.png", "Rect": "16,0,16,16"},

	"level_select_S3C_SegaSonic":  { "File": "LevelSelect icons.png", "Rect": "0,16,16,16"},
	"level_select_S3C_SegaSonic_Mania":  { "File": "LevelSelect icons.png", "Rect": "16,16,16,16"},

	"level_select_S3C_Mania":  { "File": "LevelSelect icons.png", "Rect": "0,32,16,16"},
	"level_select_S3C_Other_Mania":  { "File": "LevelSelect icons.png", "Rect": "16,32,16,16"},

	"level_select_S3C_Acorn":  { "File": "LevelSelect icons.png", "Rect": "0,48,16,16"},
	"level_select_S3C_Acorn_Mania":  { "File": "LevelSelect icons.png", "Rect": "16,48,16,16"},

	"level_select_S3C_Gold_Del":  { "File": "LevelSelect icons.png", "Rect": "0,64,16,16"},
	"level_select_S3C_Gold_Del_Mania":  { "File": "LevelSelect icons.png", "Rect": "16,64,16,16"},

	"level_select_S3C_Apricot":  { "File": "LevelSelect icons.png", "Rect": "0,80,16,16"},
	"level_select_S3C_Apricot_Mania":  { "File": "LevelSelect icons.png", "Rect": "16,80,16,16"},

	"level_select_S3C_Guava":  { "File": "LevelSelect icons.png", "Rect": "0,96,16,16"},
	"level_select_S3C_Guava_Mania":  { "File": "LevelSelect icons.png", "Rect": "16,96,16,16"},

	"level_select_S3C_Banana":  { "File": "LevelSelect icons.png", "Rect": "0,112,16,16"},
	"level_select_S3C_Banana_Mania":  { "File": "LevelSelect icons.png", "Rect": "16,112,16,16"},

	//Grays
	"level_select_S3C_Gray_SegaSonic":  { "File": "LevelSelect icons.png", "Rect": "32,16,16,16"},
	"level_select_S3C_Gray_SegaSonic_Mania":  { "File": "LevelSelect icons.png", "Rect": "48,16,16,16"},

	"level_select_S3C_Gray_Mania":  { "File": "LevelSelect icons.png", "Rect": "32,32,16,16"},
	"level_select_S3C_Gray_Other_Mania":  { "File": "LevelSelect icons.png", "Rect": "48,32,16,16"},

	"level_select_S3C_Gray_Guava":  { "File": "LevelSelect icons.png", "Rect": "32,96,16,16"},
	"level_select_S3C_Gray_Guava_Mania":  { "File": "LevelSelect icons.png", "Rect": "48,96,16,16"}


}