{
	"signpost_slot1_0x00": { "File": "goalplates_mighty.bmp", "Rect": "0,0,48,32", "Center": "24,16" },
	// "signpost_slot1_0x01": { "File": "goalplates_mighty.bmp", "Rect": "48,0,48,32", "Center": "24,16" },
	// "signpost_slot1_0x02": { "File": "goalplates_mighty.bmp", "Rect": "96,0,48,32", "Center": "24,16" },
	// "signpost_slot1_0x03": { "File": "goalplates_mighty.bmp", "Rect": "144,0,48,32", "Center": "24,16" },
	// "signpost_slot1_0x04": { "File": "goalplates_mighty.bmp", "Rect": "200,0,32,32", "Center": "16,16" },
	// "signpost_slot1_0x05": { "File": "goalplates_mighty.bmp", "Rect": "260,0,8,32", "Center": "4,16" },
	// "signpost_slot1_0x06": { "File": "goalplates_mighty.bmp", "Rect": "296,0,32,32", "Center": "16,16" },
	"signpost_slot1_S3_0x00": { "File": "goalplates_mighty.bmp", "Rect": "411,0,48,32", "Center": "24,16" }
}
