{
	"endlogo_char4_0xb1":  { "File": "EndingAmyPlus.bmp", "Rect": "0,0,45,45", "Center": "12,43" },
	"endlogo_char4_0xb2":  { "File": "EndingAmyPlus.bmp", "Rect": "45,0,45,45", "Center": "12,43" },
	"endlogo_char4_0xb3":  { "File": "EndingAmyPlus.bmp", "Rect": "90,0,45,45", "Center": "12,43" },
	"endlogo_char4_0xb4":  { "File": "EndingAmyPlus.bmp", "Rect": "135,0,45,45", "Center": "12,43" },
	"endlogo_char4_0xb5":  { "File": "EndingAmyPlus.bmp", "Rect": "180,0,45,45", "Center": "12,43" },
	"endlogo_char4_0xb6":  { "File": "EndingAmyPlus.bmp", "Rect": "225,0,45,45", "Center": "12,43" },
	"endlogo_char4_0x01":  { "File": "EndingAmyPlus.bmp", "Rect": "270,0,45,45", "Center": "12,43" },
	"endlogo_char4_0x02":  { "File": "EndingAmyPlus.bmp", "Rect": "315,0,45,45", "Center": "12,43" },
	"endlogo_char4_0x03":  { "File": "EndingAmyPlus.bmp", "Rect": "360,0,45,45", "Center": "12,43" },
	"endlogo_char4S3_0xb1":  { "File": "EndingAmyPlusS3.bmp", "Rect": "0,0,45,45", "Center": "12,43" },
	"endlogo_char4S3_0xb2":  { "File": "EndingAmyPlusS3.bmp", "Rect": "45,0,45,45", "Center": "12,43" },
	"endlogo_char4S3_0xb3":  { "File": "EndingAmyPlusS3.bmp", "Rect": "90,0,45,45", "Center": "12,43" },
	"endlogo_char4S3_0xb4":  { "File": "EndingAmyPlusS3.bmp", "Rect": "135,0,45,45", "Center": "12,43" },
	"endlogo_char4S3_0x02":  { "File": "EndingAmyPlusS3.bmp", "Rect": "180,0,45,45", "Center": "12,43" },
	"endlogo_char4S3_0x03":  { "File": "EndingAmyPlusS3.bmp", "Rect": "225,0,45,45", "Center": "12,43" },
	"endlogo_char4Ca22_0xb1":  { "File": "Ca22Idle1.bmp", "Rect": "29,0,27,36", "Center": "12,34" },
	"endlogo_char4Ca22_0xb2":  { "File": "Ca22Idle1.bmp", "Rect": "58,0,27,36", "Center": "12,34" },
	"endlogo_char4Ca22_0xb3":  { "File": "Ca22Idle1.bmp", "Rect": "29,0,27,36", "Center": "12,34" },
	"endlogo_char4Ca22_0xb4":  { "File": "Ca22Idle1.bmp", "Rect": "87,0,27,36", "Center": "12,34" },
	"endlogo_char4Ca22_0x02":  { "File": "Ca22Idle1.bmp", "Rect": "146,0,27,36", "Center": "12,34" },
	"endlogo_char4Ca22_0x03":  { "File": "Ca22Idle1.bmp", "Rect": "176,0,27,36", "Center": "12,34" }
}