{
	"endpose_char4_0x00":  { "File": "endpose_amyplus.bmp", "Rect": "8,8,48,72", "Center": "21,39" },
	"endpose_char4_0x01":  { "File": "endpose_amyplus.bmp", "Rect": "64,8,88,128", "Center": "44,64" },
	"endpose_char4_0x02":  { "File": "endpose_amyplus.bmp", "Rect": "64,8,88,128", "Center": "44,64" },
	"endpose_char4_S3_0x00":  { "File": "endpose_S3.bmp", "Rect": "8,8,48,72", "Center": "21,39" },
	"endpose_char4_S3_0x01":  { "File": "endpose_S3.bmp", "Rect": "64,8,88,128", "Center": "44,64" },
	"endpose_char4_S3_0x02":  { "File": "endpose_S3.bmp", "Rect": "152,8,88,128", "Center": "44,64" },
	"endpose_char4_Ca22_0x00":  { "File": "endpose_amyCa22.bmp", "Rect": "8,8,48,72", "Center": "21,39" },
	"endpose_char4_Ca22_0x01":  { "File": "endpose_amyCa22.bmp", "Rect": "64,8,88,128", "Center": "44,64" },
	"endpose_char4_Ca22_0x02":  { "File": "endpose_amyCa22.bmp", "Rect": "64,8,88,128", "Center": "44,64" }
}