{
	"barrier_water_np_0x00": { "File": "WaterBarrier.bmp", "Rect": "0,0,57,57", "Center": "28,28" },
	"barrier_water_np_0x01": { "File": "WaterBarrier.bmp", "Rect": "0,0,57,57", "Center": "28,28" },
	"barrier_water_np_0x02": { "File": "WaterBarrier.bmp", "Rect": "114,0,57,57", "Center": "28,28" },
	"barrier_water_np_0x03": { "File": "WaterBarrier.bmp", "Rect": "171,0,57,57", "Center": "28,28" },
	"barrier_water_np_0x04": { "File": "WaterBarrier.bmp", "Rect": "228,0,57,57", "Center": "28,28" },
	"barrier_water_np_0x05": { "File": "WaterBarrier.bmp", "Rect": "285,0,57,57", "Center": "28,28" },
	"barrier_water_np_0x06": { "File": "WaterBarrier.bmp", "Rect": "342,0,57,57", "Center": "28,28" },
	"barrier_water_np_0x07": { "File": "WaterBarrier.bmp", "Rect": "399,0,57,57", "Center": "28,28" },
	"barrier_water_np_0x08": { "File": "WaterBarrier.bmp", "Rect": "456,0,57,57", "Center": "28,28" },
	"barrier_water_np_0x09": { "File": "WaterBarrier.bmp", "Rect": "456,0,57,57", "Center": "28,28" },

	"barrier_water_ability_np_0x00": { "File": "WaterBarrierBounce.bmp", "Rect": "0,0,84,84", "Center": "42,42" },
	"barrier_water_ability_np_0x01": { "File": "WaterBarrierBounce.bmp", "Rect": "0,0,84,84", "Center": "42,42" },
	"barrier_water_ability_np_0x02": { "File": "WaterBarrierBounce.bmp", "Rect": "84,0,84,84", "Center": "42,50" },
	"barrier_water_ability_np_0x03": { "File": "WaterBarrierBounce.bmp", "Rect": "168,0,84,84", "Center": "42,60" },
	"barrier_water_ability_np_0x04": { "File": "WaterBarrierBounce.bmp", "Rect": "252,0,84,84", "Center": "42,42" },
	"barrier_water_ability_np_0x05": { "File": "WaterBarrierBounce.bmp", "Rect": "336,0,84,84", "Center": "42,42" },
	"barrier_water_ability_np_0x06": { "File": "WaterBarrierBounce.bmp", "Rect": "420,0,84,84", "Center": "42,42" },
	"barrier_water_ability_np_0x07": { "File": "WaterBarrierBounce.bmp", "Rect": "504,0,84,84", "Center": "42,42" },
	"barrier_water_ability_np_0x08": { "File": "WaterBarrierBounce.bmp", "Rect": "588,0,84,84", "Center": "42,42" },
	"barrier_water_ability_np_0x09": { "File": "WaterBarrierBounce.bmp", "Rect": "672,0,84,84", "Center": "42,42" },
	"barrier_water_ability_np_0x0a": { "File": "WaterBarrierBounce.bmp", "Rect": "756,0,84,84", "Center": "42,42" },
	"barrier_water_ability_np_0x0b": { "File": "WaterBarrierBounce.bmp", "Rect": "756,0,84,84", "Center": "42,42" },

	"barrier_thunder_np_0x00": { "File": "ThunderBarrier.bmp", "Rect": "0,0,60,60", "Center": "30,30" },
	"barrier_thunder_np_0x01": { "File": "ThunderBarrier.bmp", "Rect": "0,0,60,60", "Center": "30,30" },
	"barrier_thunder_np_0x02": { "File": "ThunderBarrier.bmp", "Rect": "60,0,60,60", "Center": "30,30" },
	"barrier_thunder_np_0x03": { "File": "ThunderBarrier.bmp", "Rect": "120,0,60,60", "Center": "30,30" },
	"barrier_thunder_np_0x04": { "File": "ThunderBarrier.bmp", "Rect": "180,0,60,60", "Center": "30,30" },
	"barrier_thunder_np_0x05": { "File": "ThunderBarrier.bmp", "Rect": "240,0,60,60", "Center": "30,30" },
	"barrier_thunder_np_0x06": { "File": "ThunderBarrier.bmp", "Rect": "300,0,60,60", "Center": "30,30" },
	"barrier_thunder_np_0x07": { "File": "ThunderBarrier.bmp", "Rect": "360,0,60,60", "Center": "30,30" },
	"barrier_thunder_np_0x08": { "File": "ThunderBarrier.bmp", "Rect": "420,0,60,60", "Center": "30,30" },
	"barrier_thunder_np_0x09": { "File": "ThunderBarrier.bmp", "Rect": "480,0,60,60", "Center": "30,30" },
	"barrier_thunder_np_0x0a": { "File": "ThunderBarrier.bmp", "Rect": "540,0,60,60", "Center": "30,30" },
	"barrier_thunder_np_0x0b": { "File": "ThunderBarrier.bmp", "Rect": "600,0,60,60", "Center": "30,30" },
	"barrier_thunder_np_0x0c": { "File": "ThunderBarrier.bmp", "Rect": "660,0,60,60", "Center": "30,30" },
	"barrier_thunder_np_0x0d": { "File": "ThunderBarrier.bmp", "Rect": "720,0,60,60", "Center": "30,30" },
	"barrier_thunder_np_0x0e": { "File": "ThunderBarrier.bmp", "Rect": "780,0,60,60", "Center": "30,30" },
	"barrier_thunder_np_0x0f": { "File": "ThunderBarrier.bmp", "Rect": "840,0,60,60", "Center": "30,30" },
	"barrier_thunder_np_0x10": { "File": "ThunderBarrier.bmp", "Rect": "840,0,60,60", "Center": "30,30" },

	"barrier_fire_np_0x00": { "File": "FlameBarrier.bmp", "Rect": "0,0,64,64", "Center": "32,32" },
	"barrier_fire_np_0x01": { "File": "FlameBarrier.bmp", "Rect": "0,0,64,64", "Center": "32,32" },
	"barrier_fire_np_0x02": { "File": "FlameBarrier.bmp", "Rect": "64,0,64,64", "Center": "32,32" },
	"barrier_fire_np_0x03": { "File": "FlameBarrier.bmp", "Rect": "128,0,64,64", "Center": "32,32" },
	"barrier_fire_np_0x04": { "File": "FlameBarrier.bmp", "Rect": "192,0,64,64", "Center": "32,32" },
	"barrier_fire_np_0x05": { "File": "FlameBarrier.bmp", "Rect": "256,0,64,64", "Center": "32,32" },
	"barrier_fire_np_0x06": { "File": "FlameBarrier.bmp", "Rect": "320,0,64,64", "Center": "32,32" },
	"barrier_fire_np_0x07": { "File": "FlameBarrier.bmp", "Rect": "384,0,64,64", "Center": "32,32" },
	"barrier_fire_np_0x08": { "File": "FlameBarrier.bmp", "Rect": "448,0,64,64", "Center": "32,32" },
	"barrier_fire_np_0x09": { "File": "FlameBarrier.bmp", "Rect": "512,0,64,64", "Center": "32,32" },
	"barrier_fire_np_0x0a": { "File": "FlameBarrier.bmp", "Rect": "576,0,64,64", "Center": "32,32" },
	"barrier_fire_np_0x0b": { "File": "FlameBarrier.bmp", "Rect": "640,0,64,64", "Center": "32,32" },
	"barrier_fire_np_0x0c": { "File": "FlameBarrier.bmp", "Rect": "704,0,64,64", "Center": "32,32" },
	"barrier_fire_np_0x0d": { "File": "FlameBarrier.bmp", "Rect": "768,0,64,64", "Center": "32,32" },
	"barrier_fire_np_0x0e": { "File": "FlameBarrier.bmp", "Rect": "832,0,64,64", "Center": "32,32" },
	"barrier_fire_np_0x0f": { "File": "FlameBarrier.bmp", "Rect": "832,0,64,64", "Center": "32,32" },

	"barrier_fire_dash_front_np_0x00": { "File": "FlameBarrierDashFront.bmp", "Rect": "0,0,96,64", "Center": "48,32" },
	"barrier_fire_dash_front_np_0x01": { "File": "FlameBarrierDashFront.bmp", "Rect": "96,0,96,64", "Center": "48,32" },
	"barrier_fire_dash_front_np_0x02": { "File": "FlameBarrierDashFront.bmp", "Rect": "192,0,96,64", "Center": "48,32" },
	"barrier_fire_dash_front_np_0x03": { "File": "FlameBarrierDashFront.bmp", "Rect": "288,0,96,64", "Center": "48,32" },
	"barrier_fire_dash_front_np_0x04": { "File": "FlameBarrierDashFront.bmp", "Rect": "384,0,96,64", "Center": "48,32" },
	"barrier_fire_dash_front_np_0x05": { "File": "FlameBarrierDashFront.bmp", "Rect": "480,0,96,64", "Center": "48,32" },
	"barrier_fire_dash_front_np_0x06": { "File": "FlameBarrierDashFront.bmp", "Rect": "576,0,96,64", "Center": "48,32" },
	"barrier_fire_dash_front_np_0x07": { "File": "FlameBarrierDashFront.bmp", "Rect": "672,0,96,64", "Center": "48,32" },
	"barrier_fire_dash_front_np_0x08": { "File": "FlameBarrierDashFront.bmp", "Rect": "768,0,96,64", "Center": "48,32" },
	"barrier_fire_dash_front_np_0x09": { "File": "FlameBarrierDashFront.bmp", "Rect": "864,0,96,64", "Center": "48,32" },
	"barrier_fire_dash_front_np_0x0a": { "File": "FlameBarrierDashFront.bmp", "Rect": "864,0,96,64", "Center": "48,32" },

	"barrier_fire_dash_back_np_0x00": { "File": "FlameBarrierDashBack.bmp", "Rect": "0,0,96,64", "Center": "48,32" },
	"barrier_fire_dash_back_np_0x01": { "File": "FlameBarrierDashBack.bmp", "Rect": "96,0,96,64", "Center": "48,32" },
	"barrier_fire_dash_back_np_0x02": { "File": "FlameBarrierDashBack.bmp", "Rect": "192,0,96,64", "Center": "48,32" },
	"barrier_fire_dash_back_np_0x03": { "File": "FlameBarrierDashBack.bmp", "Rect": "288,0,96,64", "Center": "48,32" },
	"barrier_fire_dash_back_np_0x04": { "File": "FlameBarrierDashBack.bmp", "Rect": "384,0,96,64", "Center": "48,32" },
	"barrier_fire_dash_back_np_0x05": { "File": "FlameBarrierDashBack.bmp", "Rect": "480,0,96,64", "Center": "48,32" },
	"barrier_fire_dash_back_np_0x06": { "File": "FlameBarrierDashBack.bmp", "Rect": "576,0,96,64", "Center": "48,32" },
	"barrier_fire_dash_back_np_0x07": { "File": "FlameBarrierDashBack.bmp", "Rect": "672,0,96,64", "Center": "48,32" },
	"barrier_fire_dash_back_np_0x08": { "File": "FlameBarrierDashBack.bmp", "Rect": "768,0,96,64", "Center": "48,32" },
	"barrier_fire_dash_back_np_0x09": { "File": "FlameBarrierDashBack.bmp", "Rect": "864,0,96,64", "Center": "48,32" },
	"barrier_fire_dash_back_np_0x0a": { "File": "FlameBarrierDashBack.bmp", "Rect": "864,0,96,64", "Center": "48,32" },
}