{
	"BossSplash_BG":  { "File": "BossSplashBG.png", "Rect": "0,0,917,471", "Center": "458,471" },
	"BossSplash_BarTop":  { "File": "BossSplashBars.png", "Rect": "0,0,1280,128", "Center": "0,64" },
	"BossSplash_BarBottom":  { "File": "BossSplashBars.png", "Rect": "0,128,1280,128", "Center": "0,64" },
	"BossSplash_Act1_Name_Zone1_0":  { "File": "Act1BossSplashName.png", "Rect": "0,0,320,90", "Center": "160,90" },
	"BossSplash_Act1_Name_Zone1_1":  { "File": "Act1BossSplashName.png", "Rect": "0,0,320,180", "Center": "160,90" },
	"BossSplash_Act1_Name_Zone2_0":  { "File": "Act1BossSplashName.png", "Rect": "320,0,320,90", "Center": "160,90" },
	"BossSplash_Act1_Name_Zone2_1":  { "File": "Act1BossSplashName.png", "Rect": "320,0,320,180", "Center": "160,90" },
	"BossSplash_Act1_Name_Zone3":  { "File": "Act1BossSplashName.png", "Rect": "640,0,320,180", "Center": "160,90" },
	"BossSplash_Act1_Name_Zone4_0":  { "File": "Act1BossSplashName.png", "Rect": "960,0,320,90", "Center": "160,90" },
	"BossSplash_Act1_Name_Zone4_1":  { "File": "Act1BossSplashName.png", "Rect": "960,0,320,180", "Center": "160,90" },
	"BossSplash_Act1_Name_Zone5_0":  { "File": "Act1BossSplashName.png", "Rect": "1280,0,320,90", "Center": "160,90" },
	"BossSplash_Act1_Name_Zone5_1":  { "File": "Act1BossSplashName.png", "Rect": "1280,0,320,180", "Center": "160,90" },
	"BossSplash_Act1_Name_Zone6_0":  { "File": "Act1BossSplashName.png", "Rect": "1600,0,320,90", "Center": "160,90" },
	"BossSplash_Act1_Name_Zone6_1":  { "File": "Act1BossSplashName.png", "Rect": "1600,0,320,180", "Center": "160,90" },
	"BossSplash_Act1_Name_Zone6_2":  { "File": "Act1BossSplashName.png", "Rect": "1920,0,320,90", "Center": "160,90" },
	"BossSplash_Act1_Name_Zone6_3":  { "File": "Act1BossSplashName.png", "Rect": "1920,0,320,180", "Center": "160,90" },
	"BossSplash_Act1_Name_Zone7_0":  { "File": "Act1BossSplashName.png", "Rect": "2240,0,320,90", "Center": "160,90" },
	"BossSplash_Act1_Name_Zone7_1":  { "File": "Act1BossSplashName.png", "Rect": "2240,0,320,180", "Center": "160,90" },
	"BossSplash_Act1_Name_Zone8_0":  { "File": "Act1BossSplashName.png", "Rect": "2560,0,320,90", "Center": "160,90" },
	"BossSplash_Act1_Name_Zone8_1":  { "File": "Act1BossSplashName.png", "Rect": "2560,0,320,180", "Center": "160,90" },
	"BossSplash_Act1_Name_Zone9":  { "File": "Act1BossSplashName.png", "Rect": "2880,0,320,180", "Center": "160,90" },
	"BossSplash_Act1_Name_Zone10_0":  { "File": "Act1BossSplashName.png", "Rect": "3200,0,320,90", "Center": "160,90" },
	"BossSplash_Act1_Name_Zone10_1":  { "File": "Act1BossSplashName.png", "Rect": "3200,0,320,180", "Center": "160,90" },
	"BossSplash_Act1_Name_Zone11":  { "File": "Act1BossSplashName.png", "Rect": "3520,0,320,180", "Center": "160,90" },
	"BossSplash_Act1_Name_Zone12_0":  { "File": "Act1BossSplashName.png", "Rect": "3840,0,320,90", "Center": "160,90" },
	"BossSplash_Act1_Name_Zone12_1":  { "File": "Act1BossSplashName.png", "Rect": "3840,0,320,180", "Center": "160,90" },
	"BossSplash_Act1_Name_Zone13_0":  { "File": "Act1BossSplashName.png", "Rect": "4160,0,320,90", "Center": "160,90" },
	"BossSplash_Act1_Name_Zone13_1":  { "File": "Act1BossSplashName.png", "Rect": "4160,0,320,180", "Center": "160,90" },
	"BossSplash_Act2_Name_Zone1":  { "File": "Act2BossSplashName.png", "Rect": "0,0,320,32", "Center": "160,16" },
	"BossSplash_Act2_Name_Zone2":  { "File": "Act2BossSplashName.png", "Rect": "0,32,320,32", "Center": "160,16" },
	"BossSplash_Act2_Name_Zone3":  { "File": "Act2BossSplashName.png", "Rect": "0,64,320,32", "Center": "160,16" },
	"BossSplash_Act2_Name_Zone4":  { "File": "Act2BossSplashName.png", "Rect": "0,96,320,32", "Center": "160,16" },
	"BossSplash_Act2_Name_Zone5":  { "File": "Act2BossSplashName.png", "Rect": "0,128,320,32", "Center": "160,16" },
	"BossSplash_Act2_Name_Zone6":  { "File": "Act2BossSplashName.png", "Rect": "0,160,320,32", "Center": "160,16" },
	"BossSplash_Act2_Name_Zone7":  { "File": "Act2BossSplashName.png", "Rect": "0,192,320,32", "Center": "160,16" },
	"BossSplash_Act2_Name_Zone8":  { "File": "Act2BossSplashName.png", "Rect": "0,224,320,32", "Center": "160,16" },
	"BossSplash_Act2_Name_Zone9":  { "File": "Act2BossSplashName.png", "Rect": "0,256,320,32", "Center": "160,16" },
	"BossSplash_Act2_Name_Zone10":  { "File": "Act2BossSplashName.png", "Rect": "0,288,320,32", "Center": "160,16" },
	"BossSplash_Act2_Name_Zone12":  { "File": "Act2BossSplashName.png", "Rect": "0,320,320,32", "Center": "160,16" },
	"BossSplash_Act2_Name_Zone13":  { "File": "Act2BossSplashName.png", "Rect": "0,352,320,32", "Center": "160,16" },

	"BossSplash_Extra_Name_1":  { "File": "WalkerSplash.png", "Rect": "0,0,320,180", "Center": "160,90" },
	"BossSplash_Extra_Name_2":  { "File": "GapsuleSplash.png", "Rect": "0,0,320,180", "Center": "160,90" },

	"BossSplash_ScrapEm":  { "File": "ScrapEm.png", "Rect": "0,0,289,47", "Center": "145,24" },

	"BossSplash_NewChallenger_0":  { "File": "NewChallenger.png", "Rect": "0,0,64,180", "Center": "160,90" },
	"BossSplash_NewChallenger_1":  { "File": "NewChallenger.png", "Rect": "0,0,320,180", "Center": "160,90" },
}