{
	"sawnic_peelout_0":  { "File": "character_sawnic_peelout.bmp", "Rect": "0,0,47,29", "Center": "25,9" },
	"sawnic_peelout_1":  { "File": "character_sawnic_peelout.bmp", "Rect": "0,29,47,29", "Center": "25,9" },
	"sawnic_peelout_2":  { "File": "character_sawnic_peelout.bmp", "Rect": "0,58,47,29", "Center": "25,9" },
	"sawnic_peelout_3":  { "File": "character_sawnic_peelout.bmp", "Rect": "0,87,47,29", "Center": "25,9" },
	"sawnic_fastrun_0":  { "File": "character_sawnic_fastrun.bmp", "Rect": "0,0,57,26", "Center": "32,6" },
	"sawnic_fastrun_1":  { "File": "character_sawnic_fastrun.bmp", "Rect": "0,26,57,26", "Center": "32,6" },
	"sawnic_fastrun_2":  { "File": "character_sawnic_fastrun.bmp", "Rect": "0,52,57,26", "Center": "32,6" },
	"sawnic_fastrun_3":  { "File": "character_sawnic_fastrun.bmp", "Rect": "0,78,57,26", "Center": "32,6" },
	"character_sawnic_0x96":  { "File": "character_sawnic_roll.bmp", "Rect": "0,0,48,48", "Center": "24,24" },
	"character_sawnic_0x97":  { "File": "character_sawnic_roll.bmp", "Rect": "0,49,48,48", "Center": "24,24" },
	"character_sawnic_0x98":  { "File": "character_sawnic_roll.bmp", "Rect": "0,97,48,48", "Center": "24,24" },
	"character_sawnic_0x99":  { "File": "character_sawnic_roll.bmp", "Rect": "0,144,48,48", "Center": "24,24" },
	"character_sawnic_0x9a":  { "File": "character_sawnic_roll.bmp", "Rect": "0,192,48,48", "Center": "24,25" },
	"character_sawnic_0x86":  { "File": "character_sawnic_spindash.bmp", "Rect": "0,0,43,36", "Center": "25,16" },
	"character_sawnic_0x87":  { "File": "character_sawnic_spindash.bmp", "Rect": "44,0,42,36", "Center": "24,16" },
	"character_sawnic_0x88":  { "File": "character_sawnic_spindash.bmp", "Rect": "86,0,42,36", "Center": "25,16" },
	"character_sawnic_0x89":  { "File": "character_sawnic_spindash.bmp", "Rect": "130,0,42,36", "Center": "23,16" },
	"character_sawnic_0x8a":  { "File": "character_sawnic_spindash.bmp", "Rect": "173,0,42,36", "Center": "24,16" },
	"character_sawnic_0x8b":  { "File": "character_sawnic_spindash.bmp", "Rect": "216,0,42,36", "Center": "24,16" },
	"sawnic_dropdash_0":  { "File": "character_sawnic_dropdash.bmp", "Rect": "0,0,48,48", "Center": "24,24" },
	"sawnic_dropdash_1":  { "File": "character_sawnic_dropdash.bmp", "Rect": "0,48,48,48", "Center": "24,24" },
	"sawnic_dropdash_2":  { "File": "character_sawnic_dropdash.bmp", "Rect": "0,96,48,48", "Center": "24,24" },
	"sawnic_dropdash_3":  { "File": "character_sawnic_dropdash.bmp", "Rect": "0,144,48,48", "Center": "24,24" },
	"sawnic_fall_0":  { "File": "character_sawnic_fall.bmp", "Rect": "0,0,33,41", "Center": "16,20" },
	"sawnic_fall_1":  { "File": "character_sawnic_fall.bmp", "Rect": "0,41,33,41", "Center": "16,20" },
	"character_sawnic_0x01":  { "File": "character_sawnic.bmp", "Rect": "8,8,40,40", "Center": "22,20" },
	"character_sawnic_0x02":  { "File": "character_sawnic.bmp", "Rect": "65,8,38,40", "Center": "20,20" },
	"character_sawnic_0x03":  { "File": "character_sawnic.bmp", "Rect": "121,8,38,40", "Center": "20,20" },
	"character_sawnic_0x04":  { "File": "character_sawnic.bmp", "Rect": "176,8,39,40", "Center": "21,20" },
	"character_sawnic_0x05":  { "File": "character_sawnic.bmp", "Rect": "232,8,39,40", "Center": "21,20" },
	"character_sawnic_0x06":  { "File": "character_sawnic.bmp", "Rect": "288,8,39,40", "Center": "21,20" },
	"character_sawnic_0x07":  { "File": "character_sawnic.bmp", "Rect": "344,8,40,40", "Center": "22,20" },
	"character_sawnic_0x08":  { "File": "character_sawnic.bmp", "Rect": "401,8,40,40", "Center": "22,20" },
	"character_sawnic_0x09":  { "File": "character_sawnic.bmp", "Rect": "456,4,40,48", "Center": "21,19" },
	"character_sawnic_0x0a":  { "File": "character_sawnic.bmp", "Rect": "508,8,48,40", "Center": "20,14" },
	"character_sawnic_0x0b":  { "File": "character_sawnic.bmp", "Rect": "568,8,40,40", "Center": "19,21" },
	"character_sawnic_0x0c":  { "File": "character_sawnic.bmp", "Rect": "620,8,48,40", "Center": "20,19" },
	"character_sawnic_0x0d":  { "File": "character_sawnic.bmp", "Rect": "680,4,40,48", "Center": "20,18" },
	"character_sawnic_0x0e":  { "File": "character_sawnic.bmp", "Rect": "732,4,48,48", "Center": "21,20" },
	"character_sawnic_0x0f":  { "File": "character_sawnic.bmp", "Rect": "792,8,40,40", "Center": "22,17" },
	"character_sawnic_0x10":  { "File": "character_sawnic.bmp", "Rect": "848,8,40,40", "Center": "20,18" },
	"character_sawnic_0x11":  { "File": "character_sawnic.bmp", "Rect": "8,64,40,40", "Center": "20,19" },
	"character_sawnic_0x12":  { "File": "character_sawnic.bmp", "Rect": "64,64,40,40", "Center": "20,19" },
	"character_sawnic_0x13":  { "File": "character_sawnic.bmp", "Rect": "120,68,40,32", "Center": "20,11" },
	"character_sawnic_0x14":  { "File": "character_sawnic.bmp", "Rect": "176,68,40,32", "Center": "20,13" },
	"character_sawnic_0x15":  { "File": "character_sawnic.bmp", "Rect": "232,64,40,40", "Center": "20,21" },
	"character_sawnic_0x16":  { "File": "character_sawnic.bmp", "Rect": "288,64,40,40", "Center": "20,20" },
	"character_sawnic_0x17":  { "File": "character_sawnic.bmp", "Rect": "344,68,40,32", "Center": "20,11" },
	"character_sawnic_0x18":  { "File": "character_sawnic.bmp", "Rect": "400,68,40,32", "Center": "20,11" },
	"character_sawnic_0x19":  { "File": "character_sawnic.bmp", "Rect": "452,64,48,40", "Center": "18,17" },
	"character_sawnic_0x1a":  { "File": "character_sawnic.bmp", "Rect": "512,60,40,48", "Center": "16,25" },
	"character_sawnic_0x1b":  { "File": "character_sawnic.bmp", "Rect": "568,64,40,40", "Center": "19,17" },
	"character_sawnic_0x1c":  { "File": "character_sawnic.bmp", "Rect": "624,60,40,48", "Center": "16,25" },
	"character_sawnic_0x1d":  { "File": "character_sawnic.bmp", "Rect": "676,64,48,40", "Center": "17,18" },
	"character_sawnic_0x1e":  { "File": "character_sawnic.bmp", "Rect": "732,60,48,48", "Center": "17,24" },
	"character_sawnic_0x1f":  { "File": "character_sawnic.bmp", "Rect": "792,64,40,40", "Center": "18,18" },
	"character_sawnic_0x20":  { "File": "character_sawnic.bmp", "Rect": "848,64,40,40", "Center": "18,18" },
	"character_sawnic_0x21":  { "File": "character_sawnic.bmp", "Rect": "12,120,37,40", "Center": "16,20" },
	"character_sawnic_0x22":  { "File": "character_sawnic.bmp", "Rect": "68,120,37,40", "Center": "16,20" },
	"character_sawnic_0x23":  { "File": "character_sawnic.bmp", "Rect": "124,120,37,40", "Center": "16,20" },
	"character_sawnic_0x24":  { "File": "character_sawnic.bmp", "Rect": "180,120,37,40", "Center": "16,20" },
	"character_sawnic_0x25":  { "File": "character_sawnic.bmp", "Rect": "232,120,40,40", "Center": "19,17" },
	"character_sawnic_0x26":  { "File": "character_sawnic.bmp", "Rect": "292,120,32,40", "Center": "16,18" },
	"character_sawnic_0x27":  { "File": "character_sawnic.bmp", "Rect": "344,120,40,40", "Center": "19,17" },
	"character_sawnic_0x28":  { "File": "character_sawnic.bmp", "Rect": "404,120,32,40", "Center": "16,18" },
	"character_sawnic_0x29":  { "File": "character_sawnic.bmp", "Rect": "456,124,40,32", "Center": "20,16" },
	"character_sawnic_0x2a":  { "File": "character_sawnic.bmp", "Rect": "512,124,40,32", "Center": "20,16" },
	"character_sawnic_0x2b":  { "File": "character_sawnic.bmp", "Rect": "568,124,40,32", "Center": "20,16" },
	"character_sawnic_0x2c":  { "File": "character_sawnic.bmp", "Rect": "624,124,40,32", "Center": "20,16" },
	"character_sawnic_0x2d":  { "File": "character_sawnic.bmp", "Rect": "680,120,40,40", "Center": "18,22" },
	"character_sawnic_0x2e":  { "File": "character_sawnic.bmp", "Rect": "736,124,40,32", "Center": "19,17" },
	"character_sawnic_0x2f":  { "File": "character_sawnic.bmp", "Rect": "792,120,40,40", "Center": "18,22" },
	"character_sawnic_0x30":  { "File": "character_sawnic.bmp", "Rect": "848,124,40,32", "Center": "19,17" },
	"character_sawnic_0x31":  { "File": "character_sawnic.bmp", "Rect": "12,176,32,40", "Center": "14,21" },
	"character_sawnic_0x32":  { "File": "character_sawnic.bmp", "Rect": "68,176,32,40", "Center": "13,22" },
	"character_sawnic_0x33":  { "File": "character_sawnic.bmp", "Rect": "124,180,32,32", "Center": "15,16" },
	"character_sawnic_0x34":  { "File": "character_sawnic.bmp", "Rect": "180,180,32,32", "Center": "14,17" },
	"character_sawnic_0x35":  { "File": "character_sawnic.bmp", "Rect": "236,180,32,32", "Center": "12,17" },
	"character_sawnic_0x36":  { "File": "character_sawnic.bmp", "Rect": "292,176,32,40", "Center": "15,20" },
	"character_sawnic_0x37":  { "File": "character_sawnic.bmp", "Rect": "348,176,32,40", "Center": "17,20" },
	"character_sawnic_0x38":  { "File": "character_sawnic.bmp", "Rect": "408,176,24,40", "Center": "14,18" },
	"character_sawnic_0x39":  { "File": "character_sawnic.bmp", "Rect": "460,180,32,32", "Center": "15,18" },
	"character_sawnic_0x3a":  { "File": "character_sawnic.bmp", "Rect": "516,180,32,32", "Center": "18,13" },
	"character_sawnic_0x3b":  { "File": "character_sawnic.bmp", "Rect": "576,176,24,40", "Center": "12,19" },
	"character_sawnic_0x3c":  { "File": "character_sawnic.bmp", "Rect": "632,176,24,40", "Center": "12,20" },
	"character_sawnic_0x3d":  { "File": "character_sawnic.bmp", "Rect": "688,172,24,48", "Center": "14,26" },
	"character_sawnic_0x3e":  { "File": "character_sawnic.bmp", "Rect": "744,180,24,32", "Center": "13,16" },
	"character_sawnic_0x3f":  { "File": "character_sawnic.bmp", "Rect": "796,180,32,32", "Center": "17,15" },
	"character_sawnic_0x40":  { "File": "character_sawnic.bmp", "Rect": "852,180,32,32", "Center": "16,14" },
	"character_sawnic_0x41":  { "File": "character_sawnic.bmp", "Rect": "12,232,32,40", "Center": "16,17" },
	"character_sawnic_0x42":  { "File": "character_sawnic.bmp", "Rect": "68,232,32,40", "Center": "16,20" },
	"character_sawnic_0x43":  { "File": "character_sawnic.bmp", "Rect": "128,232,24,40", "Center": "11,20" },
	"character_sawnic_0x44":  { "File": "character_sawnic.bmp", "Rect": "184,236,24,32", "Center": "12,16" },
	"character_sawnic_0x45":  { "File": "character_sawnic.bmp", "Rect": "236,240,32,24", "Center": "14,10" },
	"character_sawnic_0x46":  { "File": "character_sawnic.bmp", "Rect": "296,236,24,32", "Center": "13,13" },
	"character_sawnic_0x47":  { "File": "character_sawnic.bmp", "Rect": "352,232,24,40", "Center": "13,21" },
	"character_sawnic_0x48":  { "File": "character_sawnic.bmp", "Rect": "404,232,32,40", "Center": "16,20" },
	"character_sawnic_0x49":  { "File": "character_sawnic.bmp", "Rect": "456,232,40,40", "Center": "20,24" },
	"character_sawnic_0x4a":  { "File": "character_sawnic.bmp", "Rect": "516,228,32,48", "Center": "14,22" },
	"character_sawnic_0x4b":  { "File": "character_sawnic.bmp", "Rect": "572,236,32,32", "Center": "16,21" },
	"character_sawnic_0x4c":  { "File": "character_sawnic.bmp", "Rect": "628,236,32,32", "Center": "13,15" },
	"character_sawnic_0x4d":  { "File": "character_sawnic.bmp", "Rect": "684,236,32,32", "Center": "13,18" },
	"character_sawnic_0x4e":  { "File": "character_sawnic.bmp", "Rect": "740,236,32,32", "Center": "18,14" },
	"character_sawnic_0x4f":  { "File": "character_sawnic.bmp", "Rect": "792,232,40,40", "Center": "22,22" },
	"character_sawnic_0x50":  { "File": "character_sawnic.bmp", "Rect": "848,232,40,40", "Center": "21,20" },
	"character_sawnic_0x51":  { "File": "character_sawnic.bmp", "Rect": "12,292,32,32", "Center": "17,19" },
	"character_sawnic_0x52":  { "File": "character_sawnic.bmp", "Rect": "68,292,32,32", "Center": "14,17" },
	"character_sawnic_0x53":  { "File": "character_sawnic.bmp", "Rect": "120,292,40,32", "Center": "24,19" },
	"character_sawnic_0x54":  { "File": "character_sawnic.bmp", "Rect": "176,292,40,32", "Center": "17,16" },
	"character_sawnic_0x55":  { "File": "character_sawnic.bmp", "Rect": "233,288,35,40", "Center": "19,20" },
	"character_sawnic_0x56":  { "File": "character_sawnic.bmp", "Rect": "292,288,32,40", "Center": "17,20" },
	"character_sawnic_0x57":  { "File": "character_sawnic.bmp", "Rect": "348,288,32,40", "Center": "16,20" },
	"character_sawnic_0x58":  { "File": "character_sawnic.bmp", "Rect": "408,288,24,40", "Center": "13,20" },
	"character_sawnic_0x59":  { "File": "character_sawnic.bmp", "Rect": "460,288,32,40", "Center": "17,20" },
	"character_sawnic_0x5a":  { "File": "character_sawnic.bmp", "Rect": "516,288,32,40", "Center": "17,20" },
	"character_sawnic_0x5b":  { "File": "character_sawnic.bmp", "Rect": "576,288,24,40", "Center": "12,20" },
	"character_sawnic_0x5c":  { "File": "character_sawnic.bmp", "Rect": "620,296,48,24", "Center": "20,11" },
	"character_sawnic_0x5d":  { "File": "character_sawnic.bmp", "Rect": "684,296,32,24", "Center": "4,12" },
	"character_sawnic_0x5e":  { "File": "character_sawnic.bmp", "Rect": "736,296,40,24", "Center": "30,12" },
	"character_sawnic_0x5f":  { "File": "character_sawnic.bmp", "Rect": "788,296,48,24", "Center": "27,11" },
	"character_sawnic_0x60":  { "File": "character_sawnic.bmp", "Rect": "852,296,32,24", "Center": "10,12" },
	"character_sawnic_0x61":  { "File": "character_sawnic.bmp", "Rect": "8,352,40,24", "Center": "38,12" },
	"character_sawnic_0x62":  { "File": "character_sawnic.bmp", "Rect": "64,348,40,32", "Center": "20,16" },
	"character_sawnic_0x63":  { "File": "character_sawnic.bmp", "Rect": "128,340,24,48", "Center": "13,24" },
	"character_sawnic_0x64":  { "File": "character_sawnic.bmp", "Rect": "184,348,24,32", "Center": "13,15" },
	"character_sawnic_0x65":  { "File": "character_sawnic.bmp", "Rect": "240,344,24,40", "Center": "12,21" },
	"character_sawnic_0x66":  { "File": "character_sawnic.bmp", "Rect": "296,340,24,48", "Center": "12,24" },
	"character_sawnic_0x67":  { "File": "character_sawnic.bmp", "Rect": "352,348,24,32", "Center": "14,16" },
	"character_sawnic_0x68":  { "File": "character_sawnic.bmp", "Rect": "408,344,24,40", "Center": "14,24" },
	"character_sawnic_0x69":  { "File": "character_sawnic.bmp", "Rect": "460,344,32,40", "Center": "16,20" },
	"character_sawnic_0x6a":  { "File": "character_sawnic.bmp", "Rect": "516,344,32,40", "Center": "16,20" },
	"character_sawnic_0x6b":  { "File": "character_sawnic.bmp", "Rect": "572,348,32,32", "Center": "21,20" },
	"character_sawnic_0x6c":  { "File": "character_sawnic.bmp", "Rect": "620,348,40,32", "Center": "16,16" },
	"character_sawnic_0x6d":  { "File": "character_sawnic.bmp", "Rect": "680,348,40,32", "Center": "20,16" },
	"character_sawnic_0x6e":  { "File": "character_sawnic.bmp", "Rect": "736,348,40,32", "Center": "20,16" },
	"character_sawnic_0x6f":  { "File": "character_sawnic.bmp", "Rect": "796,348,32,32", "Center": "16,16" },
	"character_sawnic_0x70":  { "File": "character_sawnic.bmp", "Rect": "852,348,32,32", "Center": "16,16" },
	"character_sawnic_0x71":  { "File": "character_sawnic.bmp", "Rect": "8,404,40,32", "Center": "16,16" },
	"character_sawnic_0x72":  { "File": "character_sawnic.bmp", "Rect": "64,404,40,32", "Center": "20,16" },
	"character_sawnic_0x73":  { "File": "character_sawnic.bmp", "Rect": "120,404,40,32", "Center": "20,16" },
	"character_sawnic_0x74":  { "File": "character_sawnic.bmp", "Rect": "180,404,32,32", "Center": "16,16" },
	"character_sawnic_0x75":  { "File": "character_sawnic.bmp", "Rect": "240,404,24,32", "Center": "12,16" },
	"character_sawnic_0x76":  { "File": "character_sawnic.bmp", "Rect": "292,404,32,32", "Center": "16,16" },
	"character_sawnic_0x77":  { "File": "character_sawnic.bmp", "Rect": "348,404,32,32", "Center": "16,16" },
	"character_sawnic_0x78":  { "File": "character_sawnic.bmp", "Rect": "400,396,40,48", "Center": "18,25" },
	"character_sawnic_0x79":  { "File": "character_sawnic.bmp", "Rect": "452,400,48,40", "Center": "31,26" },
	"character_sawnic_0x7a":  { "File": "character_sawnic.bmp", "Rect": "508,400,48,40", "Center": "26,23" },
	"character_sawnic_0x7b":  { "File": "character_sawnic.bmp", "Rect": "568,396,40,48", "Center": "27,18" },
	"character_sawnic_0x7c":  { "File": "character_sawnic.bmp", "Rect": "624,396,40,48", "Center": "23,22" },
	"character_sawnic_0x7d":  { "File": "character_sawnic.bmp", "Rect": "676,400,48,40", "Center": "20,13" },
	"character_sawnic_0x7e":  { "File": "character_sawnic.bmp", "Rect": "732,400,48,40", "Center": "23,17" },
	"character_sawnic_0x7f":  { "File": "character_sawnic.bmp", "Rect": "792,396,40,48", "Center": "13,28" },
	"character_sawnic_0x80":  { "File": "character_sawnic.bmp", "Rect": "848,396,40,48", "Center": "17,22" },
	"character_sawnic_0x81":  { "File": "character_sawnic.bmp", "Rect": "10,452,34,48", "Center": "16,23" },
	"character_sawnic_0x82":  { "File": "character_sawnic.bmp", "Rect": "68,452,32,48", "Center": "19,23" },
	"character_sawnic_0x83":  { "File": "character_sawnic.bmp", "Rect": "120,452,40,48", "Center": "23,23" },
	"character_sawnic_0x84":  { "File": "character_sawnic.bmp", "Rect": "180,452,32,48", "Center": "17,23" },
	"character_sawnic_0x85":  { "File": "character_sawnic.bmp", "Rect": "236,452,32,48", "Center": "16,23" },
	"character_sawnic_0x8c":  { "File": "character_sawnic.bmp", "Rect": "624,460,40,32", "Center": "20,16" },
	"character_sawnic_0x8d":  { "File": "character_sawnic.bmp", "Rect": "680,460,40,32", "Center": "20,17" },
	"character_sawnic_0x8e":  { "File": "character_sawnic.bmp", "Rect": "744,452,29,48", "Center": "15,24" },
	"character_sawnic_0x8f":  { "File": "character_sawnic.bmp", "Rect": "792,460,40,32", "Center": "23,15" },
	"character_sawnic_0x90":  { "File": "character_sawnic.bmp", "Rect": "852,452,32,48", "Center": "16,24" },
	"character_sawnic_0x91":  { "File": "character_sawnic.bmp", "Rect": "8,508,40,50", "Center": "16,26" },
	"character_sawnic_0x92":  { "File": "character_sawnic.bmp", "Rect": "64,510,40,51", "Center": "16,26" },
	"character_sawnic_0x93":  { "File": "character_sawnic.bmp", "Rect": "124,516,32,44", "Center": "16,24" },
	"character_sawnic_0x94":  { "File": "character_sawnic.bmp", "Rect": "180,508,32,48", "Center": "14,24" },
	"character_sawnic_0x95":  { "File": "character_sawnic.bmp", "Rect": "239,508,25,48", "Center": "12,24" },
	"character_sawnic_0x9b":  { "File": "character_sawnic.bmp", "Rect": "567,512,33,40", "Center": "16,20" },
	"character_sawnic_0x9c":  { "File": "character_sawnic.bmp", "Rect": "622,516,38,32", "Center": "16,12" },
	"character_sawnic_0x9d":  { "File": "character_sawnic.bmp", "Rect": "680,512,40,40", "Center": "19,21" },
	"character_sawnic_0x9e":  { "File": "character_sawnic.bmp", "Rect": "736,512,40,40", "Center": "18,21" },
	"character_sawnic_0x9f":  { "File": "character_sawnic.bmp", "Rect": "796,512,32,40", "Center": "15,22" },
	"character_sawnic_0xa0":  { "File": "character_sawnic.bmp", "Rect": "852,512,32,40", "Center": "17,20" },
	"character_sawnic_0xa1":  { "File": "character_sawnic.bmp", "Rect": "8,568,41,41", "Center": "28,20" },
	"character_sawnic_0xa2":  { "File": "character_sawnic.bmp", "Rect": "64,565,41,48", "Center": "28,27" },
	"character_sawnic_0xa3":  { "File": "character_sawnic.bmp", "Rect": "119,564,41,49", "Center": "28,28" },
	"character_sawnic_0xa4":  { "File": "character_sawnic.bmp", "Rect": "176,568,40,40", "Center": "30,20" },
	"character_sawnic_0xa5":  { "File": "character_sawnic.bmp", "Rect": "232,568,40,40", "Center": "29,20" },
	"character_sawnic_0xa6":  { "File": "character_sawnic.bmp", "Rect": "288,568,40,40", "Center": "30,19" },
	"character_sawnic_0xa7":  { "File": "character_sawnic.bmp", "Rect": "344,568,40,40", "Center": "16,20" },
	"character_sawnic_0xa8":  { "File": "character_sawnic.bmp", "Rect": "400,568,40,40", "Center": "16,20" },
	"character_sawnic_0xa9":  { "File": "character_sawnic.bmp", "Rect": "456,568,40,40", "Center": "16,20" },
	"character_sawnic_0xaa":  { "File": "character_sawnic.bmp", "Rect": "504,576,56,24", "Center": "26,12" },
	"character_sawnic_0xab":  { "File": "character_sawnic.bmp", "Rect": "560,576,56,24", "Center": "26,12" },
	"character_sawnic_0xac":  { "File": "character_sawnic.bmp", "Rect": "624,568,40,40", "Center": "20,20" },
	"character_sawnic_0xad":  { "File": "character_sawnic.bmp", "Rect": "684,568,32,40", "Center": "18,20" },
	"character_sawnic_0xae":  { "File": "character_sawnic.bmp", "Rect": "740,568,32,40", "Center": "18,20" },
	"character_sawnic_0xaf":  { "File": "character_sawnic.bmp", "Rect": "792,568,40,40", "Center": "26,20" },
	"character_sawnic_0xb0":  { "File": "character_sawnic.bmp", "Rect": "852,568,32,40", "Center": "22,20" },
	"character_sawnic_0xb1":  { "File": "character_sawnic.bmp", "Rect": "12,624,32,40", "Center": "17,20" },
	"character_sawnic_0xb2":  { "File": "character_sawnic.bmp", "Rect": "68,624,32,40", "Center": "17,20" },
	"character_sawnic_0xb3":  { "File": "character_sawnic.bmp", "Rect": "124,624,32,40", "Center": "17,20" },
	"character_sawnic_0xb4":  { "File": "character_sawnic.bmp", "Rect": "184,616,24,56", "Center": "11,26" },
	"character_sawnic_0xb5":  { "File": "character_sawnic.bmp", "Rect": "240,616,24,56", "Center": "11,26" },
	"character_sawnic_0xb6":  { "File": "character_sawnic.bmp", "Rect": "284,624,40,40", "Center": "29,20" },
	"character_sawnic_0xb7":  { "File": "character_sawnic.bmp", "Rect": "336,624,40,40", "Center": "29,20" },
	"character_sawnic_0xb8":  { "File": "character_sawnic.bmp", "Rect": "396,624,40,40", "Center": "29,20" },
	"character_sawnic_0xb9":  { "File": "character_sawnic.bmp", "Rect": "448,624,40,40", "Center": "29,20" },
	"character_sawnic_0xba":  { "File": "character_sawnic.bmp", "Rect": "516,624,32,40", "Center": "16,20" },
	"character_sawnic_0xbb":  { "File": "character_sawnic.bmp", "Rect": "572,624,32,40", "Center": "18,19" },
	"character_sawnic_0xbc":  { "File": "character_sawnic.bmp", "Rect": "628,624,32,40", "Center": "18,20" },
	"character_sawnic_0xbd":  { "File": "character_sawnic.bmp", "Rect": "684,624,32,40", "Center": "18,20" },
	"character_sawnic_0xbe":  { "File": "character_sawnic.bmp", "Rect": "740,624,32,40", "Center": "18,20" },
	"character_sawnic_0xbf":  { "File": "character_sawnic.bmp", "Rect": "796,624,32,40", "Center": "18,20" },
	"character_sawnic_0xc0":  { "File": "character_sawnic.bmp", "Rect": "852,624,32,40", "Center": "18,20" },
	"character_sawnic_0xc1":  { "File": "character_sawnic.bmp", "Rect": "12,680,32,40", "Center": "13,20" },
	"character_sawnic_0xc2":  { "File": "character_sawnic.bmp", "Rect": "68,680,32,40", "Center": "13,20" },
	"character_sawnic_0xc3":  { "File": "character_sawnic.bmp", "Rect": "124,680,32,40", "Center": "19,20" },
	"character_sawnic_0xc4":  { "File": "character_sawnic.bmp", "Rect": "176,680,40,40", "Center": "27,18" },
	"character_sawnic_0xc5":  { "File": "character_sawnic.bmp", "Rect": "236,680,32,40", "Center": "19,20" },
	"character_sawnic_0xc6":  { "File": "character_sawnic.bmp", "Rect": "292,680,32,40", "Center": "18,20" },
	"character_sawnic_0xc7":  { "File": "character_sawnic.bmp", "Rect": "348,680,32,40", "Center": "19,20" },
	"character_sawnic_0xc8":  { "File": "character_sawnic.bmp", "Rect": "396,688,48,24", "Center": "29,12" },
	"character_sawnic_0xc9":  { "File": "character_sawnic.bmp", "Rect": "456,688,40,24", "Center": "20,12" },
	"character_sawnic_0xca":  { "File": "character_sawnic.bmp", "Rect": "516,688,32,24", "Center": "17,12" },
	"character_sawnic_0xcb":  { "File": "character_sawnic.bmp", "Rect": "568,688,40,24", "Center": "21,12" },
	"character_sawnic_0xcc":  { "File": "character_sawnic.bmp", "Rect": "620,688,48,24", "Center": "18,12" },
	"character_sawnic_0xcd":  { "File": "character_sawnic.bmp", "Rect": "680,688,40,24", "Center": "22,12" },
	"character_sawnic_0xce":  { "File": "character_sawnic.bmp", "Rect": "740,688,32,24", "Center": "17,12" },
	"character_sawnic_0xcf":  { "File": "character_sawnic.bmp", "Rect": "792,688,40,24", "Center": "17,12" },
	"character_sawnic_0xd0":  { "File": "character_sawnic.bmp", "Rect": "848,684,40,32", "Center": "20,8" },
	"character_sawnic_0xd1":  { "File": "character_sawnic.bmp", "Rect": "8,740,40,32", "Center": "20,9" },
	"character_sawnic_0xd2":  { "File": "character_sawnic.bmp", "Rect": "72,740,24,32", "Center": "12,16" },
	"character_sawnic_0xd3":  { "File": "character_sawnic.bmp", "Rect": "124,732,32,48", "Center": "13,24" },
	"character_sawnic_0xd4":  { "File": "character_sawnic.bmp", "Rect": "176,729,36,51", "Center": "16,24" },
	"character_sawnic_0xd5":  { "File": "character_sawnic.bmp", "Rect": "232,729,36,51", "Center": "16,24" },
	"character_sawnic_0xd6":  { "File": "character_sawnic.bmp", "Rect": "288,729,36,51", "Center": "16,24" },
	"character_sawnic_0xd7":  { "File": "character_sawnic.bmp", "Rect": "344,740,40,32", "Center": "24,12" },
	"character_sawnic_0xd8":  { "File": "character_sawnic.bmp", "Rect": "400,740,40,32", "Center": "24,13" },
	"character_sawnic_0xd9":  { "File": "character_sawnic.bmp", "Rect": "456,736,40,40", "Center": "24,20" },
	"character_sawnic_0xda":  { "File": "character_sawnic.bmp", "Rect": "516,736,32,40", "Center": "16,20" },
	"character_sawnic_0xdb":  { "File": "character_sawnic.bmp", "Rect": "572,736,32,40", "Center": "16,20" },
	"character_sawnic_0xdc":  { "File": "character_sawnic.bmp", "Rect": "628,736,32,40", "Center": "16,20" },
	"character_sawnic_0xdd":  { "File": "character_sawnic.bmp", "Rect": "684,736,32,40", "Center": "16,20" },
	"character_sawnic_0xde":  { "File": "character_sawnic.bmp", "Rect": "740,736,32,40", "Center": "16,20" },
	"character_sawnic_0xdf":  { "File": "character_sawnic.bmp", "Rect": "796,736,32,40", "Center": "16,20" },
	"character_sawnic_0xe0":  { "File": "character_sawnic.bmp", "Rect": "856,740,24,32", "Center": "12,16" },
	"character_sawnic_0xe1":  { "File": "character_sawnic.bmp", "Rect": "16,792,24,40", "Center": "12,20" },
	"character_sawnic_0xe2":  { "File": "character_sawnic.bmp", "Rect": "68,792,32,40", "Center": "16,20" },
	"character_sawnic_0xe3":  { "File": "character_sawnic.bmp", "Rect": "120,788,40,48", "Center": "20,24" },
	"character_sawnic_0xe4":  { "File": "character_sawnic.bmp", "Rect": "176,788,36,48", "Center": "18,24" },
	"character_sawnic_0xe5":  { "File": "character_sawnic.bmp", "Rect": "236,788,32,48", "Center": "14,24" },
	"character_sawnic_0xe6":  { "File": "character_sawnic.bmp", "Rect": "292,788,32,48", "Center": "12,24" },
	"character_sawnic_0xe7":  { "File": "character_sawnic.bmp", "Rect": "352,788,24,48", "Center": "12,25" },
	"character_sawnic_0xe8":  { "File": "character_sawnic.bmp", "Rect": "404,788,32,48", "Center": "18,24" },
	"character_sawnic_0xe9":  { "File": "character_sawnic.bmp", "Rect": "460,788,32,48", "Center": "16,24" },
	"character_sawnic_0xea":  { "File": "character_sawnic.bmp", "Rect": "520,788,24,48", "Center": "12,25" },
	"character_sawnic_0xeb":  { "File": "character_sawnic.bmp", "Rect": "568,788,40,48", "Center": "20,24" },
	"character_sawnic_0xec":  { "File": "character_sawnic.bmp", "Rect": "620,792,48,40", "Center": "24,20" },
	"character_sawnic_0xed":  { "File": "character_sawnic.bmp", "Rect": "684,788,32,48", "Center": "16,24" },
	"character_sawnic_0xee":  { "File": "character_sawnic.bmp", "Rect": "732,792,48,40", "Center": "24,20" },
	"character_sawnic_0xef":  { "File": "character_sawnic.bmp", "Rect": "796,792,32,40", "Center": "16,20" },
	"character_sawnic_0xf0":  { "File": "character_sawnic.bmp", "Rect": "852,792,32,40", "Center": "16,20" },
	"character_sawnic_0xf1":  { "File": "character_sawnic.bmp", "Rect": "16,848,24,40", "Center": "12,20" },
	"character_sawnic_0xf2":  { "File": "character_sawnic.bmp", "Rect": "72,848,24,40", "Center": "12,20" },
	"character_sawnic_0xf3":  { "File": "character_sawnic.bmp", "Rect": "128,848,24,40", "Center": "12,20" },
	"character_sawnic_0xf4":  { "File": "character_sawnic.bmp", "Rect": "180,848,32,40", "Center": "16,20" },
	"character_sawnic_0xf5":  { "File": "character_sawnic.bmp", "Rect": "236,848,32,40", "Center": "16,20" },
	"character_sawnic_0xf6":  { "File": "character_sawnic.bmp", "Rect": "292,848,32,40", "Center": "16,20" },
	"character_sawnic_0xf7":  { "File": "character_sawnic.bmp", "Rect": "352,848,24,40", "Center": "12,20" },
	"character_sawnic_0xf8":  { "File": "character_sawnic.bmp", "Rect": "408,848,24,40", "Center": "12,20" },
	"character_sawnic_0xf9":  { "File": "character_sawnic.bmp", "Rect": "464,848,24,40", "Center": "12,20" },
	"character_sawnic_0xfa":  { "File": "character_sawnic.bmp", "Rect": "516,848,32,40", "Center": "16,20" }
}