{
	"ChargedDropDashSpinLevel1_0": { "File": "ChargedDropDash.bmp", "Rect":  "0,0,96,96", "Center": "48,48" },
	"ChargedDropDashSpinLevel1_1": { "File": "ChargedDropDash.bmp", "Rect":  "96,0,96,96", "Center": "48,48" },
	"ChargedDropDashSpinLevel1_2": { "File": "ChargedDropDash.bmp", "Rect":  "192,0,96,96", "Center": "48,48" },
	"ChargedDropDashSpinLevel1_3": { "File": "ChargedDropDash.bmp", "Rect":  "288,0,96,96", "Center": "48,48" },
	"ChargedDropDashSpinLevel2_0": { "File": "ChargedDropDash.bmp", "Rect":  "384,0,96,96", "Center": "48,48" },
	"ChargedDropDashSpinLevel2_1": { "File": "ChargedDropDash.bmp", "Rect":  "480,0,96,96", "Center": "48,48" },
	"ChargedDropDashSpinLevel2_2": { "File": "ChargedDropDash.bmp", "Rect":  "576,0,96,96", "Center": "48,48" },
	"ChargedDropDashSpinLevel2_3": { "File": "ChargedDropDash.bmp", "Rect":  "672,0,96,96", "Center": "48,48" },
	"ChargedDropDashSpinLevel3_0": { "File": "ChargedDropDash.bmp", "Rect":  "768,0,96,96", "Center": "48,48" },
	"ChargedDropDashSpinLevel3_1": { "File": "ChargedDropDash.bmp", "Rect":  "864,0,96,96", "Center": "48,48" },
	"ChargedDropDashSpinLevel3_2": { "File": "ChargedDropDash.bmp", "Rect":  "960,0,96,96", "Center": "48,48" },
	"ChargedDropDashSpinLevel3_3": { "File": "ChargedDropDash.bmp", "Rect":  "1056,0,96,96", "Center": "48,48" },

	"ChargedDropDashChargeLevel1_0": { "File": "ChargedDropDash.bmp", "Rect":  "0,96,96,96", "Center": "48,48" },
	"ChargedDropDashChargeLevel1_1": { "File": "ChargedDropDash.bmp", "Rect":  "96,96,96,96", "Center": "48,48" },
	"ChargedDropDashChargeLevel1_2": { "File": "ChargedDropDash.bmp", "Rect":  "192,96,96,96", "Center": "48,48" },
	"ChargedDropDashChargeLevel1_3": { "File": "ChargedDropDash.bmp", "Rect":  "288,96,96,96", "Center": "48,48" },
	"ChargedDropDashChargeLevel2_0": { "File": "ChargedDropDash.bmp", "Rect":  "384,96,96,96", "Center": "48,48" },
	"ChargedDropDashChargeLevel2_1": { "File": "ChargedDropDash.bmp", "Rect":  "480,96,96,96", "Center": "48,48" },
	"ChargedDropDashChargeLevel2_2": { "File": "ChargedDropDash.bmp", "Rect":  "576,96,96,96", "Center": "48,48" },
	"ChargedDropDashChargeLevel2_3": { "File": "ChargedDropDash.bmp", "Rect":  "672,96,96,96", "Center": "48,48" },
	"ChargedDropDashChargeLevel3_0": { "File": "ChargedDropDash.bmp", "Rect":  "768,96,96,96", "Center": "48,48" },
	"ChargedDropDashChargeLevel3_1": { "File": "ChargedDropDash.bmp", "Rect":  "864,96,96,96", "Center": "48,48" },
	"ChargedDropDashChargeLevel3_2": { "File": "ChargedDropDash.bmp", "Rect":  "960,96,96,96", "Center": "48,48" },
	"ChargedDropDashChargeLevel3_3": { "File": "ChargedDropDash.bmp", "Rect":  "1056,96,96,96", "Center": "48,48" }
}