{
	"NoHitBonus":  { "File": "NoHitBonus.png", "Rect": "0,0,69,14", "Center": "34,7" },
	"NPCaution_01":  { "File": "Caution.bmp", "Rect": "0,0,33,29", "Center": "16,14" },
	"NPCaution_02":  { "File": "Caution.bmp", "Rect": "33,0,33,29", "Center": "16,14" },
	"NPCaution_03":  { "File": "Caution.bmp", "Rect": "0,0,33,29", "Center": "16,14" },
	"NPCaution_04":  { "File": "Caution.bmp", "Rect": "33,0,33,29", "Center": "16,14" },
	"NPCaution_05":  { "File": "Caution.bmp", "Rect": "0,0,33,29", "Center": "16,14" },
	"NPCaution_06":  { "File": "Caution.bmp", "Rect": "33,0,33,29", "Center": "16,14" },
	
	"Boulder":  { "File": "boulder.png", "Rect": "0,0,64,64", "Center": "32,32" }
}