{
	"cutscene_sludgeles_3_0x00":  { "File": "cutscene_knuckles_3.bmp", "Rect": "0,0,40,32", "Center": "26,12" },
	"cutscene_sludgeles_3_0x01":  { "File": "cutscene_knuckles_3.bmp", "Rect": "44,0,32,32", "Center": "19,12" },
	"cutscene_sludgeles_3_0x02":  { "File": "cutscene_knuckles_3.bmp", "Rect": "84,0,32,32", "Center": "19,12" },
	"cutscene_sludgeles_3_0x03":  { "File": "cutscene_knuckles_3.bmp", "Rect": "124,4,32,24", "Center": "19,4" },
	"cutscene_sludgeles_3_0x04":  { "File": "cutscene_knuckles_3.bmp", "Rect": "164,4,32,24", "Center": "19,4" },
	"cutscene_sludgeles_3_0x05":  { "File": "cutscene_knuckles_3.bmp", "Rect": "204,4,32,24", "Center": "19,4" },
	"cutscene_sludgeles_3_0x06":  { "File": "cutscene_knuckles_3.bmp", "Rect": "240,3,40,25", "Center": "19,5" }
}