{
	"cutscene_sludgeles_1_0x01":  { "File": "cutscene_knuckles_1.bmp", "Rect": "4,4,48,40", "Center": "19,20" },
	"cutscene_sludgeles_1_0x02":  { "File": "cutscene_knuckles_1.bmp", "Rect": "56,0,56,48", "Center": "23,28" },
	"cutscene_sludgeles_1_0x03":  { "File": "cutscene_knuckles_1.bmp", "Rect": "116,0,48,48", "Center": "21,28" },
	"cutscene_sludgeles_1_0x04":  { "File": "character_knawckles_roll.bmp", "Rect": "0,48,48,48", "Center": "24,24" },
	"cutscene_sludgeles_1_0x05":  { "File": "character_knawckles_roll.bmp", "Rect": "0,96,48,48", "Center": "24,24" },
	"cutscene_sludgeles_1_0x06":  { "File": "character_knawckles_roll.bmp", "Rect": "0,144,48,48", "Center": "24,23" },
	"cutscene_sludgeles_1_0x07":  { "File": "character_knawckles_roll.bmp", "Rect": "0,192,48,48", "Center": "24,24" },
	"cutscene_sludgeles_1_0x08":  { "File": "cutscene_knuckles_1.bmp", "Rect": "404,8,32,32", "Center": "16,15" },
	"cutscene_sludgeles_1_0x09":  { "File": "cutscene_knuckles_1.bmp", "Rect": "456,4,40,40", "Center": "14,21" },
	"cutscene_sludgeles_1_0x0a":  { "File": "cutscene_knuckles_1.bmp", "Rect": "509,0,45,45", "Center": "20,25" },
	"cutscene_sludgeles_1_0x0b":  { "File": "cutscene_knuckles_1.bmp", "Rect": "566,0,45,45", "Center": "20,25" },
	"cutscene_sludgeles_1_0x0c":  { "File": "cutscene_knuckles_1.bmp", "Rect": "621,0,45,45", "Center": "20,25" },
	"cutscene_sludgeles_1_0x0d":  { "File": "cutscene_knuckles_1.bmp", "Rect": "677,0,45,45", "Center": "20,25" },
	"cutscene_sludgeles_1_0x0e":  { "File": "cutscene_knuckles_1.bmp", "Rect": "734,0,45,45", "Center": "20,25" },
	"cutscene_sludgeles_1_0x0f":  { "File": "cutscene_knuckles_1.bmp", "Rect": "788,0,45,45", "Center": "20,25" },
	"cutscene_sludgeles_1_0x10":  { "File": "cutscene_knuckles_1.bmp", "Rect": "843,0,45,45", "Center": "20,25" },
	"cutscene_sludgeles_1_0x11":  { "File": "cutscene_knuckles_1.bmp", "Rect": "4,48,45,45", "Center": "20,25" },
	"cutscene_sludgeles_1_0x12":  { "File": "cutscene_knuckles_1.bmp", "Rect": "68,52,32,40", "Center": "19,20" },
	"cutscene_sludgeles_1_0x13":  { "File": "cutscene_knuckles_1.bmp", "Rect": "124,52,32,40", "Center": "19,19" },
	"cutscene_sludgeles_1_0x14":  { "File": "cutscene_knuckles_1.bmp", "Rect": "180,52,32,40", "Center": "19,20" },
	"cutscene_sludgeles_1_0x15":  { "File": "cutscene_knuckles_1.bmp", "Rect": "236,52,32,40", "Center": "19,19" },
	"cutscene_sludgeles_1_0x16":  { "File": "cutscene_knuckles_1.bmp", "Rect": "292,52,32,40", "Center": "15,20" },
	"cutscene_sludgeles_1_0x17":  { "File": "cutscene_knuckles_1.bmp", "Rect": "348,52,32,40", "Center": "15,20" },
	"cutscene_sludgeles_1_0x18":  { "File": "cutscene_knuckles_1.bmp", "Rect": "404,52,32,40", "Center": "17,20" },
	"cutscene_sludgeles_1_0x19":  { "File": "cutscene_knuckles_1.bmp", "Rect": "454,52,42,40", "Center": "25,20" },
	"cutscene_sludgeles_1_0x1a":  { "File": "cutscene_knuckles_1.bmp", "Rect": "516,52,32,40", "Center": "17,20" },
	"cutscene_sludgeles_1_0x1b":  { "File": "cutscene_knuckles_1.bmp", "Rect": "572,52,41,40", "Center": "19,20" },
	"cutscene_sludgeles_1_0x1c":  { "File": "cutscene_knuckles_1.bmp", "Rect": "628,52,32,40", "Center": "15,20" },
	"cutscene_sludgeles_1_0x1d":  { "File": "cutscene_knuckles_1.bmp", "Rect": "684,52,32,40", "Center": "15,20" },
	"cutscene_sludgeles_1_0x1e":  { "File": "cutscene_knuckles_1.bmp", "Rect": "740,52,32,40", "Center": "15,20" },
	"cutscene_sludgeles_1_0x1f":  { "File": "cutscene_knuckles_1.bmp", "Rect": "796,52,33,40", "Center": "15,20" },
	"cutscene_sludgeles_1_0x20":  { "File": "cutscene_knuckles_1.bmp", "Rect": "852,52,32,40", "Center": "13,20" },
	"cutscene_sludgeles_1_0x21":  { "File": "cutscene_knuckles_1.bmp", "Rect": "12,100,32,40", "Center": "13,20" },
	"cutscene_sludgeles_1_0x22":  { "File": "cutscene_knuckles_1.bmp", "Rect": "68,100,32,40", "Center": "13,20" },
	"cutscene_sludgeles_1_0x23":  { "File": "cutscene_knuckles_1.bmp", "Rect": "124,100,32,40", "Center": "11,20" },
	"cutscene_sludgeles_1_0x24":  { "File": "cutscene_knuckles_1.bmp", "Rect": "176,100,40,40", "Center": "13,20" }
}