{
	"Spindust_00":  { "File": "Spindust.bmp", "Rect": "0,0,32,32", "Center": "44,12" },
	"Spindust_01":  { "File": "Spindust.bmp", "Rect": "32,0,32,32", "Center": "44,12" },

	"Dropdust_00":  { "File": "Dropdust.bmp", "Rect": "0,0,24,24", "Center": "32,8" },
	"Dropdust_01":  { "File": "Dropdust.bmp", "Rect": "24,0,24,24", "Center": "32,8" },
	"Dropdust_02":  { "File": "Dropdust.bmp", "Rect": "48,0,24,24", "Center": "32,8" },

	"Arrow_00":  { "File": "Arrow.bmp", "Rect": "0,0,20,11", "Center": "10,5" },
	"Arrow_01":  { "File": "Arrow.bmp", "Rect": "0,11,20,11", "Center": "10,5" },
	"Arrow_02":  { "File": "Arrow.bmp", "Rect": "0,22,20,11", "Center": "10,5" },

	"SonicBoom_00":  { "File": "SonicBoom.bmp", "Rect": "0,0,8,55", "Center": "4,26" },
	"SonicBoom_01":  { "File": "SonicBoom.bmp", "Rect": "0,55,8,55", "Center": "4,26" },
	"SonicBoom_02":  { "File": "SonicBoom.bmp", "Rect": "0,110,8,55", "Center": "4,26" },
	"SonicBoom_03":  { "File": "SonicBoom.bmp", "Rect": "0,165,8,55", "Center": "4,26" },
	"SonicBoom_04":  { "File": "SonicBoom.bmp", "Rect": "0,220,8,55", "Center": "4,26" },
	"SonicBoom_05":  { "File": "SonicBoom.bmp", "Rect": "0,275,8,55", "Center": "4,26" },

	"NPLine_01":  { "File": "HitLine.bmp", "Rect": "0,0,960,10", "Center": "480,2" },
	"NPLine_02":  { "File": "HitLine.bmp", "Rect": "0,10,960,10", "Center": "480,2" },
	"NPLine_03":  { "File": "HitLine.bmp", "Rect": "0,20,960,10", "Center": "480,2" },
	"NPLine_04":  { "File": "HitLine.bmp", "Rect": "0,30,960,10", "Center": "480,2" },
	"NPLine_05":  { "File": "HitLine.bmp", "Rect": "0,40,960,10", "Center": "480,2" },
	"NPLine_06":  { "File": "HitLine.bmp", "Rect": "0,0,1,1", "Center": "1,1" },
	"NPLine_07":  { "File": "HitLine.bmp", "Rect": "0,0,1,1", "Center": "1,1" },
	"NPLine_08":  { "File": "HitLine.bmp", "Rect": "0,0,1,1", "Center": "1,1" },

	"NPExplodeLine":  { "File": "ExplosionLine.bmp", "Rect": "0,0,1024,16", "Center": "0,8" },

	"ThunderTrail_00":  { "File": "ElementTrail.bmp", "Rect": "0,0,8,8", "Center": "4,-12" },
	"ThunderTrail_01":  { "File": "ElementTrail.bmp", "Rect": "8,0,8,8", "Center": "4,-12" },
	"ThunderTrail_02":  { "File": "ElementTrail.bmp", "Rect": "16,0,8,8", "Center": "4,-12" },

	"FireTrail_00":  { "File": "ElementTrail.bmp", "Rect": "24,0,8,8", "Center": "4,-12" },
	"FireTrail_01":  { "File": "ElementTrail.bmp", "Rect": "32,0,8,8", "Center": "4,-12" },
	"FireTrail_02":  { "File": "ElementTrail.bmp", "Rect": "40,0,8,8", "Center": "4,-12" },

	"BubbleTrail_00":  { "File": "ElementTrail.bmp", "Rect": "48,0,8,8", "Center": "4,-12" },
	"BubbleTrail_01":  { "File": "ElementTrail.bmp", "Rect": "56,0,8,8", "Center": "4,-12" },
	"BubbleTrail_02":  { "File": "ElementTrail.bmp", "Rect": "64,0,8,8", "Center": "4,-12" },

	"FireBurst_00": { "File": "FireBurst.bmp", "Rect":  "0,0,96,96", "Center": "48,48" },
	"FireBurst_01": { "File": "FireBurst.bmp", "Rect":  "96,0,96,96", "Center": "48,48" },
	"FireBurst_02": { "File": "FireBurst.bmp", "Rect":  "192,0,96,96", "Center": "48,48" },
	"FireBurst_03": { "File": "FireBurst.bmp", "Rect":  "288,0,96,96", "Center": "48,48" },
	"FireBurst_04": { "File": "FireBurst.bmp", "Rect":  "384,0,96,96", "Center": "48,48" },
	"FireBurst_05": { "File": "FireBurst.bmp", "Rect":  "480,0,96,96", "Center": "48,48" },

	"ThunderBurst_00": { "File": "ThunderBarrierBounce.bmp", "Rect":  "0,0,96,96", "Center": "48,48" },
	"ThunderBurst_01": { "File": "ThunderBarrierBounce.bmp", "Rect":  "96,0,96,96", "Center": "48,48" },
	"ThunderBurst_02": { "File": "ThunderBarrierBounce.bmp", "Rect":  "192,0,96,96", "Center": "48,48" },
	"ThunderBurst_03": { "File": "ThunderBarrierBounce.bmp", "Rect":  "288,0,96,96", "Center": "48,48" },
	"ThunderBurst_04": { "File": "ThunderBarrierBounce.bmp", "Rect":  "384,0,96,96", "Center": "48,48" },
	"ThunderBurst_05": { "File": "ThunderBarrierBounce.bmp", "Rect":  "480,0,96,96", "Center": "48,48" },

	"WaterBurst": { "File": "WaterBarrierBounceBubble.bmp", "Rect":  "0,0,24,24", "Center": "12,12" },
	"WaterBurstSmall": { "File": "WaterBarrierBounceBubbleSmall.bmp", "Rect":  "0,0,12,12", "Center": "6,-6" },

	"FireDash_00":  { "File": "FireDash.bmp", "Rect": "0,0,28,28", "Center": "14,14" },
	"FireDash_01":  { "File": "FireDash.bmp", "Rect": "28,0,28,28", "Center": "14,14" },
	"FireDash_02":  { "File": "FireDash.bmp", "Rect": "56,0,28,28", "Center": "14,14" },

	"Superrush_00":  { "File": "superrush_trail.png", "Rect": "0,0,48,48", "Center": "24,24" },
	"Superrush_01":  { "File": "superrush_trail.png", "Rect": "0,48,48,48", "Center": "24,24" },
	"Superrush_02":  { "File": "superrush_trail.png", "Rect": "0,96,48,48", "Center": "24,24" },
	"Superrush_03":  { "File": "superrush_trail.png", "Rect": "0,144,48,48", "Center": "24,24" },
	"Superrush_04":  { "File": "superrush_trail.png", "Rect": "0,192,48,48", "Center": "24,24" },
	"Superrush_05":  { "File": "superrush_trail.png", "Rect": "0,240,48,48", "Center": "24,24" },

	"SuperrushC_00":  { "File": "superrush_cloud.png", "Rect": "0,0,96,64", "Center": "48,32" },
	"SuperrushC_01":  { "File": "superrush_cloud.png", "Rect": "0,64,96,64", "Center": "48,32" },
	"SuperrushC_02":  { "File": "superrush_cloud.png", "Rect": "0,128,96,64", "Center": "48,32" },
	"SuperrushC_03":  { "File": "superrush_cloud.png", "Rect": "0,192,96,64", "Center": "48,32" },
	"SuperrushC_04":  { "File": "superrush_cloud.png", "Rect": "0,256,96,64", "Center": "48,32" },
	"SuperrushC_05":  { "File": "superrush_cloud.png", "Rect": "0,320,96,64", "Center": "48,32" },

	"boss_explosion_0x00":  { "File": "explosion.bmp", "Rect": "0,1,16,16", "Center": "8,8" },
	"boss_explosion_0x01":  { "File": "explosion.bmp", "Rect": "17,1,24,24", "Center": "12,12" },
	"boss_explosion_0x02":  { "File": "explosion.bmp", "Rect": "42,1,24,24", "Center": "12,12" },
	"boss_explosion_0x03":  { "File": "explosion.bmp", "Rect": "67,1,24,24", "Center": "12,12" },
	"boss_explosion_0x04":  { "File": "explosion.bmp", "Rect": "92,1,24,24", "Center": "12,13" },
	"boss_explosion_0x05":  { "File": "explosion.bmp", "Rect": "117,0,24,16", "Center": "12,10" },
}