{
	"hud_lives_icon_sonic":    { "File": "hud_life_sprites.png", "Rect": "0,0,70,16" },
	"hud_death_icon_sonic": { "File": "DeathIcon.png", "Rect": "0,0,28,24", "Center": "14,12" },
	"hud_digit_np_0": { "File": "ComboCounter.png", "Rect":  "0,0,17,24" },
	"hud_digit_np_1": { "File": "ComboCounter.png", "Rect":  "17,0,17,24" },
	"hud_digit_np_2": { "File": "ComboCounter.png", "Rect": "34,0,17,24" },
	"hud_digit_np_3": { "File": "ComboCounter.png", "Rect": "51,0,17,24" },
	"hud_digit_np_4": { "File": "ComboCounter.png", "Rect": "68,0,17,24" },
	"hud_digit_np_5": { "File": "ComboCounter.png", "Rect": "85,0,17,24" },
	"hud_digit_np_6": { "File": "ComboCounter.png", "Rect": "102,0,17,24" },
	"hud_digit_np_7": { "File": "ComboCounter.png", "Rect": "119,0,17,24" },
	"hud_digit_np_8": { "File": "ComboCounter.png", "Rect": "136,0,17,24" },
	"hud_digit_np_9": { "File": "ComboCounter.png", "Rect": "153,0,17,24" },
	"hud_hit_np": { "File": "ComboCounter.png", "Rect": "0,24,21,10" },
	"hud_digit_sr_np_0": { "File": "ComboCounterSR.png", "Rect":  "0,0,17,24" },
	"hud_digit_sr_np_1": { "File": "ComboCounterSR.png", "Rect":  "17,0,17,24" },
	"hud_digit_sr_np_2": { "File": "ComboCounterSR.png", "Rect": "34,0,17,24" },
	"hud_digit_sr_np_3": { "File": "ComboCounterSR.png", "Rect": "51,0,17,24" },
	"hud_digit_sr_np_4": { "File": "ComboCounterSR.png", "Rect": "68,0,17,24" },
	"hud_digit_sr_np_5": { "File": "ComboCounterSR.png", "Rect": "85,0,17,24" },
	"hud_digit_sr_np_6": { "File": "ComboCounterSR.png", "Rect": "102,0,17,24" },
	"hud_digit_sr_np_7": { "File": "ComboCounterSR.png", "Rect": "119,0,17,24" },
	"hud_digit_sr_np_8": { "File": "ComboCounterSR.png", "Rect": "136,0,17,24" },
	"hud_digit_sr_np_9": { "File": "ComboCounterSR.png", "Rect": "153,0,17,24" },
	"hud_hit_sr_np": { "File": "ComboCounterSR.png", "Rect": "0,24,64,10" },
	"hud_cool_np": { "File": "ComboComplement.png", "Rect": "0,0,50,21" },
	"hud_jam_np": { "File": "ComboComplement.png", "Rect": "50,0,50,21" },
	"hud_groovy_np": { "File": "ComboComplement.png", "Rect": "100,0,50,21" },
	"hud_funky_np": { "File": "ComboComplement.png", "Rect": "150,0,50,21" },
	"hud_bar_np": { "File": "Bar.png", "Rect": "0,0,2048,16", "Center": "1024,0" },
	"hud_ko_np": { "File": "Knockout.png", "Rect": "0,0,496,224", "Center": "248,112" },
	"hud_warning_np": { "File": "Warning.png", "Rect": "0,0,200,60", "Center": "100,30" },
	"hud_warningbg_np": { "File": "WarningBG.png", "Rect": "0,0,960,12", "Center": "480,6" },
	"hud_tape_np": { "File": "Tape.png", "Rect": "0,0,1024,8", "Center": "512,4" },
	"hud_destroyed_np": { "File": "Destroyed.png", "Rect": "0,0,340,70", "Center": "170,25" },
	"hud_bossname1_np": { "File": "BossName.png", "Rect": "0,0,496,48", "Center": "248,24" },
	"hud_bossname2_np": { "File": "BossName.png", "Rect": "0,48,496,48", "Center": "248,24" },
	"hud_bossname3_np": { "File": "BossName.png", "Rect": "0,96,496,48", "Center": "248,24" },
	"hud_bossname4_np": { "File": "BossName.png", "Rect": "0,144,496,48", "Center": "248,24" },
	"hud_colourbg1_np": { "File": "ColourBG.png", "Rect": "0,0,496,112", "Center": "248,0" },
	"hud_colourbg2_np": { "File": "ColourBG.png", "Rect": "0,112,496,112", "Center": "248,0" },
	"hud_colourbg3_np": { "File": "ColourBG.png", "Rect": "0,224,496,112", "Center": "248,0" },
	"hud_colourbg4_np": { "File": "ColourBG.png", "Rect": "0,336,496,112", "Center": "248,0" },
	"hud_smallwarning1_np": { "File": "SmallWarning.png", "Rect": "0,0,1024,7", "Center": "512,0" },
	"hud_smallwarning2_np": { "File": "SmallWarning.png", "Rect": "0,7,1024,7", "Center": "512,0" },
	"hud_smallwarning3_np": { "File": "SmallWarning.png", "Rect": "0,14,1024,7", "Center": "512,0" },
	"hud_smallwarning4_np": { "File": "SmallWarning.png", "Rect": "0,21,1024,7", "Center": "512,0" },
	"hud_warningline1_np": { "File": "WarningLine.png", "Rect": "0,0,1024,2", "Center": "512,0" },
	"hud_warningline2_np": { "File": "WarningLine.png", "Rect": "0,2,1024,2", "Center": "512,0" },
	"hud_warningline3_np": { "File": "WarningLine.png", "Rect": "0,4,1024,2", "Center": "512,0" },
	"hud_warningline4_np": { "File": "WarningLine.png", "Rect": "0,6,1024,2", "Center": "512,0" },
	"hud_ready_np": { "File": "Ready.png", "Rect": "0,0,111,24", "Center": "56,12" },
	"hud_go_np": { "File": "Ready.png", "Rect": "0,24,85,47", "Center": "42,24" },
	"hud_postboss_go_np": { "File": "PostBossGo.png", "Rect": "0,0,33,33", "Center": "33,17" },
	"ring_icon": { "File": "RingIcon.png", "Rect":"0,0,16,16",  "Center": "8,0" },
	"seizure_warning": { "File": "SeizureWarning.png", "Rect": "0,0,496,224",  "Center": "248,0" },
	"dage_challenge_sawnic": { "File": "dagechallenges.png", "Rect": "0,0,15,20",  "Center": "8,20" }
}