{
	"character_sawnic_springtwirl_0":  { "File": "lemonsanimatedthislastminute.bmp", "Rect": "0,0,48,48", "Center": "24,24" },
	"character_sawnic_springtwirl_1":  { "File": "lemonsanimatedthislastminute.bmp", "Rect": "48,0,48,48", "Center": "24,24" },
	"character_sawnic_springtwirl_2":  { "File": "lemonsanimatedthislastminute.bmp", "Rect": "96,0,48,48", "Center": "24,24" },
	"character_sawnic_springtwirl_3":  { "File": "lemonsanimatedthislastminute.bmp", "Rect": "144,0,48,48", "Center": "24,24" },
	"character_sawnic_springtwirl_4":  { "File": "lemonsanimatedthislastminute.bmp", "Rect": "192,0,48,48", "Center": "24,24" }
}