{
	"monitor_np_intact":  { "File": "monitors.bmp", "Rect": "0,0,32,32", "Center": "16,16" },
	"monitor_np_broken":  { "File": "monitors.bmp", "Rect": "32,0,32,32", "Center": "15,16" },
	"monitor_s2_intact":  { "File": "monitors.bmp", "Rect": "0,32,32,32", "Center": "16,16" },
	"monitor_icon_np_ring":  { "File": "monitors.bmp", "Rect": "64,0,16,16", "Center": "10,8" },
	"monitor_icon_np_speedshoes":  { "File": "monitors.bmp", "Rect": "80,0,16,16", "Center": "10,8" },
	"monitor_icon_np_invincibility":  { "File": "monitors.bmp", "Rect": "96,0,16,16", "Center": "10,8" },
	"monitor_icon_np_super":  { "File": "monitors.bmp", "Rect": "112,0,16,16", "Center": "10,8" },
	"monitor_icon_np_lightningshield":  { "File": "monitors.bmp", "Rect": "64,16,16,16", "Center": "10,8" },
	"monitor_icon_np_fireshield":  { "File": "monitors.bmp", "Rect": "80,16,16,16", "Center": "10,8" },
	"monitor_icon_np_bubbleshield":  { "File": "monitors.bmp", "Rect": "96,16,16,16", "Center": "10,8" },
	"monitor_icon_np_classicshield":  { "File": "monitors.bmp", "Rect": "112,16,16,16", "Center": "10,8" },
	"monitor_icon_np_sonic":  { "File": "monitors.bmp", "Rect": "64,32,16,16", "Center": "10,8" },
	"monitor_icon_np_tails":  { "File": "monitors.bmp", "Rect": "80,32,16,16", "Center": "10,8" },
	"monitor_icon_np_knuckles":  { "File": "monitors.bmp", "Rect": "96,32,16,16", "Center": "10,8" },
	"monitor_icon_np_static":  { "File": "monitors.bmp", "Rect": "64,48,16,16", "Center": "10,8" },
	"monitor_icon_np_robotnik":  { "File": "monitors.bmp", "Rect": "80,48,16,16", "Center": "10,8" }
}