{
	"PB_Intro_1": { "File": "pinkburner/PBIntro.png", "Rect":  "0,0,120,160", "Center": "60,80" },
	"PB_Intro_2": { "File": "pinkburner/PBIntro.png", "Rect":  "120,0,120,160", "Center": "60,80" },

	"PB_Warning_1": { "File": "pinkburner/PBWarning.png", "Rect":  "0,0,256,32", "Center": "128,16" },
	"PB_Warning_2": { "File": "pinkburner/PBWarning.png", "Rect":  "0,32,256,32", "Center": "128,16" },

	"PB_Head": { "File": "pinkburner/PBHead.png", "Rect":  "0,0,64,48", "Center": "32,24" },
	"PB_Head_Hit": { "File": "pinkburner/PBHead.png", "Rect":  "64,0,64,48", "Center": "32,24" },
	"PB_Head_Pissed": { "File": "pinkburner/PBHead.png", "Rect":  "0,48,64,48", "Center": "32,24" },
	"PB_Head_Pissed_Hit": { "File": "pinkburner/PBHead.png", "Rect":  "64,48,64,48", "Center": "32,24" },
	"PB_Head_Defeated": { "File": "pinkburner/PBHead.png", "Rect":  "0,96,64,48", "Center": "32,24" },
	"PB_Head_Defeated_Hit": { "File": "pinkburner/PBHead.png", "Rect":  "64,96,64,48", "Center": "32,24" },

	"PB_Hand": { "File": "pinkburner/PBHand.png", "Rect":  "0,0,38,57", "Center": "0,6" },

	"PB_Gun_1": { "File": "pinkburner/PBGun.png", "Rect":  "0,0,56,88", "Center": "0,60" },
	"PB_Gun_2": { "File": "pinkburner/PBGun.png", "Rect":  "56,0,56,88", "Center": "0,60" },
	"PB_Gun_1_Hit": { "File": "pinkburner/PBGun.png", "Rect":  "112,0,56,88", "Center": "0,60" },
	"PB_Gun_2_Hit": { "File": "pinkburner/PBGun.png", "Rect":  "168,0,56,88", "Center": "0,60" },

	"PB_Front_Leg": { "File": "pinkburner/PBFrontLeg.png", "Rect":  "0,0,88,112", "Center": "4,40" },
	"PB_Back_Leg": { "File": "pinkburner/PBBackLeg.png", "Rect":  "0,0,32,48", "Center": "0,16" },
	"PB_Linker": { "File": "pinkburner/PBLinker.png", "Rect":  "0,0,40,24", "Center": "0,12" },

	"PB_Fire_00": { "File": "pinkburner/PBFire.png", "Rect":  "0,0,16,24", "Center": "8,12" },
	"PB_Fire_01": { "File": "pinkburner/PBFire.png", "Rect":  "16,0,16,24", "Center": "8,12" },
	"PB_Fire_02": { "File": "pinkburner/PBFire.png", "Rect":  "32,0,16,24", "Center": "8,12" },
	"PB_Fire_03": { "File": "pinkburner/PBFire.png", "Rect":  "48,0,16,24", "Center": "8,12" },
	"PB_Fire_04": { "File": "pinkburner/PBFire.png", "Rect":  "64,0,16,24", "Center": "8,12" },
	"PB_Fire_05": { "File": "pinkburner/PBFire.png", "Rect":  "80,0,16,24", "Center": "8,12" },

	"PB_Chaotix_Explosion_00": { "File": "pinkburner/ChaotixExplosion.png", "Rect":  "0,0,48,48", "Center": "24,24" },
	"PB_Chaotix_Explosion_01": { "File": "pinkburner/ChaotixExplosion.png", "Rect":  "0,48,48,48", "Center": "24,24" },
	"PB_Chaotix_Explosion_02": { "File": "pinkburner/ChaotixExplosion.png", "Rect":  "0,96,48,48", "Center": "24,24" },
	"PB_Chaotix_Explosion_03": { "File": "pinkburner/ChaotixExplosion.png", "Rect":  "0,144,48,48", "Center": "24,24" },
	"PB_Chaotix_Explosion_04": { "File": "pinkburner/ChaotixExplosion.png", "Rect":  "0,192,48,48", "Center": "24,24" },
	"PB_Chaotix_Explosion_05": { "File": "pinkburner/ChaotixExplosion.png", "Rect":  "0,240,48,48", "Center": "24,24" },

	"PB_Head_Broken": { "File": "pinkburner/PBHead.png", "Rect":  "0,96,32,48", "Center": "32,24" },

	"PB_Gapsule": { "File": "pinkburner/Gapsule.png", "Rect":  "0,0,64,80", "Center": "32,40" },
	"PB_Gapsule_Debris_1": { "File": "pinkburner/GapsuleDebris1.png", "Rect":  "0,0,32,16", "Center": "16,8" },
	"PB_Gapsule_Debris_2": { "File": "pinkburner/GapsuleDebris2.png", "Rect":  "0,0,32,80", "Center": "16,40" },
	"PB_Gapsule_Debris_3": { "File": "pinkburner/GapsuleDebris3.png", "Rect":  "0,0,25,25", "Center": "41,12" },
	"PB_Gapsule_Debris_4": { "File": "pinkburner/GapsuleDebris4.png", "Rect":  "0,0,32,24", "Center": "32,12" },
	"PB_Gapsule_Debris_5": { "File": "pinkburner/GapsuleDebris5.png", "Rect":  "0,0,16,32", "Center": "8,16" },

	"PB_Zact": { "File": "zact.png", "Rect":  "0,0,50,63", "Center": "25,32" },

	"bossf3":  { "File": "pinkburner/bossname.png", "Rect": "0,0,138,7", "Center": "0,0" },

	"PB_Watch_Out_00": { "File": "pinkburner/PBWatchOut.png", "Rect":  "0,0,256,32", "Center": "128,16" },
	"PB_Watch_Out_01": { "File": "pinkburner/PBWatchOut.png", "Rect":  "0,32,256,32", "Center": "128,16" },
	"PB_Watch_Out_02": { "File": "pinkburner/PBWatchOut.png", "Rect":  "0,64,256,32", "Center": "128,16" },
	"PB_Watch_Out_03": { "File": "pinkburner/PBWatchOut.png", "Rect":  "0,96,256,32", "Center": "128,16" },
	"PB_Watch_Out_04": { "File": "pinkburner/PBWatchOut.png", "Rect":  "0,128,256,32", "Center": "128,16" },
	"PB_Watch_Out_05": { "File": "pinkburner/PBWatchOut.png", "Rect":  "0,160,256,32", "Center": "128,16" },
	"PB_Watch_Out_06": { "File": "pinkburner/PBWatchOut.png", "Rect":  "0,192,256,32", "Center": "128,16" },
	"PB_Watch_Out_07": { "File": "pinkburner/PBWatchOut.png", "Rect":  "0,224,256,32", "Center": "128,16" },
	"PB_Watch_Out_08": { "File": "pinkburner/PBWatchOut.png", "Rect":  "0,256,256,32", "Center": "128,16" },
	"PB_Watch_Out_09": { "File": "pinkburner/PBWatchOut.png", "Rect":  "0,288,256,32", "Center": "128,16" },
	"PB_Watch_Out_010": { "File": "pinkburner/PBWatchOut.png", "Rect":  "0,320,256,32", "Center": "128,16" },
	"PB_Watch_Out_011": { "File": "pinkburner/PBWatchOut.png", "Rect":  "0,352,256,32", "Center": "128,16" },
	"PB_Watch_Out_012": { "File": "pinkburner/PBWatchOut.png", "Rect":  "0,384,256,32", "Center": "128,16" },
	"PB_Watch_Out_013": { "File": "pinkburner/PBWatchOut.png", "Rect":  "0,416,256,32", "Center": "128,16" },
	"PB_Watch_Out_014": { "File": "pinkburner/PBWatchOut.png", "Rect":  "0,448,256,32", "Center": "128,16" },
	"PB_Watch_Out_015": { "File": "pinkburner/PBWatchOut.png", "Rect":  "0,480,256,32", "Center": "128,16" }
}