{
	"PB_P_Head_Pissed": { "File": "pinkburner/pissed/PBHead.png", "Rect":  "0,48,64,48", "Center": "32,24" },
	"PB_P_Head_Pissed_Hit": { "File": "pinkburner/pissed/PBHead.png", "Rect":  "64,48,64,48", "Center": "32,24" },

	"PB_P_Hand": { "File": "pinkburner/pissed/PBHand.png", "Rect":  "0,0,38,57", "Center": "0,6" },

	"PB_P_Front_Leg": { "File": "pinkburner/pissed/PBFrontLeg.png", "Rect":  "0,0,88,112", "Center": "4,40" },
	"PB_P_Back_Leg": { "File": "pinkburner/pissed/PBBackLeg.png", "Rect":  "0,0,32,48", "Center": "0,16" },
	"PB_P_Linker": { "File": "pinkburner/pissed/PBLinker.png", "Rect":  "0,0,40,24", "Center": "0,12" },
}