{
	"BatteryRing_00":  { "File": "BatteryRing.png", "Rect": "0,0,48,48", "Center": "24,24" },
	"BatteryRing_01":  { "File": "BatteryRing.png", "Rect": "48,0,48,48", "Center": "24,24" },
	"BatteryRing_02":  { "File": "BatteryRing.png", "Rect": "96,0,48,48", "Center": "24,24" },
	"BatteryRing_03":  { "File": "BatteryRing.png", "Rect": "144,0,48,48", "Center": "24,24" },
	"BatteryRing_04":  { "File": "BatteryRing.png", "Rect": "192,0,48,48", "Center": "24,24" },
	"BatteryRing_05":  { "File": "BatteryRing.png", "Rect": "240,0,48,48", "Center": "24,24" },
	"BatteryRing_06":  { "File": "BatteryRing.png", "Rect": "288,0,48,48", "Center": "24,24" },
	"BatteryRing_07":  { "File": "BatteryRing.png", "Rect": "336,0,48,48", "Center": "24,24" },

	"DrainedRing_00":  { "File": "DrainedRing.bmp", "Rect": "0,0,16,16", "Center": "8,8" },
	"DrainedRing_01":  { "File": "DrainedRing.bmp", "Rect": "16,0,16,16", "Center": "8,8" },
	"DrainedRing_02":  { "File": "DrainedRing.bmp", "Rect": "32,0,16,16", "Center": "8,8" },
	"DrainedRing_03":  { "File": "DrainedRing.bmp", "Rect": "48,0,16,16", "Center": "8,8" },
	"DrainedRing_04":  { "File": "DrainedRing.bmp", "Rect": "64,0,16,16", "Center": "8,8" },
	"DrainedRing_05":  { "File": "DrainedRing.bmp", "Rect": "80,0,16,16", "Center": "8,8" },
	"DrainedRing_06":  { "File": "DrainedRing.bmp", "Rect": "96,0,16,16", "Center": "8,8" },
	"DrainedRing_07":  { "File": "DrainedRing.bmp", "Rect": "112,0,16,16", "Center": "8,8" },

	"RadiantRing_00":  { "File": "RadiantRing.png", "Rect": "0,0,34,34", "Center": "17,17" },
	"RadiantRing_01":  { "File": "RadiantRing.png", "Rect": "0,34,34,34", "Center": "17,17" },
	"RadiantRing_02":  { "File": "RadiantRing.png", "Rect": "0,68,34,34", "Center": "17,17" },
	"RadiantRing_03":  { "File": "RadiantRing.png", "Rect": "0,102,34,34", "Center": "17,17" },
	"RadiantRing_04":  { "File": "RadiantRing.png", "Rect": "0,136,34,34", "Center": "17,17" },
	"RadiantRing_05":  { "File": "RadiantRing.png", "Rect": "0,170,34,34", "Center": "17,17" },
	"RadiantRing_06":  { "File": "RadiantRing.png", "Rect": "0,204,34,34", "Center": "17,17" },
	"RadiantRing_07":  { "File": "RadiantRing.png", "Rect": "0,238,34,34", "Center": "17,17" }
}