{
	"deeznutsomeonecameinthemailtoday": { "File": "NewtrogicDripS3.bmp", "Rect":  "0,0,22,22", "Center": "11,12" },
	"kachingism": { "File": "FEFE.bmp", "Rect":  "0,0,37,37", "Center": "18,17" },
	"monitor_icon_uwu": { "File": "uwu.bmp", "Rect":"0,0,16,16",  "Center": "8,8" },
	"fefeicon": { "File": "FEFE.bmp", "Rect":  "37,0,37,37", "Center": "18,18" },
	"toobad": { "File": "NoLinkForYou.png", "Rect": "0,0,240,24", "Center": "120,12" },
	"nolinkforyou": { "File": "NoLinkForYou.png", "Rect": "0,24,240,24", "Center": "120,12" },
	"gettrolled": { "File": "GetTrolled.png", "Rect": "0,0,183,24", "Center": "91,12" },
	"lol": { "File": "GetTrolled.png", "Rect": "0,24,99,47", "Center": "50,24" },
	"barcode_plush": { "File": "barcode_plush.png", "Rect": "0,0,23,32", "Center": "11,16" },
}