{
	"hud_superrush_bg_np_0x00": { "File": "superrush_bg.png", "Rect": "0,0,496,224", "Center": "248,112" },
	"hud_superrush_bg_np_0x01": { "File": "superrush_bg.png", "Rect": "0,224,496,224", "Center": "248,112" },
	"hud_superrush_bg_np_0x02": { "File": "superrush_bg.png", "Rect": "0,448,496,224", "Center": "248,112" },
	"hud_superrush_bg_np_0x03": { "File": "superrush_bg.png", "Rect": "0,672,496,224", "Center": "248,112" },
	"hud_superrush_bg_np_0x04": { "File": "superrush_bg.png", "Rect": "0,896,496,224", "Center": "248,112" },
	"hud_superrush_bg_np_0x05": { "File": "superrush_bg.png", "Rect": "0,1120,496,224", "Center": "248,112" },
	"hud_superrush_bg_np_0x06": { "File": "superrush_bg.png", "Rect": "0,1344,496,224", "Center": "248,112" },
	"hud_superrush_bg_np_0x07": { "File": "superrush_bg.png", "Rect": "0,1568,496,224", "Center": "248,112" },
	"hud_superrush_bg_np_0x08": { "File": "superrush_bg.png", "Rect": "0,1792,496,224", "Center": "248,112" },
	"hud_superrush_bg_np_0x09": { "File": "superrush_bg.png", "Rect": "0,2016,496,224", "Center": "248,112" },
	"hud_superrush_bg_np_0x0a": { "File": "superrush_bg.png", "Rect": "0,2240,496,224", "Center": "248,112" },
	"hud_superrush_bg_np_0x0b": { "File": "superrush_bg.png", "Rect": "0,2464,496,224", "Center": "248,112" },
	"hud_superrush_bg_np_0x0c": { "File": "superrush_bg.png", "Rect": "0,2688,496,224", "Center": "248,112" },
	"hud_superrush_bg_np_0x0d": { "File": "superrush_bg.png", "Rect": "0,2912,496,224", "Center": "248,112" },
	"hud_superrush_bg_np_0x0e": { "File": "superrush_bg.png", "Rect": "0,3136,496,224", "Center": "248,112" },
	"hud_superrush_bg_np_0x0f": { "File": "superrush_bg.png", "Rect": "0,3360,496,224", "Center": "248,112" },
	"hud_superrush_bg_np_0x10": { "File": "superrush_bg.png", "Rect": "0,3584,496,224", "Center": "248,112" },
	"hud_superrush_bg_np_0x11": { "File": "superrush_bg.png", "Rect": "0,3808,496,224", "Center": "248,112" },
	"hud_superrush_bg_np_0x12": { "File": "superrush_bg.png", "Rect": "0,4032,496,224", "Center": "248,112" },
	"hud_superrush_bg_np_0x13": { "File": "superrush_bg.png", "Rect": "0,4256,496,224", "Center": "248,112" },
	"hud_superrush_bg_np_0x14": { "File": "superrush_bg.png", "Rect": "0,4480,496,224", "Center": "248,112" },
}