{
	"MetalBlack":  { "File": "MetalBlack.png", "Rect": "0,0,10240,244", "Center": "10240,0" },

	"ZoneClear_Sonic_0":  { "File": "ZoneClearSonic.png", "Rect": "0,0,134,66", "Center": "134,33" },
	"ZoneClear_Sonic_1":  { "File": "ZoneClearSonic.png", "Rect": "134,0,134,66", "Center": "134,33" },

	"ZoneClear":  { "File": "ZoneClear.png", "Rect": "0,0,171,93", "Center": "171,0" },

	"ZoneClear_Bonus_Time":  { "File": "ZoneClearBonus.png", "Rect": "0,0,69,10", "Center": "0,5" },
	"ZoneClear_Bonus_Ring":  { "File": "ZoneClearBonus.png", "Rect": "0,10,69,10", "Center": "0,5" },
	"ZoneClear_Bonus_Total":  { "File": "ZoneClearBonus.png", "Rect": "0,20,69,10", "Center": "0,5" },

	// Digits (for score, time, rings)
	"hud_digit_zc_np_0": { "File": "ZoneClearDigits.png", "Rect":  "0,0,8,10" },
	"hud_digit_zc_np_1": { "File": "ZoneClearDigits.png", "Rect":  "8,0,8,10" },
	"hud_digit_zc_np_2": { "File": "ZoneClearDigits.png", "Rect": "16,0,8,10" },
	"hud_digit_zc_np_3": { "File": "ZoneClearDigits.png", "Rect": "24,0,8,10" },
	"hud_digit_zc_np_4": { "File": "ZoneClearDigits.png", "Rect": "32,0,8,10" },
	"hud_digit_zc_np_5": { "File": "ZoneClearDigits.png", "Rect": "40,0,8,10" },
	"hud_digit_zc_np_6": { "File": "ZoneClearDigits.png", "Rect": "48,0,8,10" },
	"hud_digit_zc_np_7": { "File": "ZoneClearDigits.png", "Rect": "56,0,8,10" },
	"hud_digit_zc_np_8": { "File": "ZoneClearDigits.png", "Rect": "64,0,8,10" },
	"hud_digit_zc_np_9": { "File": "ZoneClearDigits.png", "Rect": "72,0,8,10" },
}