{
	"Metadata": {
		"Name": "Debug Mode+",
		"Author": "DaKingofCheckerz",
		"Description": "Upgrades the Debug Mode experience! Swap between monitors, respect modded HUD, and more!",
		"ModVersion": "2.0.1",
		"GameVersion": "20.07.24.0"
	},

	"Settings":
	{
		"List":
		[
			{
				"InternalName": "DebugModePlusUseAlternateControls",
				"DisplayName": "Alternate Control Scheme",
				"Variable": "DebugModePlus.Setting.useAlternateControls",
				"Category": "General",
				"DefaultValue": "0x00",
				"Options":
				{
					"0x00": "Disabled",
					"0x01": "Enabled"
				}
			},
			{
				"InternalName": "DebugModePlusDefaultMonitor",
				"DisplayName": "Default Monitor",
				"Category" : "General",
				"Variable": "DebugModePlus.Setting.defaultMonitor",
				"DefaultValue": "0x09",
				"Options":
				{
					"0x00": "0x00",
					"0x01": "0x01 (Extra Life)",
					"0x02": "0x02 (Eggman)",
					"0x03": "0x03 (Ring)",
					"0x04": "0x04 (Speed Shoes)",
					"0x05": "0x05 (Fire Shield)",
					"0x06": "0x06 (Lightning Shield)",
					"0x07": "0x07 (Bubble Shield)",
					"0x08": "0x08 (Invincibility)",
					"0x09": "0x09 (S Monitor)",
					"0x0a": "0x0a (Broken)",
					"0x0b": "0x0b (Classic Shield)",
					"0x0c": "0x0c",
					"0x0d": "0x0d",
					"0x0e": "0x0e",
					"0x0f": "0x0f"
				}
			},
			{
				"InternalName": "DebugModePlusEnableCustomHUD",
				"DisplayName": "Enable Custom HUD",
				"Category": "Custom HUD",
				"Variable": "DebugModePlus.Setting.enableCustomHUD",
				"DefaultValue": "0x01",
				"Options":
				{
					"0x00": "Disabled",
					"0x01": "Enabled"
				}
			},
			{
				"InternalName": "DebugModePlusAlwaysShowDebugHUD",
				"DisplayName": "Always Show Custom HUD",
				"Category": "Custom HUD",
				"Variable": "DebugModePlus.Setting.alwaysShowDebugHUD",
				"DefaultValue": "0x00",
				"Options":
				{
					"0x00": "Disabled",
					"0x01": "Enabled"
				}
			}
		]
	}
}
