{
	"menu_characters_sonic":  { "File": "character_sonic_hud.png", "Rect": "66,3,60,60", "Center": "31,40" },
	"menu_characters_sonic_tails":  { "File": "character_sonic_hud.png", "Rect": "129,3,60,60", "Center": "30,40" },
	"hud_lives_icon_sonic":  { "File": "character_sonic_hud.png", "Rect": "3,3,60,16", "Center": "0,0" },
	"result_nameplate_sonic":  { "File": "character_sonic_hud.png", "Rect": "3,66,73,16", "Center": "-1,0" },
	"hud_bonus_icon_blue":  { "File": "character_sonic_hud.png", "Rect": "192,3,13,20", "Center": "0,1" },
	"continue_icon_sonic":  { "File": "character_sonic_hud.png", "Rect": "192,26,24,26", "Center": "13,26" },
	"ESS_Char_Sonic":  { "File": "character_sonic_hud.png", "Rect": "66,3,60,60", "Center": "31,60" },
	"ESS_Life_Sonic":  { "File": "character_sonic_hud.png", "Rect": "3,3,16,16", "Center": "8,16" },
	"ESS_Cont_Sonic":  { "File": "character_sonic_hud.png", "Rect": "192,26,24,26", "Center": "11,26" },
	"ESS_Zone_Sonic_0":  { "File": "character_sonic_hud.png", "Rect": "3,87,80,56", "Center": "40,28" },
	"ESS_Zone_Sonic_1":  { "File": "character_sonic_hud.png", "Rect": "86,87,80,56", "Center": "40,28" },
	"ESS_Zone_Sonic_2":  { "File": "character_sonic_hud.png", "Rect": "169,87,80,56", "Center": "40,28" },
	"hud_lives_text_sonic":  { "File": "character_sonic_hud.png", "Rect": "19,3,44,16", "Center": "-16,0" },
	"hud_lives_text_supersonic":  { "File": "character_sonic_hud.png", "Rect": "19,21,44,16", "Center": "-16,0" },
	"hud_lives_text_hypersonic":  { "File": "character_sonic_hud.png", "Rect": "19,39,44,16", "Center": "-16,0" }
}