{
	"TT16AtomicBomb_0":  { "File": "tt16_atomicbomb.bmp", "Rect": "3,4,32,32", "Center": "15,17" },
	"TT16AtomicBomb_1":  { "File": "tt16_atomicbomb.bmp", "Rect": "38,4,32,32", "Center": "15,16" },
	"TT16AtomicBomb_2":  { "File": "tt16_atomicbomb.bmp", "Rect": "74,4,32,32", "Center": "15,16" },
	"TT16AtomicBomb_3":  { "File": "tt16_atomicbomb.bmp", "Rect": "109,4,32,32", "Center": "15,16" },
	"TT16AtomicBomb_4":  { "File": "tt16_atomicbomb.bmp", "Rect": "146,8,26,28", "Center": "13,14" },
	"TT16AtomicBomb_5":  { "File": "tt16_atomicbomb.bmp", "Rect": "176,2,24,34", "Center": "12,17" },
	"TT16AtomicBomb_6":  { "File": "tt16_atomicbomb.bmp", "Rect": "203,18,41,18", "Center": "18,2" },
	"TT16AtomicBomb_7":  { "File": "tt16_atomicbomb.bmp", "Rect": "246,16,39,20", "Center": "19,4" },
	"TT16AtomicBomb_8":  { "File": "tt16_atomicbomb.bmp", "Rect": "287,16,38,20", "Center": "19,4" },
	"TT16AtomicBomb_9":  { "File": "tt16_atomicbomb.bmp", "Rect": "327,13,31,23", "Center": "15,7" },
	"TT16AtomicBomb_10":  { "File": "tt16_atomicbomb.bmp", "Rect": "360,2,23,34", "Center": "11,18" },
	"TT16AtomicBomb_11":  { "File": "tt16_atomicbomb.bmp", "Rect": "360,2,23,34", "Center": "11,18" },
}