{
	"Slide_TT16_0":  { "File": "slap_TT16.bmp", "Rect": "2,17,38,31", "Center": "22,15" },
	"Slide_TT16_1":  { "File": "slap_TT16.bmp", "Rect": "43,22,38,26", "Center": "19,9" },
	"Slide_TT16_2":  { "File": "slap_TT16.bmp", "Rect": "83,22,38,26", "Center": "19,8" },
	"Slide_TT16_3":  { "File": "slap_TT16.bmp", "Rect": "125,22,39,26", "Center": "19,8" },
	"Slide_TT16_4":  { "File": "slap_TT16.bmp", "Rect": "169,21,39,27", "Center": "19,8" },
	"Slide_TT16_5":  { "File": "slap_TT16.bmp", "Rect": "209,21,31,27", "Center": "16,11" },
	"Slide_TT16_6":  { "File": "slap_TT16.bmp", "Rect": "241,20,27,28", "Center": "13,12" },
	"Slide_TT16_7":  { "File": "slap_TT16.bmp", "Rect": "269,20,27,28", "Center": "13,12" },
	"Slide_TT16_8":  { "File": "slap_TT16.bmp", "Rect": "297,20,27,28", "Center": "13,12" },
	"Slide_TT16_9":  { "File": "slap_TT16.bmp", "Rect": "269,20,27,28", "Center": "13,12" },
	"Slide_TT16_10":  { "File": "slap_TT16.bmp", "Rect": "297,20,27,28", "Center": "13,12" },
	"Slide_TT16_11":  { "File": "slap_TT16.bmp", "Rect": "325,15,23,33", "Center": "11,17" },
}