{
	"Highjump_TT16_0":  { "File": "jump.bmp", "Rect": "0,121,45,34", "Center": "20,16" },
	"Highjump_TT16_1":  { "File": "jump.bmp", "Rect": "0,0,40,40", "Center": "20,20" },
	"Highjump_TT16_2":  { "File": "jump.bmp", "Rect": "40,0,40,40", "Center": "20,20" },
	"Highjump_TT16_3":  { "File": "jump.bmp", "Rect": "80,0,40,40", "Center": "20,20" },
	"Highjump_TT16_4":  { "File": "jump.bmp", "Rect": "0,40,40,40", "Center": "20,20" },
	"Highjump_TT16_5":  { "File": "jump.bmp", "Rect": "40,40,40,40", "Center": "20,20" },
	"Highjump_TT16_6":  { "File": "jump.bmp", "Rect": "80,40,40,40", "Center": "20,20" },
	"Highjump_TT16_7":  { "File": "jump.bmp", "Rect": "0,80,40,40", "Center": "20,20" },
	"Highjump_TT16_8":  { "File": "jump.bmp", "Rect": "40,80,40,40", "Center": "20,20" },
	"Highjump_TT16_9":  { "File": "jump.bmp", "Rect": "80,80,40,40", "Center": "20,20" },
}