{
	"dust_0x00":  { "File": "dust.bmp", "Rect": "0,0,16,16", "Center": "8,8" },
	"dust_0x01":  { "File": "dust.bmp", "Rect": "16,0,16,16", "Center": "8,8" },
	"dust_0x02":  { "File": "dust.bmp", "Rect": "32,0,16,16", "Center": "8,8" },
	"dust_0x03":  { "File": "dust.bmp", "Rect": "48,0,16,16", "Center": "8,8" },
	"heart_0x00":  { "File": "Heart.bmp", "Rect": "0,0,21,21", "Center": "8,8" },
	"heart_0x01":  { "File": "Heart.bmp", "Rect": "21,0,21,21", "Center": "8,8" },
	"heart_0x02":  { "File": "Heart.bmp", "Rect": "42,0,21,21", "Center": "8,8" },
	"heart_0x03":  { "File": "Heart.bmp", "Rect": "63,0,21,21", "Center": "8,8" },
	"heart_0x04":  { "File": "Heart.bmp", "Rect": "84,0,21,21", "Center": "8,8" },
	"heartswing_0x00":  { "File": "HeartSwing.bmp", "Rect": "0,0,21,21", "Center": "8,8" },
	"heartswing_0x01":  { "File": "HeartSwing.bmp", "Rect": "21,0,21,21", "Center": "8,8" },
	"heartswing_0x02":  { "File": "HeartSwing.bmp", "Rect": "42,0,21,21", "Center": "8,8" },
	"heartswing_0x03":  { "File": "HeartSwing.bmp", "Rect": "63,0,21,21", "Center": "8,8" },
	"heartswing_0x04":  { "File": "HeartSwing.bmp", "Rect": "84,0,21,21", "Center": "8,8" },
	"heartS3_0x00":  { "File": "HeartS3.bmp", "Rect": "0,0,21,21", "Center": "8,8" },
	"heartS3_0x01":  { "File": "HeartS3.bmp", "Rect": "21,0,21,21", "Center": "8,8" },
	"heartS3_0x02":  { "File": "HeartS3.bmp", "Rect": "42,0,21,21", "Center": "8,8" },
	"heartS3_0x03":  { "File": "HeartS3.bmp", "Rect": "63,0,21,21", "Center": "8,8" },
	"heartS3_0x04":  { "File": "HeartS3.bmp", "Rect": "84,0,21,21", "Center": "8,8" },
	"SpinDust_0x00":  { "File": "Spindashdust.png", "Rect": "0,0,32,23", "Center": "32,3" },
	"SpinDust_0x01":  { "File": "Spindashdust.png", "Rect": "32,0,32,23", "Center": "32,3" },
	"SpinDust_0x02":  { "File": "Spindashdust.png", "Rect": "64,0,32,23", "Center": "32,3" },
	"SpinDust_0x03":  { "File": "Spindashdust.png", "Rect": "96,0,32,23", "Center": "32,3" },
	"SpinDust_0x04":  { "File": "Spindashdust.png", "Rect": "128,0,32,23", "Center": "32,3" },
	"SpinDust_0x05":  { "File": "Spindashdust.png", "Rect": "160,0,32,23", "Center": "32,3" },
	"SpinDust_0x06":  { "File": "Spindashdust.png", "Rect": "192,0,32,23", "Center": "32,3" },
	"spr_realisticexplosion_0":  { "File": "spr_realisticexplosion.png", "Rect": "1,15,71,100", "Center": "34,55" },
	"spr_realisticexplosion_1":  { "File": "spr_realisticexplosion.png", "Rect": "73,15,71,100", "Center": "34,55" },
	"spr_realisticexplosion_2":  { "File": "spr_realisticexplosion.png", "Rect": "145,15,71,100", "Center": "34,55" },
	"spr_realisticexplosion_3":  { "File": "spr_realisticexplosion.png", "Rect": "217,15,71,100", "Center": "34,55" },
	"spr_realisticexplosion_4":  { "File": "spr_realisticexplosion.png", "Rect": "289,15,71,100", "Center": "34,55" },
	"spr_realisticexplosion_5":  { "File": "spr_realisticexplosion.png", "Rect": "361,15,71,100", "Center": "34,55" },
	"spr_realisticexplosion_6":  { "File": "spr_realisticexplosion.png", "Rect": "1,116,71,100", "Center": "34,55" },
	"spr_realisticexplosion_7":  { "File": "spr_realisticexplosion.png", "Rect": "73,116,71,100", "Center": "34,55" },
	"spr_realisticexplosion_8":  { "File": "spr_realisticexplosion.png", "Rect": "145,116,71,100", "Center": "34,55" },
	"spr_realisticexplosion_9":  { "File": "spr_realisticexplosion.png", "Rect": "217,116,71,100", "Center": "34,55" },
	"spr_realisticexplosion_10":  { "File": "spr_realisticexplosion.png", "Rect": "289,116,71,100", "Center": "34,55" },
	"spr_realisticexplosion_11":  { "File": "spr_realisticexplosion.png", "Rect": "361,116,71,100", "Center": "34,55" },
	"spr_realisticexplosion_12":  { "File": "spr_realisticexplosion.png", "Rect": "1,217,71,100", "Center": "34,55" },
	"spr_realisticexplosion_13":  { "File": "spr_realisticexplosion.png", "Rect": "73,217,71,100", "Center": "34,55" },
	"spr_realisticexplosion_14":  { "File": "spr_realisticexplosion.png", "Rect": "145,217,71,100", "Center": "34,55" },
	"spr_realisticexplosion_15":  { "File": "spr_realisticexplosion.png", "Rect": "217,217,71,100", "Center": "34,55" },
	"spr_realisticexplosion_16":  { "File": "spr_realisticexplosion.png", "Rect": "289,217,71,100", "Center": "34,55" }
}