{
	"Metadata":
	{
		"Name": "Extra Slot Modern Amy",
		"UniqueID": "ES-Modern-Amy",
		"Author": "MobiTeam",
		"Description": "Now you can play as Modern Amy in Sonic 3 A.I.R. She have frontiers + advance moveset, which is fully toggleable! Also her best friend Cream is here to help her!",
		"URL": "https://discord.gg/R2bbKwbVAR",
		"ModVersion": "2.0",
		"GameVersion": "20.04.26.0"
	},
	"UsesFeatures": { "Controls_LR": true },
	"OtherMods":
	{
		"ES-cream":
		{
			"DisplayName": "Extra Slot Cream",
			"IsRequired": "0",
			"Priority": "Lower"
		},
	},
	"Settings":
	{
		"List":
		[
			{
				"InternalName": "Amy's Sprites",
				"DisplayName": "Amy's Sprites",
				"Variable": "MAmySprites",
				"DefaultValue": "0",
				"Category": "Visual",
				"Options":
				{
					"0": "Default",
					"1": "Modgen (Not finished)"
				}
			},
			{
				"InternalName": "Amy's Palette",
				"DisplayName": "Amy's Palette",
				"Variable": "MAmyPalette",
				"DefaultValue": "0",
				"Category": "Visual",
				"Options":
				{
					"0": "Default",
					"1": "Forever",
					"2": "CD",
					"3": "Pink Edition",
					"4": "S3 & Amy Rose Hack",
					"5": "Advance",
					"6": "Generations",
					"7": "Frontiers"
				}
			},
			{
				"InternalName": "Amy's unique speed shoes icon",
				"DisplayName": "Speed Shoes Icon",
				"Variable": "MAmyShoes",
				"DefaultValue": "1",
				"Category": "Visual",
				"Options":
				{
					"0": "Default",
					"1": "Unique"
				}
			},
			{
				"InternalName": "Amy's Partner Hud",
				"DisplayName": "Partner Hud",
				"Variable": "MAmyPartnerHud",
				"DefaultValue": "1",
				"Category": "Visual",
				"Options":
				{
					"0": "Off",
					"1": "On (Partner HUD Required)"
				}
			},
			{
				"InternalName": "Amy's Partner",
				"DisplayName": "Amy's Partner",
				"Variable": "MAmyPartner",
				"DefaultValue": "0",
				"Category": "Gameplay",
				"Options":
				{
					"0": "Off",
					"1": "Tails",
					"2": "Cream (ES Cream Required)"
				}
			},
			{
				"InternalName": "Boost Speed",
				"DisplayName": "Boost Speed",
				"Variable": "MAmyBoostSpeedSetting",
				"DefaultValue": "1",
				"Category": "Gameplay",
				"Options":
				{
					"0": "Low",
					"1": "Normal",
					"2": "High"
				}
			},
			{
				"InternalName": "Straight Jump",
				"DisplayName": "Straight Jump",
				"Variable": "MAmyStraightJump",
				"DefaultValue": "0",
				"Category": "Gameplay",
				"Options":
				{
					"0": "Off",
					"1": "On",
				}
			},
			{
				"InternalName": "Spindash",
				"DisplayName": "Spindash",
				"Variable": "MAmyToggleSpindash",
				"DefaultValue": "1",
				"Category": "Gameplay",
				"Options":
				{
					"0": "Off",
					"1": "On",
				}
			},
			{
				"InternalName": "Break Walls",
				"DisplayName": "Break Walls",
				"Variable": "MAmyBreakWalls",
				"DefaultValue": "1",
				"Category": "Gameplay",
				"Options":
				{
					"0": "Off",
					"1": "On",
				}
			},
			{
				"InternalName": "Break Knuckles' Walls",
				"DisplayName": "Break Knuckles' Walls",
				"Variable": "MAmyBreakWalls.KNUX",
				"DefaultValue": "0",
				"Category": "Gameplay",
				"Options":
				{
					"0": "Off",
					"1": "On",
				}
			},
			{
				"InternalName": "Triple Jump Button",
				"DisplayName": "Triple Jump",
				"Variable": "TripleJumpButton",
				"DefaultValue": "0x40",
				"Category": "Controls",
				"Options":
				{
					"0": "Off",
					"0x10": "B",
					"0x20": "X/C",
					"0x40": "A"
				}
			},
			{
				"InternalName": "Tarot Glide Button",
				"DisplayName": "Tarot Glide",
				"Variable": "TarotGlideButton",
				"DefaultValue": "2",
				"Category": "Controls",
				"Options":
				{
					"0": "Off",
					"1": "Up",
					"2": "Triple Jump Button"
				}
			},
			{
				"InternalName": "Tarot Spin Button",
				"DisplayName": "Tarot Spin",
				"Variable": "TarotSpinButton",
				"DefaultValue": "0x20",
				"Category": "Controls",
				"Options":
				{
					"0": "Off",
					"0x10": "B",
					"0x20": "X/C",
					"0x40": "A"
				}
			},
			{
				"InternalName": "High Jump Button",
				"DisplayName": "High Jump",
				"Variable": "MAmyHighJumpButton",
				"DefaultValue": "0x40",
				"Category": "Controls",
				"Options":
				{
					"0": "Off",
					"0x10": "B",
					"0x20": "X/C",
					"0x40": "A"
				}
			},
			{
				"InternalName": "Hammer Attack Button",
				"DisplayName": "Hammer Attack",
				"Variable": "MAmyHammerAttackButton",
				"DefaultValue": "0x20",
				"Category": "Controls",
				"Options":
				{
					"0": "Off",
					"0x10": "B",
					"0x20": "X/C",
					"0x40": "A"
				}
			},
			{
				"InternalName": "Hammer Glide Button",
				"DisplayName": "Hammer Glide",
				"Variable": "HammerGlideButton",
				"DefaultValue": "0x40",
				"Category": "Controls",
				"Options":
				{
					"0": "Off",
					"0x10": "B",
					"0x20": "X/C",
					"0x40": "A"
				}
			},
			{
				"InternalName": "Boost Button",
				"DisplayName": "Boost",
				"Variable": "BoostButton",
				"DefaultValue": "0x10",
				"Category": "Controls",
				"Options":
				{
					"0": "Off",
					"0x10": "B",
					"0x20": "X/C",
					"0x40": "A"
				}
			},
			{
				"InternalName": "Stomp Button",
				"DisplayName": "Stomp",
				"Variable": "StompButton",
				"DefaultValue": "0x20",
				"Category": "Controls",
				"Options":
				{
					"0": "Off",
					"0x10": "B",
					"0x20": "X/C",
					"0x40": "A"
				}
			},
			{
				"InternalName": "Amy's Name In Act Select",
				"DisplayName": "Amy's Name In Act Select",
				"Variable": "MAmyName",
				"DefaultValue": "0",
				"Category": "Tweaks",
				"Options":
				{
					"0": "Modern Amy",
					"1": "Amy Rose",
					"2": "Amy"
				}
			},
			{
				"InternalName": "Amy Chao",
				"DisplayName": "Amy Chao",
				"Variable": "AmyChaoSetting",
				"DefaultValue": "1",
				"Category": "Tweaks",
				"Options":
				{
					"0": "Off",
					"1": "On"
				}
			},
			{
				"InternalName": "Stomp After Images",
				"DisplayName": "Stomp After Images",
				"Variable": "StompAfterImages",
				"DefaultValue": "1",
				"Category": "Tweaks",
				"Options":
				{
					"0": "Off",
					"1": "On"
				}
			},
			{
				"InternalName": "Boost After Images",
				"DisplayName": "Boost After Images",
				"Variable": "BoostAfterImages",
				"DefaultValue": "1",
				"Category": "Tweaks",
				"Options":
				{
					"0": "Off",
					"1": "On"
				}
			},
			{
				"InternalName": "Stomp Hyper Flash",
				"DisplayName": "Stomp Hyper Flash",
				"Variable": "MAmyStompFlash",
				"DefaultValue": "0",
				"Category": "Tweaks",
				"Options":
				{
					"0": "Off",
					"1": "On"
				}
			},
			{
				"InternalName": "Boost Hyper Flash",
				"DisplayName": "Boost Hyper Flash",
				"Variable": "MAmyBoostFlash",
				"DefaultValue": "0",
				"Category": "Tweaks",
				"Options":
				{
					"0": "Off",
					"1": "On"
				}
			},
			{
				"InternalName": "Hammer Attack Flash",
				"DisplayName": "Hammer Attack Flash",
				"Variable": "HammerAttackFlash",
				"DefaultValue": "0",
				"Category": "Tweaks",
				"Options":
				{
					"0": "Off",
					"1": "On"
				}
			},
			{
				"InternalName": "Boost Drains Rings",
				"DisplayName": "Boost Drains Rings",
				"Variable": "MAmyBoostDrainsRings",
				"DefaultValue": "0",
				"Category": "Experimental",
				"Options":
				{
					"0": "Off",
					"1": "On",
				}
			},
		]
	}
}
