{
	"eggman-blue-00":  { "File": "boss.bmp", "Rect": "3,0,39,23", "Center": "19,14" },
	"eggman-blue-01":  { "File": "boss.bmp", "Rect": "44,0,40,22", "Center": "20,14" },
	"eggman-blue-02":  { "File": "boss.bmp", "Rect": "88,0,37,22", "Center": "18,14" },
	"eggman-blue-03":  { "File": "boss.bmp", "Rect": "125,0,43,22", "Center": "23,14" },
	"eggman-fbz-blue-00":  { "File": "boss.bmp", "Rect": "0,23,31,17", "Center": "16,9" },
	"eggman-fbz-blue-01":  { "File": "boss.bmp", "Rect": "32,23,34,17", "Center": "17,9" },
	"eggman-fbz-blue-02":  { "File": "boss.bmp", "Rect": "66,23,34,17", "Center": "17,9" },
	"eggman-fbz-blue-03":  { "File": "boss.bmp", "Rect": "100,23,34,17", "Center": "17,9" },
	"eggman-lrz-blue-0f":  { "File": "boss.bmp", "Rect": "0,41,26,15", "Center": "16,7" },
	"eggman-lrz-blue-10":  { "File": "boss.bmp", "Rect": "26,40,26,16", "Center": "16,8" },
	"eggman-lrz-blue-11":  { "File": "boss.bmp", "Rect": "52,40,26,16", "Center": "16,8" },
	"eggman-fbz-mini-blue-00":  { "File": "boss.bmp", "Rect": "0,57,52,75", "Center": "16,47" },
	"eggman-fbz-mini-blue-01":  { "File": "boss.bmp", "Rect": "52,57,52,75", "Center": "16,47" },
	"eggman-fbz-mini-blue-02":  { "File": "boss.bmp", "Rect": "104,50,52,82", "Center": "16,54" },
	"eggman-fbz-mini-blue-03":  { "File": "boss.bmp", "Rect": "156,50,56,82", "Center": "17,54" },
	"eggman-blue-00-png":  { "File": "boss.png", "Rect": "3,0,39,23", "Center": "19,14" },
	"eggman-blue-01-png":  { "File": "boss.png", "Rect": "45,0,38,22", "Center": "19,14" },
	"eggman-blue-02-png":  { "File": "boss.png", "Rect": "87,0,39,23", "Center": "19,14" },
	"eggman-blue-03-png":  { "File": "boss.png", "Rect": "128,0,45,22", "Center": "20,14" },
	"eggman-fbz-blue-00-png":  { "File": "boss.png", "Rect": "0,23,32,17", "Center": "16,9" },
	"eggman-fbz-blue-01-png":  { "File": "boss.png", "Rect": "32,23,34,17", "Center": "17,9" },
	"eggman-fbz-blue-02-png":  { "File": "boss.png", "Rect": "66,23,34,17", "Center": "17,9" },
	"eggman-fbz-blue-03-png":  { "File": "boss.png", "Rect": "100,23,34,17", "Center": "17,9" },
	"eggman-lrz-blue-0f-png":  { "File": "boss.png", "Rect": "0,41,26,16", "Center": "16,7" },
	"eggman-lrz-blue-10-png":  { "File": "boss.png", "Rect": "26,40,26,16", "Center": "16,8" },
	"eggman-lrz-blue-11-png":  { "File": "boss.png", "Rect": "52,40,26,16", "Center": "16,8" },
	"eggman-fbz-mini-blue-00-png":  { "File": "boss.png", "Rect": "0,56,52,76", "Center": "16,48" },
	"eggman-fbz-mini-blue-01-png":  { "File": "boss.png", "Rect": "52,57,52,75", "Center": "16,47" },
	"eggman-fbz-mini-blue-02-png":  { "File": "boss.png", "Rect": "104,50,52,82", "Center": "16,54" },
	"eggman-fbz-mini-blue-03-png":  { "File": "boss.png", "Rect": "156,50,56,82", "Center": "17,54" }
}