{
	"eggman-laugh-blue-00":  { "File": "boss3.bmp", "Rect": "0,0,42,21", "Center": "22,13" },
	"eggman-laugh-blue-01":  { "File": "boss3.bmp", "Rect": "43,0,47,21", "Center": "21,13" },
	"eggman-laugh-lrz-blue-00":  { "File": "boss3.bmp", "Rect": "62,22,23,18", "Center": "15,10" },
	"eggman-laugh-lrz-blue-01":  { "File": "boss3.bmp", "Rect": "86,22,22,18", "Center": "14,10" },
	"eggman-laugh-fbz-blue-00":  { "File": "boss3.bmp", "Rect": "0,23,31,17", "Center": "17,9" },
	"eggman-laugh-fbz-blue-01":  { "File": "boss3.bmp", "Rect": "31,24,33,16", "Center": "17,8" },
	"eggman-laugh-fbz-mini-blue-00":  { "File": "boss3.bmp", "Rect": "0,41,56,74", "Center": "16,46" },
	"eggman-laugh-fbz-mini-blue-01":  { "File": "boss3.bmp", "Rect": "56,41,56,74", "Center": "16,46" },
	"eggman-laugh-blue-00-png":  { "File": "boss3.png", "Rect": "0,0,42,21", "Center": "22,13" },
	"eggman-laugh-blue-01-png":  { "File": "boss3.png", "Rect": "46,0,45,21", "Center": "18,13" },
	"eggman-laugh-lrz-blue-00-png":  { "File": "boss3.png", "Rect": "63,23,22,17", "Center": "14,9" },
	"eggman-laugh-lrz-blue-01-png":  { "File": "boss3.png", "Rect": "85,22,23,18", "Center": "15,10" },
	"eggman-laugh-fbz-blue-00-png":  { "File": "boss3.png", "Rect": "0,23,31,17", "Center": "17,9" },
	"eggman-laugh-fbz-blue-01-png":  { "File": "boss3.png", "Rect": "31,24,32,16", "Center": "17,8" },
	"eggman-laugh-fbz-mini-blue-00-png":  { "File": "boss3.png", "Rect": "0,41,56,74", "Center": "16,46" },
	"eggman-laugh-fbz-mini-blue-01-png":  { "File": "boss3.png", "Rect": "56,41,56,74", "Center": "16,46" }
}