{
	"eggman-blue-brn-04":  { "File": "boss6.bmp", "Rect": "0,0,42,22", "Center": "22,14" },
	"eggman-blue-brn-05":  { "File": "boss6.bmp", "Rect": "40,0,44,22", "Center": "24,14" },
	"eggman-blue-brn-06":  { "File": "boss6.bmp", "Rect": "0,24,41,20", "Center": "22,12" },
	"eggman-blue-brn-07":  { "File": "boss6.bmp", "Rect": "42,24,42,20", "Center": "22,12" },
	"eggman-blue-brn-02":  { "File": "boss6.bmp", "Rect": "0,49,41,23", "Center": "22,15" },
	"eggman-blue-brn-03":  { "File": "boss6.bmp", "Rect": "44,50,40,22", "Center": "20,14" },
	"eggman-blue-brn-04-png":  { "File": "boss6.png", "Rect": "0,0,43,22", "Center": "22,14" },
	"eggman-blue-brn-05-png":  { "File": "boss6.png", "Rect": "43,0,41,22", "Center": "21,14" },
	"eggman-blue-brn-06-png":  { "File": "boss6.png", "Rect": "0,24,41,20", "Center": "22,12" },
	"eggman-blue-brn-07-png":  { "File": "boss6.png", "Rect": "42,24,42,20", "Center": "22,12" },
	"eggman-blue-brn-02-png":  { "File": "boss6.png", "Rect": "0,48,41,24", "Center": "22,16" },
	"eggman-blue-brn-03-png":  { "File": "boss6.png", "Rect": "45,50,39,22", "Center": "19,14" }
}