{
	"eggman-lrz-blue-12":  { "File": "boss2.bmp", "Rect": "0,0,26,17", "Center": "16,9" },
	"eggman-fbz-blue-04":  { "File": "boss2.bmp", "Rect": "0,17,30,17", "Center": "15,9" },
	"eggman-fbz-blue-05":  { "File": "boss2.bmp", "Rect": "30,16,34,17", "Center": "17,9" },
	"eggman-lrz-blue-12-png":  { "File": "boss2.png", "Rect": "0,0,26,17", "Center": "16,9" },
	"eggman-fbz-blue-04-png":  { "File": "boss2.png", "Rect": "0,17,30,17", "Center": "15,9" },
	"eggman-fbz-blue-05-png":  { "File": "boss2.png", "Rect": "30,16,34,17", "Center": "17,9" }
}