{
	"character-eggman-blue-00":  { "File": "character-eggman.bmp", "Rect": "0,0,93,82", "Center": "47,56" },
	"character-eggman-blue-01":  { "File": "character-eggman.bmp", "Rect": "110,1,65,87", "Center": "19,55" },
	"character-eggman-blue-02":  { "File": "character-eggman.bmp", "Rect": "177,0,83,84", "Center": "35,56" },
	"character-eggman-blue-03":  { "File": "character-eggman.bmp", "Rect": "269,0,75,75", "Center": "29,56" },
	"character-eggman-blue-04":  { "File": "character-eggman.bmp", "Rect": "0,115,92,71", "Center": "47,44" },
	"character-eggman-blue-05":  { "File": "character-eggman.bmp", "Rect": "110,115,64,77", "Center": "19,44" },
	"character-eggman-blue-06":  { "File": "character-eggman.bmp", "Rect": "176,115,81,72", "Center": "36,44" },
	"character-eggman-blue-07":  { "File": "character-eggman.bmp", "Rect": "269,114,73,63", "Center": "29,45" },
	"character-eggman-blue-00-png":  { "File": "character-eggman.png", "Rect": "1,0,91,85", "Center": "46,56" },
	"character-eggman-blue-01-png":  { "File": "character-eggman.png", "Rect": "108,0,67,88", "Center": "21,56" },
	"character-eggman-blue-02-png":  { "File": "character-eggman.png", "Rect": "174,0,86,85", "Center": "38,56" },
	"character-eggman-blue-03-png":  { "File": "character-eggman.png", "Rect": "263,0,83,74", "Center": "35,56" },
	"character-eggman-blue-04-png":  { "File": "character-eggman.png", "Rect": "0,115,93,75", "Center": "47,44" },
	"character-eggman-blue-05-png":  { "File": "character-eggman.png", "Rect": "107,114,69,79", "Center": "22,45" },
	"character-eggman-blue-06-png":  { "File": "character-eggman.png", "Rect": "176,116,82,71", "Center": "36,43" },
	"character-eggman-blue-07-png":  { "File": "character-eggman.png", "Rect": "260,100,86,89", "Center": "38,59" },
	"robotnik_cont_00":  { "File": "character-eggman.bmp", "Rect": "0,0,93,84", "Center": "47,56" },
	"robotnik_cont_01":  { "File": "character-eggman.bmp", "Rect": "104,0,71,88", "Center": "25,56" },
	"robotnik_cont_02":  { "File": "character-eggman.bmp", "Rect": "176,0,84,84", "Center": "36,56" },
	"robotnik_cont_03":  { "File": "character-eggman.bmp", "Rect": "264,0,82,74", "Center": "34,56" },
	"robotnik_cont_00-png":  { "File": "character-eggman.png", "Rect": "0,0,95,86", "Center": "47,56" },
	"robotnik_cont_01-png":  { "File": "character-eggman.png", "Rect": "97,0,77,88", "Center": "32,56" },
	"robotnik_cont_02-png":  { "File": "character-eggman.png", "Rect": "175,0,82,86", "Center": "37,56" },
	"robotnik_cont_03-png":  { "File": "character-eggman.png", "Rect": "263,0,82,76", "Center": "35,56" }
}