{
	"Kiaoken_0x01":  { "File": "Kiaoken.bmp", "Rect": "8,4,40,48", "Center": "20,28" },
	"Kiaoken_0x02":  { "File": "Kiaoken.bmp", "Rect": "64,4,40,48", "Center": "20,27" },
	"Kiaoken_0x03":  { "File": "Kiaoken.bmp", "Rect": "124,4,32,48", "Center": "20,26" },
	"Kiaoken_0x04":  { "File": "Kiaoken.bmp", "Rect": "179,4,34,48", "Center": "20,28" },
	"Kiaoken_0x05":  { "File": "Kiaoken.bmp", "Rect": "231,4,42,48", "Center": "20,28" },
	"Kiaoken_0x06":  { "File": "Kiaoken.bmp", "Rect": "287,4,41,48", "Center": "20,27" },
	"Kiaoken_0x07":  { "File": "Kiaoken.bmp", "Rect": "348,4,32,48", "Center": "20,26" },
	"Kiaoken_0x08":  { "File": "Kiaoken.bmp", "Rect": "404,4,32,48", "Center": "20,28" },
	"Kiaoken_0x09":  { "File": "Kiaoken.bmp", "Rect": "452,0,48,56", "Center": "29,29" },
	"Kiaoken_0x0a":  { "File": "Kiaoken.bmp", "Rect": "504,4,56,48", "Center": "29,25" },
	"Kiaoken_0x0b":  { "File": "Kiaoken.bmp", "Rect": "564,8,48,40", "Center": "29,21" },
	"Kiaoken_0x0c":  { "File": "Kiaoken.bmp", "Rect": "616,4,56,48", "Center": "29,29" },
	"Kiaoken_0x0d":  { "File": "Kiaoken.bmp", "Rect": "676,0,48,56", "Center": "29,29" },
	"Kiaoken_0x0e":  { "File": "Kiaoken.bmp", "Rect": "728,4,56,48", "Center": "29,21" },
	"Kiaoken_0x0f":  { "File": "Kiaoken.bmp", "Rect": "788,4,48,48", "Center": "29,29" },
	"Kiaoken_0x10":  { "File": "Kiaoken.bmp", "Rect": "844,8,48,40", "Center": "29,21" },
	"Kiaoken_0x11":  { "File": "Kiaoken.bmp", "Rect": "4,64,48,40", "Center": "28,20" },
	"Kiaoken_0x12":  { "File": "Kiaoken.bmp", "Rect": "60,64,48,40", "Center": "27,20" },
	"Kiaoken_0x13":  { "File": "Kiaoken.bmp", "Rect": "116,68,48,32", "Center": "26,12" },
	"Kiaoken_0x14":  { "File": "Kiaoken.bmp", "Rect": "172,67,48,34", "Center": "28,14" },
	"Kiaoken_0x15":  { "File": "Kiaoken.bmp", "Rect": "228,63,48,42", "Center": "28,22" },
	"Kiaoken_0x16":  { "File": "Kiaoken.bmp", "Rect": "284,63,48,41", "Center": "27,21" },
	"Kiaoken_0x17":  { "File": "Kiaoken.bmp", "Rect": "340,68,48,32", "Center": "26,12" },
	"Kiaoken_0x18":  { "File": "Kiaoken.bmp", "Rect": "396,68,48,32", "Center": "28,12" },
	"Kiaoken_0x19":  { "File": "Kiaoken.bmp", "Rect": "448,60,56,48", "Center": "28,20" },
	"Kiaoken_0x1a":  { "File": "Kiaoken.bmp", "Rect": "508,56,48,56", "Center": "24,28" },
	"Kiaoken_0x1b":  { "File": "Kiaoken.bmp", "Rect": "568,60,40,48", "Center": "20,20" },
	"Kiaoken_0x1c":  { "File": "Kiaoken.bmp", "Rect": "620,56,48,56", "Center": "28,28" },
	"Kiaoken_0x1d":  { "File": "Kiaoken.bmp", "Rect": "672,60,56,48", "Center": "28,20" },
	"Kiaoken_0x1e":  { "File": "Kiaoken.bmp", "Rect": "732,56,48,56", "Center": "20,28" },
	"Kiaoken_0x1f":  { "File": "Kiaoken.bmp", "Rect": "788,60,48,48", "Center": "28,20" },
	"Kiaoken_0x20":  { "File": "Kiaoken.bmp", "Rect": "848,60,40,48", "Center": "20,20" },
	"Kiaoken_0x21":  { "File": "Kiaoken.bmp", "Rect": "8,120,40,40", "Center": "27,21" },
	"Kiaoken_0x22":  { "File": "Kiaoken.bmp", "Rect": "64,120,40,40", "Center": "27,21" },
	"Kiaoken_0x23":  { "File": "Kiaoken.bmp", "Rect": "120,120,40,40", "Center": "27,21" },
	"Kiaoken_0x24":  { "File": "Kiaoken.bmp", "Rect": "176,120,40,40", "Center": "27,21" },
	"Kiaoken_0x25":  { "File": "Kiaoken.bmp", "Rect": "232,116,40,48", "Center": "28,22" },
	"Kiaoken_0x26":  { "File": "Kiaoken.bmp", "Rect": "288,116,40,48", "Center": "28,23" },
	"Kiaoken_0x27":  { "File": "Kiaoken.bmp", "Rect": "344,116,40,48", "Center": "28,22" },
	"Kiaoken_0x28":  { "File": "Kiaoken.bmp", "Rect": "400,116,40,48", "Center": "28,23" },
	"Kiaoken_0x29":  { "File": "Kiaoken.bmp", "Rect": "456,120,40,40", "Center": "21,12" },
	"Kiaoken_0x2a":  { "File": "Kiaoken.bmp", "Rect": "512,120,40,40", "Center": "21,12" },
	"Kiaoken_0x2b":  { "File": "Kiaoken.bmp", "Rect": "568,120,40,40", "Center": "21,12" },
	"Kiaoken_0x2c":  { "File": "Kiaoken.bmp", "Rect": "624,120,40,40", "Center": "21,12" },
	"Kiaoken_0x2d":  { "File": "Kiaoken.bmp", "Rect": "676,120,48,40", "Center": "22,12" },
	"Kiaoken_0x2e":  { "File": "Kiaoken.bmp", "Rect": "732,120,48,40", "Center": "23,12" },
	"Kiaoken_0x2f":  { "File": "Kiaoken.bmp", "Rect": "788,120,48,40", "Center": "22,12" },
	"Kiaoken_0x30":  { "File": "Kiaoken.bmp", "Rect": "844,120,48,40", "Center": "23,12" },
	"Kiaoken_0x31":  { "File": "Kiaoken.bmp", "Rect": "12,176,32,40", "Center": "14,20" },
	"Kiaoken_0x32":  { "File": "Kiaoken.bmp", "Rect": "68,176,32,40", "Center": "13,22" },
	"Kiaoken_0x33":  { "File": "Kiaoken.bmp", "Rect": "124,180,32,32", "Center": "15,16" },
	"Kiaoken_0x34":  { "File": "Kiaoken.bmp", "Rect": "180,180,32,32", "Center": "15,17" },
	"Kiaoken_0x35":  { "File": "Kiaoken.bmp", "Rect": "236,180,32,32", "Center": "12,17" },
	"Kiaoken_0x36":  { "File": "Kiaoken.bmp", "Rect": "292,176,32,40", "Center": "15,22" },
	"Kiaoken_0x37":  { "File": "Kiaoken.bmp", "Rect": "348,176,32,40", "Center": "16,20" },
	"Kiaoken_0x38":  { "File": "Kiaoken.bmp", "Rect": "408,176,24,40", "Center": "12,18" },
	"Kiaoken_0x39":  { "File": "Kiaoken.bmp", "Rect": "460,180,32,32", "Center": "16,18" },
	"Kiaoken_0x3a":  { "File": "Kiaoken.bmp", "Rect": "516,180,32,32", "Center": "19,16" },
	"Kiaoken_0x3b":  { "File": "Kiaoken.bmp", "Rect": "576,176,24,40", "Center": "12,20" },
	"Kiaoken_0x3c":  { "File": "Kiaoken.bmp", "Rect": "632,176,24,40", "Center": "12,20" },
	"Kiaoken_0x3d":  { "File": "Kiaoken.bmp", "Rect": "688,172,24,48", "Center": "14,26" },
	"Kiaoken_0x3e":  { "File": "Kiaoken.bmp", "Rect": "744,180,24,32", "Center": "13,16" },
	"Kiaoken_0x3f":  { "File": "Kiaoken.bmp", "Rect": "796,180,32,32", "Center": "17,15" },
	"Kiaoken_0x40":  { "File": "Kiaoken.bmp", "Rect": "852,180,32,32", "Center": "16,14" },
	"Kiaoken_0x41":  { "File": "Kiaoken.bmp", "Rect": "12,232,32,40", "Center": "16,17" },
	"Kiaoken_0x42":  { "File": "Kiaoken.bmp", "Rect": "68,232,32,41", "Center": "16,20" },
	"Kiaoken_0x43":  { "File": "Kiaoken.bmp", "Rect": "128,232,24,40", "Center": "11,20" },
	"Kiaoken_0x44":  { "File": "Kiaoken.bmp", "Rect": "184,236,24,32", "Center": "12,16" },
	"Kiaoken_0x45":  { "File": "Kiaoken.bmp", "Rect": "236,240,32,24", "Center": "14,10" },
	"Kiaoken_0x46":  { "File": "Kiaoken.bmp", "Rect": "296,236,24,32", "Center": "13,13" },
	"Kiaoken_0x47":  { "File": "Kiaoken.bmp", "Rect": "352,232,24,40", "Center": "13,21" },
	"Kiaoken_0x48":  { "File": "Kiaoken.bmp", "Rect": "404,232,32,40", "Center": "16,20" },
	"Kiaoken_0x49":  { "File": "Kiaoken.bmp", "Rect": "456,232,40,40", "Center": "20,24" },
	"Kiaoken_0x4a":  { "File": "Kiaoken.bmp", "Rect": "516,228,32,48", "Center": "14,22" },
	"Kiaoken_0x4b":  { "File": "Kiaoken.bmp", "Rect": "572,236,32,32", "Center": "16,21" },
	"Kiaoken_0x4c":  { "File": "Kiaoken.bmp", "Rect": "628,236,32,32", "Center": "13,15" },
	"Kiaoken_0x4d":  { "File": "Kiaoken.bmp", "Rect": "684,236,32,32", "Center": "13,18" },
	"Kiaoken_0x4e":  { "File": "Kiaoken.bmp", "Rect": "740,236,32,32", "Center": "18,14" },
	"Kiaoken_0x4f":  { "File": "Kiaoken.bmp", "Rect": "792,232,40,40", "Center": "22,22" },
	"Kiaoken_0x50":  { "File": "Kiaoken.bmp", "Rect": "848,232,40,40", "Center": "21,20" },
	"Kiaoken_0x51":  { "File": "Kiaoken.bmp", "Rect": "12,292,32,32", "Center": "17,19" },
	"Kiaoken_0x52":  { "File": "Kiaoken.bmp", "Rect": "68,292,32,32", "Center": "14,17" },
	"Kiaoken_0x53":  { "File": "Kiaoken.bmp", "Rect": "120,292,40,32", "Center": "24,19" },
	"Kiaoken_0x54":  { "File": "Kiaoken.bmp", "Rect": "176,292,40,32", "Center": "17,16" },
	"Kiaoken_0x55":  { "File": "Kiaoken.bmp", "Rect": "235,288,33,40", "Center": "17,20" },
	"Kiaoken_0x56":  { "File": "Kiaoken.bmp", "Rect": "292,288,32,40", "Center": "17,20" },
	"Kiaoken_0x57":  { "File": "Kiaoken.bmp", "Rect": "347,288,32,40", "Center": "17,20" },
	"Kiaoken_0x58":  { "File": "Kiaoken.bmp", "Rect": "408,288,24,40", "Center": "13,20" },
	"Kiaoken_0x59":  { "File": "Kiaoken.bmp", "Rect": "460,288,32,40", "Center": "17,20" },
	"Kiaoken_0x5a":  { "File": "Kiaoken.bmp", "Rect": "516,287,32,41", "Center": "18,21" },
	"Kiaoken_0x5b":  { "File": "Kiaoken.bmp", "Rect": "576,287,25,41", "Center": "13,21" },
	"Kiaoken_0x5c":  { "File": "Kiaoken.bmp", "Rect": "620,295,48,25", "Center": "20,12" },
	"Kiaoken_0x5d":  { "File": "Kiaoken.bmp", "Rect": "684,296,32,24", "Center": "4,12" },
	"Kiaoken_0x5e":  { "File": "Kiaoken.bmp", "Rect": "736,296,40,24", "Center": "30,12" },
	"Kiaoken_0x5f":  { "File": "Kiaoken.bmp", "Rect": "788,294,48,25", "Center": "27,13" },
	"Kiaoken_0x60":  { "File": "Kiaoken.bmp", "Rect": "852,296,32,24", "Center": "10,12" },
	"Kiaoken_0x61":  { "File": "Kiaoken.bmp", "Rect": "8,352,40,24", "Center": "38,12" },
	"Kiaoken_0x62":  { "File": "Kiaoken.bmp", "Rect": "64,348,40,32", "Center": "20,16" },
	"Kiaoken_0x63":  { "File": "Kiaoken.bmp", "Rect": "127,340,24,48", "Center": "12,24" },
	"Kiaoken_0x64":  { "File": "Kiaoken.bmp", "Rect": "184,348,24,32", "Center": "13,15" },
	"Kiaoken_0x65":  { "File": "Kiaoken.bmp", "Rect": "240,344,24,40", "Center": "12,21" },
	"Kiaoken_0x66":  { "File": "Kiaoken.bmp", "Rect": "294,340,25,48", "Center": "14,24" },
	"Kiaoken_0x67":  { "File": "Kiaoken.bmp", "Rect": "352,348,24,32", "Center": "14,16" },
	"Kiaoken_0x68":  { "File": "Kiaoken.bmp", "Rect": "408,344,24,40", "Center": "14,24" },
	"Kiaoken_0x69":  { "File": "Kiaoken.bmp", "Rect": "460,344,32,40", "Center": "16,20" },
	"Kiaoken_0x6a":  { "File": "Kiaoken.bmp", "Rect": "516,344,32,40", "Center": "16,20" },
	"Kiaoken_0x6b":  { "File": "Kiaoken.bmp", "Rect": "572,348,32,32", "Center": "21,20" },
	"Kiaoken_0x6c":  { "File": "Kiaoken.bmp", "Rect": "624,348,40,32", "Center": "18,16" },
	"Kiaoken_0x6d":  { "File": "Kiaoken.bmp", "Rect": "680,348,40,32", "Center": "20,16" },
	"Kiaoken_0x6e":  { "File": "Kiaoken.bmp", "Rect": "736,348,40,32", "Center": "20,16" },
	"Kiaoken_0x6f":  { "File": "Kiaoken.bmp", "Rect": "796,348,32,32", "Center": "16,16" },
	"Kiaoken_0x70":  { "File": "Kiaoken.bmp", "Rect": "852,348,32,32", "Center": "16,14" },
	"Kiaoken_0x71":  { "File": "Kiaoken.bmp", "Rect": "9,409,37,24", "Center": "15,11" },
	"Kiaoken_0x72":  { "File": "Kiaoken.bmp", "Rect": "64,404,40,32", "Center": "20,16" },
	"Kiaoken_0x73":  { "File": "Kiaoken.bmp", "Rect": "120,404,40,32", "Center": "20,16" },
	"Kiaoken_0x74":  { "File": "Kiaoken.bmp", "Rect": "179,404,36,32", "Center": "17,16" },
	"Kiaoken_0x75":  { "File": "Kiaoken.bmp", "Rect": "235,404,29,32", "Center": "14,16" },
	"Kiaoken_0x76":  { "File": "Kiaoken.bmp", "Rect": "292,404,32,32", "Center": "16,16" },
	"Kiaoken_0x77":  { "File": "Kiaoken.bmp", "Rect": "348,408,32,24", "Center": "16,12" },
	"Kiaoken_0x78":  { "File": "Kiaoken.bmp", "Rect": "400,396,40,48", "Center": "18,25" },
	"Kiaoken_0x79":  { "File": "Kiaoken.bmp", "Rect": "452,400,48,40", "Center": "31,26" },
	"Kiaoken_0x7a":  { "File": "Kiaoken.bmp", "Rect": "508,400,48,40", "Center": "26,23" },
	"Kiaoken_0x7b":  { "File": "Kiaoken.bmp", "Rect": "568,396,40,48", "Center": "27,18" },
	"Kiaoken_0x7c":  { "File": "Kiaoken.bmp", "Rect": "624,396,40,48", "Center": "23,22" },
	"Kiaoken_0x7d":  { "File": "Kiaoken.bmp", "Rect": "676,400,48,40", "Center": "20,13" },
	"Kiaoken_0x7e":  { "File": "Kiaoken.bmp", "Rect": "732,400,48,40", "Center": "23,17" },
	"Kiaoken_0x7f":  { "File": "Kiaoken.bmp", "Rect": "792,396,40,48", "Center": "13,28" },
	"Kiaoken_0x80":  { "File": "Kiaoken.bmp", "Rect": "848,396,40,48", "Center": "17,24" },
	"Kiaoken_0x81":  { "File": "Kiaoken.bmp", "Rect": "12,452,32,48", "Center": "18,24" },
	"Kiaoken_0x82":  { "File": "Kiaoken.bmp", "Rect": "68,452,32,48", "Center": "20,24" },
	"Kiaoken_0x83":  { "File": "Kiaoken.bmp", "Rect": "120,452,40,48", "Center": "22,24" },
	"Kiaoken_0x84":  { "File": "Kiaoken.bmp", "Rect": "180,452,32,48", "Center": "19,24" },
	"Kiaoken_0x85":  { "File": "Kiaoken.bmp", "Rect": "236,452,32,48", "Center": "17,24" },
	"Kiaoken_0x86":  { "File": "Kiaoken.bmp", "Rect": "292,460,32,32", "Center": "12,8" },
	"Kiaoken_0x87":  { "File": "Kiaoken.bmp", "Rect": "348,460,32,32", "Center": "12,8" },
	"Kiaoken_0x88":  { "File": "Kiaoken.bmp", "Rect": "404,460,32,32", "Center": "12,8" },
	"Kiaoken_0x89":  { "File": "Kiaoken.bmp", "Rect": "460,460,32,32", "Center": "12,8" },
	"Kiaoken_0x8a":  { "File": "Kiaoken.bmp", "Rect": "516,460,32,32", "Center": "12,8" },
	"Kiaoken_0x8b":  { "File": "Kiaoken.bmp", "Rect": "572,460,32,32", "Center": "12,8" },
	"Kiaoken_0x8c":  { "File": "Kiaoken.bmp", "Rect": "623,460,41,32", "Center": "21,16" },
	"Kiaoken_0x8d":  { "File": "Kiaoken.bmp", "Rect": "679,460,41,32", "Center": "21,17" },
	"Kiaoken_0x8e":  { "File": "Kiaoken.bmp", "Rect": "743,452,25,48", "Center": "16,24" },
	"Kiaoken_0x8f":  { "File": "Kiaoken.bmp", "Rect": "792,460,40,32", "Center": "23,15" },
	"Kiaoken_0x90":  { "File": "Kiaoken.bmp", "Rect": "852,452,32,48", "Center": "16,24" },
	"Kiaoken_0x91":  { "File": "Kiaoken.bmp", "Rect": "8,508,40,48", "Center": "16,26" },
	"Kiaoken_0x92":  { "File": "Kiaoken.bmp", "Rect": "64,512,40,40", "Center": "16,24" },
	"Kiaoken_0x93":  { "File": "Kiaoken.bmp", "Rect": "124,516,32,32", "Center": "16,24" },
	"Kiaoken_0x94":  { "File": "Kiaoken.bmp", "Rect": "180,508,32,48", "Center": "14,24" },
	"Kiaoken_0x95":  { "File": "Kiaoken.bmp", "Rect": "238,508,26,48", "Center": "11,24" },
	"Kiaoken_0x96":  { "File": "Kiaoken.bmp", "Rect": "292,516,32,32", "Center": "16,16" },
	"Kiaoken_0x97":  { "File": "Kiaoken.bmp", "Rect": "348,516,32,32", "Center": "16,16" },
	"Kiaoken_0x98":  { "File": "Kiaoken.bmp", "Rect": "404,516,32,32", "Center": "16,16" },
	"Kiaoken_0x99":  { "File": "Kiaoken.bmp", "Rect": "460,516,32,32", "Center": "16,16" },
	"Kiaoken_0x9a":  { "File": "Kiaoken.bmp", "Rect": "516,516,32,32", "Center": "16,16" },
	"Kiaoken_0x9b":  { "File": "Kiaoken.bmp", "Rect": "568,516,40,32", "Center": "16,12" },
	"Kiaoken_0x9c":  { "File": "Kiaoken.bmp", "Rect": "624,516,40,32", "Center": "16,12" },
	"Kiaoken_0x9d":  { "File": "Kiaoken.bmp", "Rect": "680,512,40,40", "Center": "19,21" },
	"Kiaoken_0x9e":  { "File": "Kiaoken.bmp", "Rect": "736,512,40,40", "Center": "18,21" },
	"Kiaoken_0x9f":  { "File": "Kiaoken.bmp", "Rect": "796,512,32,40", "Center": "15,22" },
	"Kiaoken_0xa0":  { "File": "Kiaoken.bmp", "Rect": "852,512,32,40", "Center": "17,20" },
	"Kiaoken_0xa1":  { "File": "Kiaoken.bmp", "Rect": "7,564,42,48", "Center": "24,27" },
	"Kiaoken_0xa2":  { "File": "Kiaoken.bmp", "Rect": "63,564,42,48", "Center": "24,27" },
	"Kiaoken_0xa3":  { "File": "Kiaoken.bmp", "Rect": "120,564,40,48", "Center": "22,27" },
	"Kiaoken_0xa4":  { "File": "Kiaoken.bmp", "Rect": "175,564,42,48", "Center": "24,27" },
	"Kiaoken_0xa5":  { "File": "Kiaoken.bmp", "Rect": "231,564,42,48", "Center": "24,27" },
	"Kiaoken_0xa6":  { "File": "Kiaoken.bmp", "Rect": "288,564,40,48", "Center": "22,27" },
	"Kiaoken_0xa7":  { "File": "Kiaoken.bmp", "Rect": "344,568,40,40", "Center": "16,20" },
	"Kiaoken_0xa8":  { "File": "Kiaoken.bmp", "Rect": "400,568,40,40", "Center": "16,20" },
	"Kiaoken_0xa9":  { "File": "Kiaoken.bmp", "Rect": "456,568,40,40", "Center": "16,20" },
	"Kiaoken_0xaa":  { "File": "Kiaoken.bmp", "Rect": "504,576,56,24", "Center": "26,12" },
	"Kiaoken_0xab":  { "File": "Kiaoken.bmp", "Rect": "560,576,56,24", "Center": "26,12" },
	"Kiaoken_0xac":  { "File": "Kiaoken.bmp", "Rect": "624,568,40,40", "Center": "20,20" },
	"Kiaoken_0xad":  { "File": "Kiaoken.bmp", "Rect": "684,568,32,40", "Center": "18,20" },
	"Kiaoken_0xae":  { "File": "Kiaoken.bmp", "Rect": "740,568,32,40", "Center": "18,20" },
	"Kiaoken_0xaf":  { "File": "Kiaoken.bmp", "Rect": "792,568,40,40", "Center": "26,20" },
	"Kiaoken_0xb0":  { "File": "Kiaoken.bmp", "Rect": "852,568,32,40", "Center": "22,20" },
	"Kiaoken_0xb1":  { "File": "Kiaoken.bmp", "Rect": "12,624,32,40", "Center": "17,20" },
	"Kiaoken_0xb2":  { "File": "Kiaoken.bmp", "Rect": "68,624,32,40", "Center": "17,20" },
	"Kiaoken_0xb3":  { "File": "Kiaoken.bmp", "Rect": "124,624,32,40", "Center": "17,20" },
	"Kiaoken_0xb4":  { "File": "Kiaoken.bmp", "Rect": "184,616,24,56", "Center": "11,26" },
	"Kiaoken_0xb5":  { "File": "Kiaoken.bmp", "Rect": "240,616,24,56", "Center": "11,26" },
	"Kiaoken_0xb6":  { "File": "Kiaoken.bmp", "Rect": "292,620,32,48", "Center": "19,28" },
	"Kiaoken_0xb7":  { "File": "Kiaoken.bmp", "Rect": "348,620,32,48", "Center": "19,27" },
	"Kiaoken_0xb8":  { "File": "Kiaoken.bmp", "Rect": "404,620,32,48", "Center": "19,28" },
	"Kiaoken_0xb9":  { "File": "Kiaoken.bmp", "Rect": "460,620,32,48", "Center": "19,27" },
	"Kiaoken_0xba":  { "File": "Kiaoken.bmp", "Rect": "512,620,40,48", "Center": "24,28" },
	"Kiaoken_0xbb":  { "File": "Kiaoken.bmp", "Rect": "568,620,40,48", "Center": "24,28" },
	"Kiaoken_0xbc":  { "File": "Kiaoken.bmp", "Rect": "624,620,40,48", "Center": "24,28" },
	"Kiaoken_0xbd":  { "File": "Kiaoken.bmp", "Rect": "680,620,40,48", "Center": "24,28" },
	"Kiaoken_0xbe":  { "File": "Kiaoken.bmp", "Rect": "736,620,40,48", "Center": "24,28" },
	"Kiaoken_0xbf":  { "File": "Kiaoken.bmp", "Rect": "792,620,40,48", "Center": "24,28" },
	"Kiaoken_0xc0":  { "File": "Kiaoken.bmp", "Rect": "848,620,40,48", "Center": "24,28" },
	"Kiaoken_0xc1":  { "File": "Kiaoken.bmp", "Rect": "8,676,40,48", "Center": "24,28" },
	"Kiaoken_0xc2":  { "File": "Kiaoken.bmp", "Rect": "64,676,40,48", "Center": "24,28" },
	"Kiaoken_0xc3":  { "File": "Kiaoken.bmp", "Rect": "124,680,32,40", "Center": "19,20" },
	"Kiaoken_0xc4":  { "File": "Kiaoken.bmp", "Rect": "176,680,40,40", "Center": "27,18" },
	"Kiaoken_0xc5":  { "File": "Kiaoken.bmp", "Rect": "232,676,40,48", "Center": "24,28" },
	"Kiaoken_0xc6":  { "File": "Kiaoken.bmp", "Rect": "288,676,40,48", "Center": "24,28" },
	"Kiaoken_0xc7":  { "File": "Kiaoken.bmp", "Rect": "344,676,40,48", "Center": "24,28" },
	"Kiaoken_0xc8":  { "File": "Kiaoken.bmp", "Rect": "396,687,48,25", "Center": "29,13" },
	"Kiaoken_0xc9":  { "File": "Kiaoken.bmp", "Rect": "456,687,40,25", "Center": "20,13" },
	"Kiaoken_0xca":  { "File": "Kiaoken.bmp", "Rect": "516,687,32,25", "Center": "17,13" },
	"Kiaoken_0xcb":  { "File": "Kiaoken.bmp", "Rect": "568,687,40,25", "Center": "21,13" },
	"Kiaoken_0xcc":  { "File": "Kiaoken.bmp", "Rect": "620,687,48,25", "Center": "18,13" },
	"Kiaoken_0xcd":  { "File": "Kiaoken.bmp", "Rect": "680,687,40,25", "Center": "22,13" },
	"Kiaoken_0xce":  { "File": "Kiaoken.bmp", "Rect": "740,686,32,26", "Center": "17,14" },
	"Kiaoken_0xcf":  { "File": "Kiaoken.bmp", "Rect": "792,687,40,25", "Center": "17,13" },
	"Kiaoken_0xd0":  { "File": "Kiaoken.bmp", "Rect": "847,684,41,32", "Center": "21,8" },
	"Kiaoken_0xd1":  { "File": "Kiaoken.bmp", "Rect": "7,740,41,32", "Center": "21,9" },
	"Kiaoken_0xd2":  { "File": "Kiaoken.bmp", "Rect": "72,740,24,32", "Center": "12,16" },
	"Kiaoken_0xd3":  { "File": "Kiaoken.bmp", "Rect": "124,732,32,48", "Center": "13,24" },
	"Kiaoken_0xd4":  { "File": "Kiaoken.bmp", "Rect": "180,732,32,48", "Center": "16,24" },
	"Kiaoken_0xd5":  { "File": "Kiaoken.bmp", "Rect": "236,732,32,48", "Center": "16,24" },
	"Kiaoken_0xd6":  { "File": "Kiaoken.bmp", "Rect": "292,732,32,48", "Center": "16,24" },
	"Kiaoken_0xd7":  { "File": "Kiaoken.bmp", "Rect": "343,740,41,32", "Center": "25,12" },
	"Kiaoken_0xd8":  { "File": "Kiaoken.bmp", "Rect": "399,740,41,32", "Center": "25,13" },
	"Kiaoken_0xd9":  { "File": "Kiaoken.bmp", "Rect": "456,736,40,40", "Center": "24,20" },
	"Kiaoken_0xda":  { "File": "Kiaoken.bmp", "Rect": "516,736,32,40", "Center": "16,20" },
	"Kiaoken_0xdb":  { "File": "Kiaoken.bmp", "Rect": "572,736,32,40", "Center": "16,20" },
	"Kiaoken_0xdc":  { "File": "Kiaoken.bmp", "Rect": "628,736,32,40", "Center": "16,20" },
	"Kiaoken_0xdd":  { "File": "Kiaoken.bmp", "Rect": "684,736,32,40", "Center": "16,20" },
	"Kiaoken_0xde":  { "File": "Kiaoken.bmp", "Rect": "740,736,32,40", "Center": "16,20" },
	"Kiaoken_0xdf":  { "File": "Kiaoken.bmp", "Rect": "796,736,32,40", "Center": "16,20" },
	"Kiaoken_0xe0":  { "File": "Kiaoken.bmp", "Rect": "856,740,24,32", "Center": "12,16" },
	"Kiaoken_0xe1":  { "File": "Kiaoken.bmp", "Rect": "16,792,24,40", "Center": "12,20" },
	"Kiaoken_0xe2":  { "File": "Kiaoken.bmp", "Rect": "68,792,32,40", "Center": "16,20" },
	"Kiaoken_0xe3":  { "File": "Kiaoken.bmp", "Rect": "120,788,40,48", "Center": "20,24" },
	"Kiaoken_0xe4":  { "File": "Kiaoken.bmp", "Rect": "178,788,34,48", "Center": "18,24" },
	"Kiaoken_0xe5":  { "File": "Kiaoken.bmp", "Rect": "236,788,32,48", "Center": "16,24" },
	"Kiaoken_0xe6":  { "File": "Kiaoken.bmp", "Rect": "291,788,32,48", "Center": "17,24" },
	"Kiaoken_0xe7":  { "File": "Kiaoken.bmp", "Rect": "352,788,24,48", "Center": "12,24" },
	"Kiaoken_0xe8":  { "File": "Kiaoken.bmp", "Rect": "404,788,32,48", "Center": "16,24" },
	"Kiaoken_0xe9":  { "File": "Kiaoken.bmp", "Rect": "460,788,32,48", "Center": "16,24" },
	"Kiaoken_0xea":  { "File": "Kiaoken.bmp", "Rect": "520,788,25,48", "Center": "12,24" },
	"Kiaoken_0xeb":  { "File": "Kiaoken.bmp", "Rect": "568,788,40,48", "Center": "20,24" },
	"Kiaoken_0xec":  { "File": "Kiaoken.bmp", "Rect": "620,794,48,40", "Center": "24,18" },
	"Kiaoken_0xed":  { "File": "Kiaoken.bmp", "Rect": "684,788,32,48", "Center": "16,24" },
	"Kiaoken_0xee":  { "File": "Kiaoken.bmp", "Rect": "732,792,48,40", "Center": "24,20" },
	"Kiaoken_0xef":  { "File": "Kiaoken.bmp", "Rect": "796,791,32,40", "Center": "16,21" },
	"Kiaoken_0xf0":  { "File": "Kiaoken.bmp", "Rect": "852,791,32,40", "Center": "16,21" },
	"Kiaoken_0xf1":  { "File": "Kiaoken.bmp", "Rect": "15,847,24,40", "Center": "13,21" },
	"Kiaoken_0xf2":  { "File": "Kiaoken.bmp", "Rect": "72,847,24,40", "Center": "12,21" },
	"Kiaoken_0xf3":  { "File": "Kiaoken.bmp", "Rect": "128,847,24,40", "Center": "12,21" },
	"Kiaoken_0xf4":  { "File": "Kiaoken.bmp", "Rect": "180,847,32,40", "Center": "16,21" },
	"Kiaoken_0xf5":  { "File": "Kiaoken.bmp", "Rect": "236,847,32,40", "Center": "16,21" },
	"Kiaoken_0xf6":  { "File": "Kiaoken.bmp", "Rect": "292,847,32,40", "Center": "16,21" },
	"Kiaoken_0xf7":  { "File": "Kiaoken.bmp", "Rect": "352,847,24,40", "Center": "12,21" },
	"Kiaoken_0xf8":  { "File": "Kiaoken.bmp", "Rect": "408,846,25,40", "Center": "12,22" },
	"Kiaoken_0xf9":  { "File": "Kiaoken.bmp", "Rect": "463,847,25,40", "Center": "13,21" },
	"Kiaoken_0xfa":  { "File": "Kiaoken.bmp", "Rect": "516,848,32,40", "Center": "16,20" }
}