{
	"WholeLotOfPink":      { "File": "pink.ogg", "Type": "Music" },
	"AmyMISC.HammerSpin": { "File": "amyhammercharge.ogg", "Type": "Sound", "Channel": "AC"},
	"HammerHit": { "File": "HammerHit.ogg", "Type": "Sound"},
	"HammerRelease": { "File": "HammerDash.ogg", "Type": "Sound", "Channel": "AC"},
	"Nothing": { "File": "nothing.ogg", "Type": "Sound"},
	"AmyJump": { "File": "amyhammer.ogg", "Type": "Sound"},
	"AmyDash": { "File": "amy_dash.ogg", "Type": "Sound"},
	"Dropdashin": { "File": "dropdash.ogg", "Type": "Sound"},
	"HammerThrow": { "File": "HammerThrow.ogg", "Type": "Sound", "Channel": "AB" },
	"HighJump": { "File": "Thud.ogg", "Type": "Sound", "Channel": "AB" },
	"HammerGlide": { "File": "Flying.ogg", "Type": "Sound"},
	"HighJumpMania": { "File": "HighJump.ogg", "Type": "Sound"},
	"AmyMISC.SpinCD": { "File": "SpindashCharge.ogg", "Type": "Sound", "Channel": "AB" },
	"SpinCDrel": { "File": "SpindashRelease.ogg", "Type": "Sound", "Channel": "AB" },
	"Swap": { "File": "Swap.ogg", "Type": "Sound"},
	"SwapFail": { "File": "SwapFail.ogg", "Type": "Sound"},
	"RosyPopCD": { "File": "RosyPop1.ogg", "Type": "Sound", "Channel": "AB" },
	"RosyPopS3": { "File": "RosyPop2.ogg", "Type": "Sound", "Channel": "AB" },
	"WhoIsThisRedGuy": { "File": "Um.ogg", "Type": "Sound"},
	"CarCrash": { "File": "CarCrash.ogg", "Type": "Sound"},
	"explody": { "File": "explody.ogg", "Type": "Sound"},
	"BUYSONICSUPERSTARS": { "File": "BUYSONICSUPERSTARS.ogg", "Type": "Sound"},
	"glide_idle": { "File": "glide_idle.ogg", "Type": "Sound", "Channel": "BC" },
	"glide_up": { "File": "glide_upwards.ogg", "Type": "Sound", "Channel": "BC" },
	"glide_down": { "File": "glide_downwards.ogg", "Type": "Sound", "Channel": "BC" }
}