{
	"Amyorigins_freeze_0x00":  { "File": "Amyorigins_freeze.bmp", "Rect": "5,5,50,50", "Center": "25,29" },
	"Amyorigins_freeze_0x01":  { "File": "Amyorigins_freeze.bmp", "Rect": "65,5,50,50", "Center": "25,29" },
	"Amyorigins_freeze_0x02":  { "File": "Amyorigins_freeze.bmp", "Rect": "125,5,50,50", "Center": "25,29" },
	"Amyorigins_freeze_0x03":  { "File": "Amyorigins_freeze.bmp", "Rect": "185,5,50,50", "Center": "25,29" },
	"Amys3_freeze_0x00":  { "File": "Amys3_freeze.bmp", "Rect": "9,3,30,39", "Center": "15,20" },
	"Amys3_freeze_0x01":  { "File": "Amys3_freeze.bmp", "Rect": "75,3,30,39", "Center": "15,20" },
	"Amys3_freeze_0x02":  { "File": "Amys3_freeze.bmp", "Rect": "42,3,30,39", "Center": "15,20" },
	"Amys3_freeze_0x03":  { "File": "Amys3_freeze.bmp", "Rect": "108,3,30,39", "Center": "15,20" },
	"Amyca22_freeze_0x00":  { "File": "Amyca22_freeze.bmp", "Rect": "2,2,38,43", "Center": "19,22" },
	"Amyca22_freeze_0x01":  { "File": "Amyca22_freeze.bmp", "Rect": "42,2,38,43", "Center": "19,22" },
	"Amyca22_freeze_0x02":  { "File": "Amyca22_freeze.bmp", "Rect": "82,2,38,43", "Center": "19,22" },
	"Amyca22_freeze_0x03":  { "File": "Amyca22_freeze.bmp", "Rect": "122,2,38,43", "Center": "19,22" }
}