{
	"character_char4_springtwirl_0":  { "File": "amyplus_twirl.bmp", "Rect": "0,0,40,46", "Center": "20,25" },
	"character_char4_springtwirl_1":  { "File": "amyplus_twirl.bmp", "Rect": "41,0,40,46", "Center": "20,25" },
	"character_char4_springtwirl_2":  { "File": "amyplus_twirl.bmp", "Rect": "82,0,40,46", "Center": "20,25" },
	"character_char4_springtwirl_3":  { "File": "amyplus_twirl.bmp", "Rect": "123,0,40,46", "Center": "20,25" },
	"character_char4_springtwirl_4":  { "File": "amyplus_twirl.bmp", "Rect": "164,0,40,46", "Center": "20,25" },
	"character_S3_springtwirl_0":  { "File": "amyS3_twirl.bmp", "Rect": "0,0,40,46", "Center": "20,21" },
	"character_S3_springtwirl_1":  { "File": "amyS3_twirl.bmp", "Rect": "41,0,40,46", "Center": "20,21" },
	"character_S3_springtwirl_2":  { "File": "amyS3_twirl.bmp", "Rect": "82,0,40,46", "Center": "21,21" },
	"character_S3_springtwirl_3":  { "File": "amyS3_twirl.bmp", "Rect": "123,0,40,46", "Center": "20,21" },
	"character_S3_springtwirl_4":  { "File": "amyS3_twirl.bmp", "Rect": "164,0,40,46", "Center": "20,20" },
	"character_Ca22_springtwirl_0":  { "File": "amyCa22_twirl.bmp", "Rect": "0,0,40,46", "Center": "20,21" },
	"character_Ca22_springtwirl_1":  { "File": "amyCa22_twirl.bmp", "Rect": "41,0,40,46", "Center": "20,21" },
	"character_Ca22_springtwirl_2":  { "File": "amyCa22_twirl.bmp", "Rect": "82,0,40,46", "Center": "21,21" },
	"character_Ca22_springtwirl_3":  { "File": "amyCa22_twirl.bmp", "Rect": "123,0,40,46", "Center": "20,21" },
	"character_Ca22_springtwirl_4":  { "File": "amyCa22_twirl.bmp", "Rect": "164,0,40,46", "Center": "20,20" }
}