{
	"amyorigins_fall_0":  { "File": "amyorigins_fall.bmp", "Rect": "0,0,27,41", "Center": "13,24" },
	"amyorigins_fall_1":  { "File": "amyorigins_fall.bmp", "Rect": "27,0,27,41", "Center": "13,24" },
	"amyS3_fall_0":  { "File": "amyS3_fall.bmp", "Rect": "0,0,27,41", "Center": "13,20" },
	"amyS3_fall_1":  { "File": "amyS3_fall.bmp", "Rect": "27,0,27,41", "Center": "13,20" },
	"amyCa22_fall_0":  { "File": "FallingCa22.bmp", "Rect": "0,0,32,40", "Center": "16,20" },
	"amyCa22_fall_1":  { "File": "FallingCa22.bmp", "Rect": "33,0,32,40", "Center": "16,20" },
	"amyorigins_fall_transit_0":  { "File": "amyorigins_fall_transit.bmp", "Rect": "0,0,33,41", "Center": "16,18" },
	"amyorigins_fall_transit_1":  { "File": "amyorigins_fall_transit.bmp", "Rect": "33,0,33,41", "Center": "16,19" },
	"amyorigins_fall_transit_2":  { "File": "amyorigins_fall_transit.bmp", "Rect": "66,0,33,41", "Center": "16,20" },
	"amyorigins_fall_transit_3":  { "File": "amyorigins_fall_transit.bmp", "Rect": "99,0,33,41", "Center": "16,20" },
	"amyS3_fall_transit_0":  { "File": "amyS3_fall_transit.bmp", "Rect": "0,0,33,41", "Center": "18,20" },
	"amyS3_fall_transit_1":  { "File": "amyS3_fall_transit.bmp", "Rect": "33,0,33,41", "Center": "17,21" },
	"amyS3_fall_transit_2":  { "File": "amyS3_fall_transit.bmp", "Rect": "66,0,33,41", "Center": "17,21" },
	"amyS3_fall_transit_3":  { "File": "amyS3_fall_transit.bmp", "Rect": "99,0,33,41", "Center": "17,21" },
	"amyCa22_fall_transit_0":  { "File": "amyca22_fall_transit.bmp", "Rect": "0,0,30,41", "Center": "17,20" },
	"amyCa22_fall_transit_1":  { "File": "amyca22_fall_transit.bmp", "Rect": "31,0,33,41", "Center": "16,21" },
	"amyCa22_fall_transit_2":  { "File": "amyca22_fall_transit.bmp", "Rect": "65,0,33,41", "Center": "16,21" },
	"amyCa22_fall_transit_3":  { "File": "amyca22_fall_transit.bmp", "Rect": "99,0,33,41", "Center": "16,21" }
}