{
	"character_char4_continue_0":  { "File": "amyplus_continue.bmp", "Rect": "8,8,24,40", "Center": "12,24" },
	"character_char4_continue_1":  { "File": "amyplus_continue.bmp", "Rect": "71,8,25,40", "Center": "14,24" },
	"character_char4_continue_2":  { "File": "amyplus_continue.bmp", "Rect": "38,8,25,40", "Center": "14,24" },
	"character_char4_continue_3":  { "File": "amyplus_continue.bmp", "Rect": "71,8,25,40", "Center": "14,24" },
	"character_char4S3_continue_0xbd":  { "File": "S3_continue.bmp", "Rect": "8,8,24,40", "Center": "12,20" },
	"character_char4S3_continue_0xbe":  { "File": "S3_continue.bmp", "Rect": "38,8,26,40", "Center": "12,20" },
	"character_char4Ca22_continue_0":  { "File": "Ca22_continue.bmp", "Rect": "0,0,29,27", "Center": "15,7" },
	"character_char4Ca22_continue_1":  { "File": "Ca22_continue.bmp", "Rect": "29,0,29,27", "Center": "15,7" },
	"character_char4Ca22_continue_2":  { "File": "Ca22_continue.bmp", "Rect": "58,0,29,27", "Center": "15,7" },
	"character_char4Ca22_continue_3":  { "File": "Ca22_continue.bmp", "Rect": "29,0,29,27", "Center": "15,7" },
	
	"amy_plus_partner_continue_0":  { "File": "amyplus_partnercontinue.bmp", "Rect": "0,0,24,40", "Center": "10,20" },
	"amy_plus_partner_continue_1":  { "File": "amyplus_partnercontinue.bmp", "Rect": "24,0,24,40", "Center": "10,20" },
	"amy_s3_partner_continue_0":  { "File": "S3_partner_continue.bmp", "Rect": "8,8,24,40", "Center": "12,20" },
	"amy_s3_partner_continue_1":  { "File": "S3_partner_continue.bmp", "Rect": "40,8,24,40", "Center": "12,20" },
	"amy_ca22_partner_continue_0":  { "File": "ca22_continue_partner.bmp", "Rect": "0,0,24,40", "Center": "12,20" },
	"amy_ca22_partner_continue_1":  { "File": "ca22_continue_partner.bmp", "Rect": "24,0,24,40", "Center": "12,20" }
}