{
	"bluesphere_char4_0x01":  { "File": "bluesphere_amyplus.bmp", "Rect": "0,8,32,41", "Center": "16,35" },
	"bluesphere_char4_0x02":  { "File": "bluesphere_amyplus.bmp", "Rect": "32,4,32,48", "Center": "16,43" },
	"bluesphere_char4_0x03":  { "File": "bluesphere_amyplus.bmp", "Rect": "64,0,32,56", "Center": "16,44" },
	"bluesphere_char4_0x04":  { "File": "bluesphere_amyplus.bmp", "Rect": "96,0,32,56", "Center": "18,43" },
	"bluesphere_char4_0x05":  { "File": "bluesphere_amyplus.bmp", "Rect": "128,0,32,56", "Center": "20,43" },
	"bluesphere_char4_0x06":  { "File": "bluesphere_amyplus.bmp", "Rect": "160,0,32,56", "Center": "17,44" },
	"bluesphere_char4_0x07":  { "File": "bluesphere_amyplus.bmp", "Rect": "192,0,32,56", "Center": "16,43" },
	"bluesphere_char4_0x08":  { "File": "bluesphere_amyplus.bmp", "Rect": "224,0,32,56", "Center": "13,43" },
	"bluesphere_char4_0x09":  { "File": "bluesphere_amyplus.bmp", "Rect": "256,12,32,32", "Center": "16,38" },
	"bluesphere_char4_0x0a":  { "File": "bluesphere_amyplus.bmp", "Rect": "288,12,32,32", "Center": "16,38" },
	"bluesphere_char4_0x0b":  { "File": "bluesphere_amyplus.bmp", "Rect": "320,12,32,32", "Center": "16,38" },
	"bluesphere_char4S3_0x01":  { "File": "bluesphere_amyS3.bmp", "Rect": "0,8,32,41", "Center": "16,35" },
	"bluesphere_char4S3_0x02":  { "File": "bluesphere_amyS3.bmp", "Rect": "32,4,32,48", "Center": "16,43" },
	"bluesphere_char4S3_0x03":  { "File": "bluesphere_amyS3.bmp", "Rect": "64,0,32,56", "Center": "16,43" },
	"bluesphere_char4S3_0x04":  { "File": "bluesphere_amyS3.bmp", "Rect": "96,0,32,56", "Center": "16,44" },
	"bluesphere_char4S3_0x05":  { "File": "bluesphere_amyS3.bmp", "Rect": "128,0,32,56", "Center": "17,44" },
	"bluesphere_char4S3_0x06":  { "File": "bluesphere_amyS3.bmp", "Rect": "160,0,32,56", "Center": "17,43" },
	"bluesphere_char4S3_0x07":  { "File": "bluesphere_amyS3.bmp", "Rect": "192,0,32,56", "Center": "16,43" },
	"bluesphere_char4S3_0x08":  { "File": "bluesphere_amyS3.bmp", "Rect": "224,0,32,56", "Center": "14,45" },
	"bluesphere_char4S3_0x09":  { "File": "bluesphere_amyS3.bmp", "Rect": "256,12,32,32", "Center": "16,38" },
	"bluesphere_char4S3_0x0a":  { "File": "bluesphere_amyS3.bmp", "Rect": "288,12,32,32", "Center": "16,38" },
	"bluesphere_char4S3_0x0b":  { "File": "bluesphere_amyS3.bmp", "Rect": "320,12,32,32", "Center": "16,38" },
	"bluesphere_char4Ca22_0x01":  { "File": "bluesphere_amyCa22.bmp", "Rect": "0,8,32,41", "Center": "16,35" },
	"bluesphere_char4Ca22_0x02":  { "File": "bluesphere_amyCa22.bmp", "Rect": "32,4,32,48", "Center": "15,43" },
	"bluesphere_char4Ca22_0x03":  { "File": "bluesphere_amyCa22.bmp", "Rect": "64,0,32,56", "Center": "16,43" },
	"bluesphere_char4Ca22_0x04":  { "File": "bluesphere_amyCa22.bmp", "Rect": "96,0,32,56", "Center": "16,43" },
	"bluesphere_char4Ca22_0x05":  { "File": "bluesphere_amyCa22.bmp", "Rect": "128,0,32,56", "Center": "17,47" },
	"bluesphere_char4Ca22_0x06":  { "File": "bluesphere_amyCa22.bmp", "Rect": "160,0,32,56", "Center": "18,44" },
	"bluesphere_char4Ca22_0x07":  { "File": "bluesphere_amyCa22.bmp", "Rect": "192,0,32,56", "Center": "17,43" },
	"bluesphere_char4Ca22_0x08":  { "File": "bluesphere_amyCa22.bmp", "Rect": "224,0,32,56", "Center": "15,44" },
	"bluesphere_char4Ca22_0x09":  { "File": "bluesphere_amyCa22.bmp", "Rect": "256,12,32,32", "Center": "16,38" },
	"bluesphere_char4Ca22_0x0a":  { "File": "bluesphere_amyCa22.bmp", "Rect": "288,12,32,32", "Center": "16,38" },
	"bluesphere_char4Ca22_0x0b":  { "File": "bluesphere_amyCa22.bmp", "Rect": "320,12,32,32", "Center": "16,38" }
}