{
	"character_char4_peelout_0":  { "File": "amyplus_peelout.bmp", "Rect": "0,0,40,40", "Center": "20,24" },
	"character_char4_peelout_1":  { "File": "amyplus_peelout.bmp", "Rect": "41,0,40,40", "Center": "20,24" },
	"character_char4_peelout_2":  { "File": "amyplus_peelout.bmp", "Rect": "82,0,40,40", "Center": "20,24" },
	"character_char4_peelout_3":  { "File": "amyplus_peelout.bmp", "Rect": "123,0,40,40", "Center": "20,24" },
	"character_char4_car_0":  { "File": "Car.bmp", "Rect": "0,0,64,60", "Center": "30,44" },
	"character_char4_car_1":  { "File": "Car.bmp", "Rect": "63,0,64,60", "Center": "30,44" },
	"character_char4_car_2":  { "File": "Car.bmp", "Rect": "126,0,64,60", "Center": "30,44" },
	"character_char4_car_3":  { "File": "Car.bmp", "Rect": "189,0,63,60", "Center": "30,44" },
	"character_char4_kart_0":  { "File": "Kart.bmp", "Rect": "0,0,60,60", "Center": "27,44" },
	"character_char4_kart_1":  { "File": "Kart.bmp", "Rect": "60,0,60,60", "Center": "27,44" },
	"character_char4_kart_2":  { "File": "Kart.bmp", "Rect": "120,0,60,60", "Center": "27,44" },
	"character_char4_kart_3":  { "File": "Kart.bmp", "Rect": "180,0,60,60", "Center": "27,44" },
	"character_S3_car_0":  { "File": "CarS3.bmp", "Rect": "0,0,64,60", "Center": "30,40" },
	"character_S3_car_1":  { "File": "CarS3.bmp", "Rect": "63,0,63,60", "Center": "30,40" },
	"character_S3_car_2":  { "File": "CarS3.bmp", "Rect": "125,0,64,60", "Center": "30,40" },
	"character_S3_car_3":  { "File": "CarS3.bmp", "Rect": "188,0,63,60", "Center": "30,40" },
	"character_S3_kart_0":  { "File": "S3Kart.bmp", "Rect": "0,0,60,60", "Center": "27,39" },
	"character_S3_kart_1":  { "File": "S3Kart.bmp", "Rect": "60,0,60,60", "Center": "27,39" },
	"character_S3_kart_2":  { "File": "S3Kart.bmp", "Rect": "120,0,60,60", "Center": "27,39" },
	"character_S3_kart_3":  { "File": "S3Kart.bmp", "Rect": "180,0,60,60", "Center": "27,39" },
	"character_Ca22_car_0":  { "File": "Car_ca22.bmp", "Rect": "0,0,63,60", "Center": "30,40" },
	"character_Ca22_car_1":  { "File": "Car_ca22.bmp", "Rect": "63,0,63,60", "Center": "30,40" },
	"character_Ca22_car_2":  { "File": "Car_ca22.bmp", "Rect": "126,0,63,60", "Center": "30,40" },
	"character_Ca22_car_3":  { "File": "Car_ca22.bmp", "Rect": "189,0,63,60", "Center": "30,40" },
	"character_Ca22_kart_0":  { "File": "Ca22Kart.bmp", "Rect": "0,0,60,60", "Center": "27,39" },
	"character_Ca22_kart_1":  { "File": "Ca22Kart.bmp", "Rect": "60,0,60,60", "Center": "27,39" },
	"character_Ca22_kart_2":  { "File": "Ca22Kart.bmp", "Rect": "120,0,60,60", "Center": "27,39" },
	"character_Ca22_kart_3":  { "File": "Ca22Kart.bmp", "Rect": "180,0,60,60", "Center": "27,39" },
	"character_char4S3_peelout_0":  { "File": "PeeloutS3.bmp", "Rect": "0,0,56,49", "Center": "28,29" },
	"character_char4S3_peelout_1":  { "File": "PeeloutS3.bmp", "Rect": "56,0,56,49", "Center": "27,29" },
	"character_char4S3_peelout_2":  { "File": "PeeloutS3.bmp", "Rect": "112,0,56,49", "Center": "27,29" },
	"character_char4S3_peelout_3":  { "File": "PeeloutS3.bmp", "Rect": "168,0,56,49", "Center": "27,29" },
	"character_char4Ca22_peelout_0":  { "File": "Ca22.bmp", "Rect": "752,65,48,47", "Center": "24,29" },
	"character_char4Ca22_peelout_1":  { "File": "Ca22.bmp", "Rect": "808,64,48,48", "Center": "24,28" },
	"character_char4Ca22_peelout_2":  { "File": "Ca22.bmp", "Rect": "864,64,48,48", "Center": "24,28" },
	"character_char4Ca22_peelout_3":  { "File": "Ca22.bmp", "Rect": "920,64,48,48", "Center": "24,28" },
	"character_char4_superfly_0":  { "File": "superfly.bmp", "Rect": "0,0,40,40", "Center": "20,24" },
	"character_char4_superfly_1":  { "File": "superfly.bmp", "Rect": "40,0,40,40", "Center": "20,24" },
	"character_char4_superfly_2":  { "File": "superfly.bmp", "Rect": "80,0,40,40", "Center": "20,24" },
	"character_char4_superfly_3":  { "File": "superfly.bmp", "Rect": "120,0,40,40", "Center": "20,24" },
	"character_char4S3_superfly_0":  { "File": "superflyS3.bmp", "Rect": "0,0,40,40", "Center": "20,20" },
	"character_char4S3_superfly_1":  { "File": "superflyS3.bmp", "Rect": "40,0,40,40", "Center": "21,19" },
	"character_char4S3_superfly_2":  { "File": "superflyS3.bmp", "Rect": "80,0,40,40", "Center": "20,20" },
	"character_char4S3_superfly_3":  { "File": "superflyS3.bmp", "Rect": "120,0,40,40", "Center": "21,19" }
}