{
	"snowboarding_char4_0x01": { "File": "character_amyplus_snowboarding.bmp", "Rect": "4,0,48,64", "Center": "22,40" },
	"snowboarding_char4_0x02": { "File": "character_amyplus_snowboarding.bmp", "Rect": "68,4,32,56", "Center": "16,22" },
	"snowboarding_char4_0x03": { "File": "character_amyplus_snowboarding.bmp", "Rect": "116,4,48,56", "Center": "23,27" },
	"snowboarding_char4_0x04": { "File": "character_amyplus_snowboarding.bmp", "Rect": "176,4,40,56", "Center": "21,26" },
	"snowboarding_char4_0x05": { "File": "character_amyplus_snowboarding.bmp", "Rect": "232,4,40,56", "Center": "19,26" },
	"snowboarding_char4_0x06": { "File": "character_amyplus_snowboarding.bmp", "Rect": "280,12,56,40", "Center": "28,21" },
	"snowboarding_char4_0x07": { "File": "character_amyplus_snowboarding.bmp", "Rect": "336,12,56,40", "Center": "28,21" },
	"snowboarding_char4_0x08": { "File": "character_amyplus_snowboarding.bmp", "Rect": "392,12,56,40", "Center": "28,21" },
	"snowboarding_char4_0x09": { "File": "character_amyplus_snowboarding.bmp", "Rect": "452,4,48,56", "Center": "27,19" },
	"snowboarding_char4_0x0a": { "File": "character_amyplus_snowboarding.bmp", "Rect": "504,4,56,56", "Center": "34,25" },
	"snowboarding_char4_0x0b": { "File": "character_amyplus_snowboarding.bmp", "Rect": "560,8,56,48", "Center": "28,22" },
	"snowboarding_char4_0x0c": { "File": "character_amyplus_snowboarding.bmp", "Rect": "616,4,56,56", "Center": "26,26" },

	"snowboarding_char4S3_0x01": { "File": "character_amyplus_snowboardingS3.bmp", "Rect": "4,0,48,64", "Center": "22,36" },
	"snowboarding_char4S3_0x02": { "File": "character_amyplus_snowboardingS3.bmp", "Rect": "68,4,32,56", "Center": "16,18" },
	"snowboarding_char4S3_0x03": { "File": "character_amyplus_snowboardingS3.bmp", "Rect": "116,4,48,56", "Center": "23,23" },
	"snowboarding_char4S3_0x04": { "File": "character_amyplus_snowboardingS3.bmp", "Rect": "176,4,40,56", "Center": "21,22" },
	"snowboarding_char4S3_0x05": { "File": "character_amyplus_snowboardingS3.bmp", "Rect": "232,4,40,56", "Center": "19,22" },
	"snowboarding_char4S3_0x06": { "File": "character_amyplus_snowboardingS3.bmp", "Rect": "280,12,56,40", "Center": "28,17" },
	"snowboarding_char4S3_0x07": { "File": "character_amyplus_snowboardingS3.bmp", "Rect": "336,12,56,40", "Center": "28,17" },
	"snowboarding_char4S3_0x08": { "File": "character_amyplus_snowboardingS3.bmp", "Rect": "392,12,56,40", "Center": "28,17" },
	"snowboarding_char4S3_0x09": { "File": "character_amyplus_snowboardingS3.bmp", "Rect": "452,4,48,56", "Center": "27,15" },
	"snowboarding_char4S3_0x0a": { "File": "character_amyplus_snowboardingS3.bmp", "Rect": "504,4,56,56", "Center": "34,21" },
	"snowboarding_char4S3_0x0b": { "File": "character_amyplus_snowboardingS3.bmp", "Rect": "560,8,56,48", "Center": "28,18" },
	"snowboarding_char4S3_0x0c": { "File": "character_amyplus_snowboardingS3.bmp", "Rect": "616,4,56,56", "Center": "26,22" },

	"snowboarding_char4Ca22_0x01": { "File": "snowboardingCa22.bmp", "Rect": "4,0,48,64", "Center": "22,36" },
	"snowboarding_char4Ca22_0x02": { "File": "snowboardingCa22.bmp", "Rect": "68,4,32,56", "Center": "16,18" },
	"snowboarding_char4Ca22_0x03": { "File": "snowboardingCa22.bmp", "Rect": "116,4,48,56", "Center": "23,23" },
	"snowboarding_char4Ca22_0x04": { "File": "snowboardingCa22.bmp", "Rect": "176,4,40,56", "Center": "21,22" },
	"snowboarding_char4Ca22_0x05": { "File": "snowboardingCa22.bmp", "Rect": "232,4,40,56", "Center": "19,22" },
	"snowboarding_char4Ca22_0x06": { "File": "snowboardingCa22.bmp", "Rect": "280,12,56,40", "Center": "28,17" },
	"snowboarding_char4Ca22_0x07": { "File": "snowboardingCa22.bmp", "Rect": "336,12,56,40", "Center": "28,17" },
	"snowboarding_char4Ca22_0x08": { "File": "snowboardingCa22.bmp", "Rect": "392,12,56,40", "Center": "28,17" },
	"snowboarding_char4Ca22_0x09": { "File": "snowboardingCa22.bmp", "Rect": "452,4,48,56", "Center": "27,15" },
	"snowboarding_char4Ca22_0x0a": { "File": "snowboardingCa22.bmp", "Rect": "504,4,56,56", "Center": "34,21" },
	"snowboarding_char4Ca22_0x0b": { "File": "snowboardingCa22.bmp", "Rect": "560,8,56,48", "Center": "28,18" },
	"snowboarding_char4Ca22_0x0c": { "File": "snowboardingCa22.bmp", "Rect": "616,4,56,56", "Center": "26,22" }
}
