{
	"character_S3_0x01":  { "File": "character_S3.bmp", "Rect": "8,64,48,48", "Center": "24,28" },
	"character_S3_0x02":  { "File": "character_S3.bmp", "Rect": "64,64,48,48", "Center": "24,28" },
	"character_S3_0x03":  { "File": "character_S3.bmp", "Rect": "120,64,48,48", "Center": "24,28" },
	"character_S3_0x04":  { "File": "character_S3.bmp", "Rect": "176,64,48,48", "Center": "24,28" },
	"character_S3_0x05":  { "File": "character_S3.bmp", "Rect": "232,64,48,48", "Center": "24,28" },
	"character_S3_0x06":  { "File": "character_S3.bmp", "Rect": "288,64,48,48", "Center": "24,28" },
	"character_S3_0x07":  { "File": "character_S3.bmp", "Rect": "344,64,48,48", "Center": "24,28" },
	"character_S3_0x08":  { "File": "character_S3.bmp", "Rect": "400,64,48,48", "Center": "23,28" },
	"character_S3_0x09":  { "File": "character_S3.bmp", "Rect": "456,4,48,48", "Center": "24,28" },
	"character_S3_0x0a":  { "File": "character_S3.bmp", "Rect": "508,8,48,48", "Center": "24,28" },
	"character_S3_0x0b":  { "File": "character_S3.bmp", "Rect": "568,8,48,48", "Center": "24,28" },
	"character_S3_0x0c":  { "File": "character_S3.bmp", "Rect": "620,8,48,48", "Center": "24,28" },
	"character_S3_0x0d":  { "File": "character_S3.bmp", "Rect": "680,4,48,48", "Center": "24,28" },
	"character_S3_0x0e":  { "File": "character_S3.bmp", "Rect": "732,4,48,48", "Center": "24,28" },
	"character_S3_0x0f":  { "File": "character_S3.bmp", "Rect": "792,8,48,48", "Center": "24,28" },
	"character_S3_0x10":  { "File": "character_S3.bmp", "Rect": "848,8,48,48", "Center": "24,28" },
	"character_S3_0x11":  { "File": "character_S3.bmp", "Rect": "8,64,48,48", "Center": "24,28" },
	"character_S3_0x12":  { "File": "character_S3.bmp", "Rect": "64,64,48,48", "Center": "24,28" },
	"character_S3_0x13":  { "File": "character_S3.bmp", "Rect": "120,68,48,48", "Center": "24,28" },
	"character_S3_0x14":  { "File": "character_S3.bmp", "Rect": "176,68,48,48", "Center": "24,28" },
	"character_S3_0x15":  { "File": "character_S3.bmp", "Rect": "232,64,48,48", "Center": "24,28" },
	"character_S3_0x16":  { "File": "character_S3.bmp", "Rect": "288,64,48,48", "Center": "24,28" },
	"character_S3_0x17":  { "File": "character_S3.bmp", "Rect": "344,68,48,48", "Center": "24,28" },
	"character_S3_0x18":  { "File": "character_S3.bmp", "Rect": "400,68,48,48", "Center": "24,28" },
	"character_S3_0x19":  { "File": "character_S3.bmp", "Rect": "452,64,48,48", "Center": "24,28" },
	"character_S3_0x1a":  { "File": "character_S3.bmp", "Rect": "512,60,48,48", "Center": "24,28" },
	"character_S3_0x1b":  { "File": "character_S3.bmp", "Rect": "568,64,48,48", "Center": "24,28" },
	"character_S3_0x1c":  { "File": "character_S3.bmp", "Rect": "624,60,48,48", "Center": "24,28" },
	"character_S3_0x1d":  { "File": "character_S3.bmp", "Rect": "676,64,48,48", "Center": "24,28" },
	"character_S3_0x1e":  { "File": "character_S3.bmp", "Rect": "732,60,48,48", "Center": "24,28" },
	"character_S3_0x1f":  { "File": "character_S3.bmp", "Rect": "792,64,48,48", "Center": "24,28" },
	"character_S3_0x20":  { "File": "character_S3.bmp", "Rect": "848,64,48,48", "Center": "24,28" },
	"character_S3_0x21":  { "File": "character_S3.bmp", "Rect": "520,64,48,48", "Center": "24,28" },
	"character_S3_0x22":  { "File": "character_S3.bmp", "Rect": "576,64,48,48", "Center": "24,28" },
	"character_S3_0x23":  { "File": "character_S3.bmp", "Rect": "632,64,48,48", "Center": "24,28" },
	"character_S3_0x24":  { "File": "character_S3.bmp", "Rect": "688,64,48,48", "Center": "24,28" },
	"character_S3_0x25":  { "File": "character_S3.bmp", "Rect": "232,120,48,48", "Center": "24,28" },
	"character_S3_0x26":  { "File": "character_S3.bmp", "Rect": "292,120,48,48", "Center": "24,28" },
	"character_S3_0x27":  { "File": "character_S3.bmp", "Rect": "344,120,48,48", "Center": "24,28" },
	"character_S3_0x28":  { "File": "character_S3.bmp", "Rect": "404,120,48,48", "Center": "24,28" },
	"character_S3_0x29":  { "File": "character_S3.bmp", "Rect": "456,124,48,48", "Center": "24,28" },
	"character_S3_0x2a":  { "File": "character_S3.bmp", "Rect": "512,124,48,48", "Center": "24,28" },
	"character_S3_0x2b":  { "File": "character_S3.bmp", "Rect": "568,124,48,48", "Center": "24,28" },
	"character_S3_0x2c":  { "File": "character_S3.bmp", "Rect": "624,124,48,48", "Center": "24,28" },
	"character_S3_0x2d":  { "File": "character_S3.bmp", "Rect": "680,120,48,48", "Center": "24,28" },
	"character_S3_0x2e":  { "File": "character_S3.bmp", "Rect": "736,124,48,48", "Center": "24,28" },
	"character_S3_0x2f":  { "File": "character_S3.bmp", "Rect": "792,120,48,48", "Center": "24,28" },
	"character_S3_0x30":  { "File": "character_S3.bmp", "Rect": "848,124,48,48", "Center": "24,28" },
	"character_S3_0x31":  { "File": "character_S3.bmp", "Rect": "8,232,48,48", "Center": "24,28" },
	"character_S3_0x32":  { "File": "character_S3.bmp", "Rect": "64,232,48,48", "Center": "20,28" },
	"character_S3_0x33":  { "File": "character_S3.bmp", "Rect": "120,232,48,48", "Center": "21,28" },
	"character_S3_0x34":  { "File": "character_S3.bmp", "Rect": "176,232,48,48", "Center": "22,28" },
	"character_S3_0x35":  { "File": "character_S3.bmp", "Rect": "232,232,48,48", "Center": "21,28" },
	"character_S3_0x36":  { "File": "character_S3.bmp", "Rect": "288,232,48,48", "Center": "22,28" },
	"character_S3_0x37":  { "File": "character_S3.bmp", "Rect": "344,232,48,48", "Center": "22,24" },
	"character_S3_0x38":  { "File": "character_S3.bmp", "Rect": "400,232,48,48", "Center": "22,24" },
	"character_S3_0x39":  { "File": "character_S3.bmp", "Rect": "456,232,48,48", "Center": "20,30" },
	"character_S3_0x3a":  { "File": "character_S3.bmp", "Rect": "512,232,48,48", "Center": "24,28" },
	"character_S3_0x3b":  { "File": "character_S3.bmp", "Rect": "568,232,48,48", "Center": "22,28" },
	"character_S3_0x3c":  { "File": "character_S3.bmp", "Rect": "624,232,48,48", "Center": "22,28" },
	"character_S3_0x3d":  { "File": "character_S3.bmp", "Rect": "8,288,48,48", "Center": "24,28" },
	"character_S3_0x3e":  { "File": "character_S3.bmp", "Rect": "64,288,48,48", "Center": "23,28" },
	"character_S3_0x3f":  { "File": "character_S3.bmp", "Rect": "120,288,48,48", "Center": "23,28" },
	"character_S3_0x40":  { "File": "character_S3.bmp", "Rect": "176,288,48,48", "Center": "24,25" },
	"character_S3_0x41":  { "File": "character_S3.bmp", "Rect": "232,288,48,48", "Center": "22,22" },
	"character_S3_0x42":  { "File": "character_S3.bmp", "Rect": "288,288,48,48", "Center": "22,25" },
	"character_S3_0x43":  { "File": "character_S3.bmp", "Rect": "344,288,48,48", "Center": "23,28" },
	"character_S3_0x44":  { "File": "character_S3.bmp", "Rect": "400,288,48,48", "Center": "24,28" },
	"character_S3_0x45":  { "File": "character_S3.bmp", "Rect": "456,288,48,40", "Center": "24,28" },
	"character_S3_0x46":  { "File": "character_S3.bmp", "Rect": "512,288,48,48", "Center": "24,28" },
	"character_S3_0x47":  { "File": "character_S3.bmp", "Rect": "568,288,48,48", "Center": "24,28" },
	"character_S3_0x48":  { "File": "character_S3.bmp", "Rect": "624,288,48,48", "Center": "24,28" },
	"character_S3_0x49":  { "File": "character_S3.bmp", "Rect": "8,400,48,48", "Center": "24,28" },
	"character_S3_0x4a":  { "File": "character_S3.bmp", "Rect": "64,400,48,48", "Center": "24,24" },
	"character_S3_0x4b":  { "File": "character_S3.bmp", "Rect": "120,400,48,48", "Center": "22,28" },
	"character_S3_0x4c":  { "File": "character_S3.bmp", "Rect": "176,400,48,48", "Center": "24,28" },
	"character_S3_0x4d":  { "File": "character_S3.bmp", "Rect": "232,400,48,48", "Center": "24,28" },
	"character_S3_0x4e":  { "File": "character_S3.bmp", "Rect": "288,400,48,48", "Center": "24,28" },
	"character_S3_0x4f":  { "File": "character_S3.bmp", "Rect": "344,400,48,48", "Center": "22,28" },
	"character_S3_0x50":  { "File": "character_S3.bmp", "Rect": "400,400,48,48", "Center": "24,28" },
	"character_S3_0x51":  { "File": "character_S3.bmp", "Rect": "456,400,48,48", "Center": "24,28" },
	"character_S3_0x52":  { "File": "character_S3.bmp", "Rect": "512,400,48,48", "Center": "24,28" },
	"character_S3_0x53":  { "File": "character_S3.bmp", "Rect": "568,400,48,48", "Center": "24,28" },
	"character_S3_0x54":  { "File": "character_S3.bmp", "Rect": "624,400,48,48", "Center": "24,28" },
	"character_S3_0x55":  { "File": "character_S3.bmp", "Rect": "8,176,48,48", "Center": "24,28" },
	"character_S3_0x56":  { "File": "character_S3.bmp", "Rect": "64,176,48,48", "Center": "24,28" },
	"character_S3_0x57":  { "File": "character_S3.bmp", "Rect": "120,176,48,48", "Center": "24,28" },
	"character_S3_0x58":  { "File": "character_S3.bmp", "Rect": "176,176,48,48", "Center": "24,28" },
	"character_S3_0x59":  { "File": "character_S3.bmp", "Rect": "232,176,48,48", "Center": "24,28" },
	"character_S3_0x5a":  { "File": "character_S3.bmp", "Rect": "288,176,48,48", "Center": "24,28" },
	"character_S3_0x5b":  { "File": "character_S3.bmp", "Rect": "344,176,48,48", "Center": "24,28" },
	"character_S3_0x5c":  { "File": "character_S3.bmp", "Rect": "8,344,48,48", "Center": "22,28" },
	"character_S3_0x5d":  { "File": "character_S3.bmp", "Rect": "64,344,48,48", "Center": "20,28" },
	"character_S3_0x5e":  { "File": "character_S3.bmp", "Rect": "120,344,48,48", "Center": "26,28" },
	"character_S3_0x5f":  { "File": "character_S3.bmp", "Rect": "176,344,48,48", "Center": "26,28" },
	"character_S3_0x60":  { "File": "character_S3.bmp", "Rect": "232,344,48,48", "Center": "26,28" },
	"character_S3_0x61":  { "File": "character_S3.bmp", "Rect": "288,344,48,48", "Center": "35,28" },
	"character_S3_0x62":  { "File": "character_S3.bmp", "Rect": "8,8,48,48", "Center": "24,28" },
	"character_S3_0x63":  { "File": "character_S3.bmp", "Rect": "520,344,48,42", "Center": "24,28" },
	"character_S3_0x64":  { "File": "character_S3.bmp", "Rect": "576,344,48,48", "Center": "28,30" },
	"character_S3_0x65":  { "File": "character_S3.bmp", "Rect": "632,344,48,48", "Center": "26,28" },
	"character_S3_0x66":  { "File": "character_S3.bmp", "Rect": "688,344,48,48", "Center": "25,24" },
	"character_S3_0x67":  { "File": "character_S3.bmp", "Rect": "744,344,48,48", "Center": "25,32" },
	"character_S3_0x68":  { "File": "character_S3.bmp", "Rect": "800,344,48,48", "Center": "25,34" },
	"character_S3_0x69":  { "File": "character_S3.bmp", "Rect": "8,456,48,48", "Center": "24,28" },
	"character_S3_0x6a":  { "File": "character_S3.bmp", "Rect": "64,456,48,48", "Center": "24,28" },
	"character_S3_0x6b":  { "File": "character_S3.bmp", "Rect": "120,456,48,48", "Center": "24,28" },
	"character_S3_0x6c":  { "File": "character_S3.bmp", "Rect": "184,456,48,48", "Center": "24,28" },
	"character_S3_0x6d":  { "File": "character_S3.bmp", "Rect": "240,456,48,48", "Center": "24,28" },
	"character_S3_0x6e":  { "File": "character_S3.bmp", "Rect": "296,456,48,48", "Center": "24,28" },
	"character_S3_0x6f":  { "File": "character_S3.bmp", "Rect": "352,456,48,48", "Center": "24,28" },
	"character_S3_0x70":  { "File": "character_S3.bmp", "Rect": "408,456,48,48", "Center": "24,28" },
	"character_S3_0x71":  { "File": "character_S3.bmp", "Rect": "464,456,48,48", "Center": "24,28" },
	"character_S3_0x72":  { "File": "character_S3.bmp", "Rect": "520,456,48,48", "Center": "24,28" },
	"character_S3_0x73":  { "File": "character_S3.bmp", "Rect": "576,456,48,48", "Center": "24,28" },
	"character_S3_0x74":  { "File": "character_S3.bmp", "Rect": "632,456,48,48", "Center": "24,28" },
	"character_S3_0x75":  { "File": "character_S3.bmp", "Rect": "688,456,48,48", "Center": "24,28" },
	"character_S3_0x76":  { "File": "character_S3.bmp", "Rect": "744,456,48,48", "Center": "24,28" },
	"character_S3_0x77":  { "File": "character_S3.bmp", "Rect": "800,456,48,48", "Center": "24,28" },
	"character_S3_0x78":  { "File": "character_S3.bmp", "Rect": "808,176,48,48", "Center": "24,28" },
	"character_S3_0x79":  { "File": "character_S3.bmp", "Rect": "8,821,48,48", "Center": "26,29" },
	"character_S3_0x7a":  { "File": "character_S3.bmp", "Rect": "60,821,48,48", "Center": "27,26" },
	"character_S3_0x7b":  { "File": "character_S3.bmp", "Rect": "112,821,48,48", "Center": "30,23" },
	"character_S3_0x7c":  { "File": "character_S3.bmp", "Rect": "164,821,48,48", "Center": "24,21" },
	"character_S3_0x7d":  { "File": "character_S3.bmp", "Rect": "216,821,48,48", "Center": "23,19" },
	"character_S3_0x7e":  { "File": "character_S3.bmp", "Rect": "268,821,48,48", "Center": "21,23" },
	"character_S3_0x7f":  { "File": "character_S3.bmp", "Rect": "320,821,48,48", "Center": "19,25" },
	"character_S3_0x80":  { "File": "character_S3.bmp", "Rect": "8,512,48,48", "Center": "24,24" },
	"character_S3_0x81":  { "File": "character_S3.bmp", "Rect": "64,512,48,48", "Center": "24,24" },
	"character_S3_0x82":  { "File": "character_S3.bmp", "Rect": "120,512,48,48", "Center": "24,24" },
	"character_S3_0x83":  { "File": "character_S3.bmp", "Rect": "176,512,48,48", "Center": "24,24" },
	"character_S3_0x84":  { "File": "character_S3.bmp", "Rect": "232,512,48,48", "Center": "24,24" },
	"character_S3_0x85":  { "File": "character_S3.bmp", "Rect": "288,512,48,48", "Center": "24,24" },
	"character_S3_0x86":  { "File": "character_S3.bmp", "Rect": "416,120,48,48", "Center": "24,28" },
	"character_S3_0x87":  { "File": "character_S3.bmp", "Rect": "472,120,48,48", "Center": "24,28" },
	"character_S3_0x88":  { "File": "character_S3.bmp", "Rect": "528,120,48,48", "Center": "24,28" },
	"character_S3_0x89":  { "File": "character_S3.bmp", "Rect": "584,120,48,48", "Center": "24,28" },
	"character_S3_0x8a":  { "File": "character_S3.bmp", "Rect": "640,120,48,48", "Center": "24,28" },
	"character_S3_0x8b":  { "File": "character_S3.bmp", "Rect": "696,120,48,48", "Center": "24,28" },
	"character_S3_0x8c":  { "File": "character_S3.bmp", "Rect": "760,120,48,48", "Center": "24,28" },
	"character_S3_0x8d":  { "File": "character_S3.bmp", "Rect": "816,120,48,48", "Center": "24,28" },
	"character_S3_0x8e":  { "File": "character_S3.bmp", "Rect": "888,8,48,48", "Center": "24,28" },
	"character_S3_0x8f":  { "File": "character_S3.bmp", "Rect": "952,8,48,48", "Center": "24,28" },
	"character_S3_0x90":  { "File": "character_S3.bmp", "Rect": "352,512,48,48", "Center": "24,24" },
	"character_S3_0x91":  { "File": "character_S3.bmp", "Rect": "408,512,48,48", "Center": "24,24" },
	"character_S3_0x92":  { "File": "character_S3.bmp", "Rect": "464,512,48,48", "Center": "23,24" },
	"character_S3_0x93":  { "File": "character_S3.bmp", "Rect": "520,512,48,48", "Center": "24,24" },
	"character_S3_0x94":  { "File": "character_S3.bmp", "Rect": "584,512,48,48", "Center": "24,24" },
	"character_S3_0x95":  { "File": "character_S3.bmp", "Rect": "640,512,48,48", "Center": "24,24" },
	"character_S3_0x96":  { "File": "character_S3.bmp", "Rect": "8,120,48,48", "Center": "24,32" },
	"character_S3_0x97":  { "File": "character_S3.bmp", "Rect": "64,120,48,48", "Center": "24,32" },
	"character_S3_0x98":  { "File": "character_S3.bmp", "Rect": "120,120,48,48", "Center": "24,32" },
	"character_S3_0x99":  { "File": "character_S3.bmp", "Rect": "176,120,48,48", "Center": "24,32" },
	"character_S3_0x9a":  { "File": "character_S3.bmp", "Rect": "232,120,48,48", "Center": "24,32" },
	"character_S3_0x9b":  { "File": "character_S3.bmp", "Rect": "768,8,48,48", "Center": "24,28" },
	"character_S3_0x9c":  { "File": "character_S3.bmp", "Rect": "824,8,48,48", "Center": "24,28" },
	"character_S3_0x9d":  { "File": "character_S3.bmp", "Rect": "592,568,48,48", "Center": "24,28" },
	"character_S3_0x9e":  { "File": "character_S3.bmp", "Rect": "648,568,48,48", "Center": "24,28" },
	"character_S3_0x9f":  { "File": "character_S3.bmp", "Rect": "704,568,48,48", "Center": "24,28" },
	"character_S3_0xa0":  { "File": "character_S3.bmp", "Rect": "768,568,48,48", "Center": "24,28" },
	"character_S3_0xa1":  { "File": "character_S3.bmp", "Rect": "240,568,48,48", "Center": "24,28" },
	"character_S3_0xa2":  { "File": "character_S3.bmp", "Rect": "296,568,48,48", "Center": "24,28" },
	"character_S3_0xa3":  { "File": "character_S3.bmp", "Rect": "352,568,48,48", "Center": "24,28" },
	"character_S3_0xa4":  { "File": "character_S3.bmp", "Rect": "416,568,48,48", "Center": "24,28" },
	"character_S3_0xa5":  { "File": "character_S3.bmp", "Rect": "472,568,48,48", "Center": "24,28" },
	"character_S3_0xa6":  { "File": "character_S3.bmp", "Rect": "528,568,48,48", "Center": "24,28" },
	"character_S3_0xa7":  { "File": "character_S3.bmp", "Rect": "520,8,48,48", "Center": "24,28" },
	"character_S3_0xa8":  { "File": "character_S3.bmp", "Rect": "8,8,48,48", "Center": "24,28" },
	"character_S3_0xa9":  { "File": "character_S3.bmp", "Rect": "584,8,48,48", "Center": "24,28" },
	"character_S3_0xaa":  { "File": "character_S3.bmp", "Rect": "864,344,56,48", "Center": "26,28" },
	"character_S3_0xab":  { "File": "character_S3.bmp", "Rect": "928,344,56,48", "Center": "26,28" },
	"character_S3_0xac":  { "File": "character_S3.bmp", "Rect": "880,120,48,48", "Center": "24,28" },
	"character_S3_0xad":  { "File": "character_S3.bmp", "Rect": "288,8,48,48", "Center": "24,28" },
	"character_S3_0xae":  { "File": "character_S3.bmp", "Rect": "344,8,48,48", "Center": "24,28" },
	"character_S3_0xaf":  { "File": "character_S3.bmp", "Rect": "400,8,48,48", "Center": "24,28" },
	"character_S3_0xb0":  { "File": "character_S3.bmp", "Rect": "752,680,48,48", "Center": "24,28" },
	"character_S3_0xb1":  { "File": "character_S3.bmp", "Rect": "808,680,48,48", "Center": "24,28" },
	"character_S3_0xb2":  { "File": "character_S3.bmp", "Rect": "864,680,48,48", "Center": "24,28" },
	"character_S3_0xb3":  { "File": "character_S3.bmp", "Rect": "920,680,48,48", "Center": "24,28" },
	"character_S3_0xb4":  { "File": "character_S3.bmp", "Rect": "864,272,48,56", "Center": "28,28" },
	"character_S3_0xb5":  { "File": "character_S3.bmp", "Rect": "920,272,48,56", "Center": "28,28" },
	"character_S3_0xb6":  { "File": "character_S3.bmp", "Rect": "8,568,48,48", "Center": "24,28" },
	"character_S3_0xb7":  { "File": "character_S3.bmp", "Rect": "64,568,48,48", "Center": "24,28" },
	"character_S3_0xb8":  { "File": "character_S3.bmp", "Rect": "120,568,48,48", "Center": "24,28" },
	"character_S3_0xb9":  { "File": "character_S3.bmp", "Rect": "176,568,48,48", "Center": "24,28" },
	"character_S3_0xba":  { "File": "character_S3.bmp", "Rect": "8,8,48,48", "Center": "24,28" },
	"character_S3_0xbb":  { "File": "character_S3.bmp", "Rect": "64,8,48,48", "Center": "24,28" },
	"character_S3_0xbc":  { "File": "character_S3.bmp", "Rect": "120,8,48,48", "Center": "24,28" },
	"character_S3_0xbd":  { "File": "character_S3.bmp", "Rect": "176,8,48,48", "Center": "24,28" },
	"character_S3_0xbe":  { "File": "character_S3.bmp", "Rect": "232,8,48,48", "Center": "24,28" },
	"character_S3_0xbf":  { "File": "character_S3.bmp", "Rect": "796,624,48,48", "Center": "24,28" },
	"character_S3_0xc0":  { "File": "character_S3.bmp", "Rect": "852,624,48,48", "Center": "24,28" },
	"character_S3_0xc1":  { "File": "character_S3.bmp", "Rect": "12,680,48,48", "Center": "24,28" },
	"character_S3_0xc2":  { "File": "character_S3.bmp", "Rect": "68,680,48,48", "Center": "24,28" },
	"character_S3_0xc3":  { "File": "character_S3.bmp", "Rect": "648,8,48,48", "Center": "24,28" },
	"character_S3_0xc4":  { "File": "character_S3.bmp", "Rect": "704,8,48,48", "Center": "24,28" },
	"character_S3_0xc5":  { "File": "character_S3.bmp", "Rect": "236,680,48,48", "Center": "24,28" },
	"character_S3_0xc6":  { "File": "character_S3.bmp", "Rect": "292,680,48,48", "Center": "24,28" },
	"character_S3_0xc7":  { "File": "character_S3.bmp", "Rect": "348,680,48,48", "Center": "24,28" },
	"character_S3_0xc8":  { "File": "character_S3.bmp", "Rect": "8,680,48,48", "Center": "24,28" },
	"character_S3_0xc9":  { "File": "character_S3.bmp", "Rect": "64,680,48,48", "Center": "24,28" },
	"character_S3_0xca":  { "File": "character_S3.bmp", "Rect": "120,680,48,48", "Center": "24,28" },
	"character_S3_0xcb":  { "File": "character_S3.bmp", "Rect": "176,680,48,48", "Center": "24,28" },
	"character_S3_0xcc":  { "File": "character_S3.bmp", "Rect": "232,680,48,48", "Center": "24,28" },
	"character_S3_0xcd":  { "File": "character_S3.bmp", "Rect": "288,680,48,48", "Center": "24,28" },
	"character_S3_0xce":  { "File": "character_S3.bmp", "Rect": "344,680,48,48", "Center": "24,28" },
	"character_S3_0xcf":  { "File": "character_S3.bmp", "Rect": "400,680,48,48", "Center": "24,28" },
	"character_S3_0xd0":  { "File": "character_S3.bmp", "Rect": "688,232,48,48", "Center": "24,28" },
	"character_S3_0xd1":  { "File": "character_S3.bmp", "Rect": "744,232,48,48", "Center": "24,28" },
	"character_S3_0xd2":  { "File": "character_S3.bmp", "Rect": "464,680,48,48", "Center": "24,28" },
	"character_S3_0xd3":  { "File": "character_S3.bmp", "Rect": "520,680,48,48", "Center": "24,28" },
	"character_S3_0xd4":  { "File": "character_S3.bmp", "Rect": "576,680,48,48", "Center": "24,28" },
	"character_S3_0xd5":  { "File": "character_S3.bmp", "Rect": "632,680,48,48", "Center": "24,28" },
	"character_S3_0xd6":  { "File": "character_S3.bmp", "Rect": "688,680,48,48", "Center": "24,28" },
	"character_S3_0xd7":  { "File": "character_S3.bmp", "Rect": "688,232,48,48", "Center": "24,28" },
	"character_S3_0xd8":  { "File": "character_S3.bmp", "Rect": "744,232,48,48", "Center": "24,28" },
	"character_S3_0xd9":  { "File": "character_S3.bmp", "Rect": "456,8,48,48", "Center": "24,28" },
	"character_S3_0xda":  { "File": "character_S3.bmp", "Rect": "516,736,48,48", "Center": "24,28" },
	"character_S3_0xdb":  { "File": "character_S3.bmp", "Rect": "572,736,48,48", "Center": "24,28" },
	"character_S3_0xdc":  { "File": "character_S3.bmp", "Rect": "628,736,48,48", "Center": "24,28" },
	"character_S3_0xdd":  { "File": "character_S3.bmp", "Rect": "684,736,48,48", "Center": "24,28" },
	"character_S3_0xde":  { "File": "character_S3.bmp", "Rect": "740,736,48,48", "Center": "24,28" },
	"character_S3_0xdf":  { "File": "character_S3.bmp", "Rect": "8,624,48,48", "Center": "24,28" },
	"character_S3_0xe0":  { "File": "character_S3.bmp", "Rect": "64,624,48,40", "Center": "24,28" },
	"character_S3_0xe1":  { "File": "character_S3.bmp", "Rect": "120,624,48,48", "Center": "24,28" },
	"character_S3_0xe2":  { "File": "character_S3.bmp", "Rect": "176,624,48,48", "Center": "24,28" },
	"character_S3_0xe3":  { "File": "character_S3.bmp", "Rect": "232,624,48,48", "Center": "24,28" },
	"character_S3_0xe4":  { "File": "character_S3.bmp", "Rect": "408,176,48,48", "Center": "24,24" },
	"character_S3_0xe5":  { "File": "character_S3.bmp", "Rect": "464,176,48,48", "Center": "24,24" },
	"character_S3_0xe6":  { "File": "character_S3.bmp", "Rect": "520,176,48,48", "Center": "24,24" },
	"character_S3_0xe7":  { "File": "character_S3.bmp", "Rect": "576,176,48,48", "Center": "24,24" },
	"character_S3_0xe8":  { "File": "character_S3.bmp", "Rect": "632,176,48,48", "Center": "24,24" },
	"character_S3_0xe9":  { "File": "character_S3.bmp", "Rect": "688,176,48,48", "Center": "24,24" },
	"character_S3_0xea":  { "File": "character_S3.bmp", "Rect": "744,176,48,48", "Center": "24,24" },
	"character_S3_0xeb":  { "File": "character_S3.bmp", "Rect": "8,8,48,48", "Center": "24,28" },
	"character_S3_0xec":  { "File": "character_S3.bmp", "Rect": "620,792,48,48", "Center": "24,28" },
	"character_S3_0xed":  { "File": "character_S3.bmp", "Rect": "684,788,48,48", "Center": "24,28" },
	"character_S3_0xee":  { "File": "character_S3.bmp", "Rect": "732,792,48,48", "Center": "24,28" },
	"character_S3_0xef":  { "File": "character_S3.bmp", "Rect": "296,624,48,48", "Center": "24,28" },
	"character_S3_0xf0":  { "File": "character_S3.bmp", "Rect": "352,624,48,48", "Center": "24,28" },
	"character_S3_0xf1":  { "File": "character_S3.bmp", "Rect": "408,624,48,48", "Center": "24,28" },
	"character_S3_0xf2":  { "File": "character_S3.bmp", "Rect": "464,624,48,48", "Center": "24,28" },
	"character_S3_0xf3":  { "File": "character_S3.bmp", "Rect": "520,624,48,48", "Center": "24,28" },
	"character_S3_0xf4":  { "File": "character_S3.bmp", "Rect": "576,624,48,48", "Center": "24,28" },
	"character_S3_0xf5":  { "File": "character_S3.bmp", "Rect": "632,624,48,48", "Center": "24,28" },
	"character_S3_0xf6":  { "File": "character_S3.bmp", "Rect": "688,624,48,48", "Center": "24,28" },
	"character_S3_0xf7":  { "File": "character_S3.bmp", "Rect": "744,624,48,48", "Center": "24,28" },
	"character_S3_0xf8":  { "File": "character_S3.bmp", "Rect": "800,624,48,48", "Center": "24,28" },
	"character_S3_0xf9":  { "File": "character_S3.bmp", "Rect": "856,624,48,48", "Center": "24,28" },
	"character_S3_0xfa":  { "File": "character_S3.bmp", "Rect": "912,624,48,48", "Center": "24,28" },
	"character_S3_snowboarding_0x01":  { "File": "character_S3.bmp", "Rect": "480,736,48,64", "Center": "28,24" },
	"character_S3_snowboarding_0x02":  { "File": "character_S3.bmp", "Rect": "600,736,56,56", "Center": "28,24" },
	"character_S3_snowboarding_0x03":  { "File": "character_S3.bmp", "Rect": "728,736,56,56", "Center": "28,24" },
	"character_S3_snowboarding_0x04":  { "File": "character_S3.bmp", "Rect": "536,736,56,56", "Center": "28,24" },
	"character_S3_snowboarding_0x05":  { "File": "character_S3.bmp", "Rect": "664,736,56,56", "Center": "28,24" },
	"character_S3_snowboarding_0x06":  { "File": "character_S3.bmp", "Rect": "264,736,56,56", "Center": "28,24" },
	"character_S3_snowboarding_0x07":  { "File": "character_S3.bmp", "Rect": "336,736,56,56", "Center": "28,24" },
	"character_S3_snowboarding_0x08":  { "File": "character_S3.bmp", "Rect": "400,736,56,56", "Center": "28,24" },
	"character_S3_snowboarding_0x09":  { "File": "character_S3.bmp", "Rect": "8,736,56,56", "Center": "28,16" },
	"character_S3_snowboarding_0x0a":  { "File": "character_S3.bmp", "Rect": "72,736,56,56", "Center": "20,8" },
	"character_S3_snowboarding_0x0b":  { "File": "character_S3.bmp", "Rect": "200,736,56,56", "Center": "20,20" },
	"character_S3_snowboarding_0x0c":  { "File": "character_S3.bmp", "Rect": "136,736,56,56", "Center": "28,20" },
	"S3_dropdash_0":  { "File": "character_S3.bmp", "Rect": "296,120,48,48", "Center": "24,32" },
	"S3_dropdash_1":  { "File": "character_S3.bmp", "Rect": "352,120,48,48", "Center": "24,32" },
	"S3_peelout_0":  { "File": "character_S3.bmp", "Rect": "752,64,48,48", "Center": "24,28" },
	"S3_peelout_1":  { "File": "character_S3.bmp", "Rect": "808,64,48,48", "Center": "24,28" },
	"S3_peelout_2":  { "File": "character_S3.bmp", "Rect": "864,64,48,48", "Center": "24,28" },
	"S3_peelout_3":  { "File": "character_S3.bmp", "Rect": "920,64,48,48", "Center": "24,28" },
	"character_S3_CDSPIN_0":  { "File": "character_S3.bmp", "Rect": "8,120,48,48", "Center": "24,32" },
	"character_S3_CDSPIN_1":  { "File": "character_S3.bmp", "Rect": "64,120,48,48", "Center": "24,32" },
	"character_S3_CDSPIN_2":  { "File": "character_S3.bmp", "Rect": "8,120,48,48", "Center": "24,32" },
	"character_S3_CDSPIN_3":  { "File": "character_S3.bmp", "Rect": "120,120,48,48", "Center": "24,32" },
	"character_S3_CDSPIN_4":  { "File": "character_S3.bmp", "Rect": "8,120,48,48", "Center": "24,32" },
	"character_S3_CDSPIN_5":  { "File": "character_S3.bmp", "Rect": "176,120,48,48", "Center": "24,32" },
	"character_S3_CDSPIN_6":  { "File": "character_S3.bmp", "Rect": "8,120,48,48", "Center": "24,32" },
	"character_S3_CDSPIN_7":  { "File": "character_S3.bmp", "Rect": "232,120,48,48", "Center": "24,32" }
}