{
	"comp_character_char4_0x01": { "File": "comp_character_amyplus.png", "Rect": "4,3,23,24", "Center": "12,12" },
	"comp_character_char4_0x02": { "File": "comp_character_amyplus.png", "Rect": "36,3,23,24", "Center": "12,12" },
	"comp_character_char4_0x03": { "File": "comp_character_amyplus.png", "Rect": "68,3,23,24", "Center": "12,12" },
	"comp_character_char4_0x04": { "File": "comp_character_amyplus.png", "Rect": "100,0,24,32", "Center": "12,16" },
	"comp_character_char4_0x05": { "File": "comp_character_amyplus.png", "Rect": "132,0,24,32", "Center": "12,16" },
	"comp_character_char4_0x06": { "File": "comp_character_amyplus.png", "Rect": "164,0,24,32", "Center": "12,16" },
	"comp_character_char4_0x07": { "File": "comp_character_amyplus.png", "Rect": "196,4,24,24", "Center": "12,12" },
	"comp_character_char4_0x08": { "File": "comp_character_amyplus.png", "Rect": "228,4,24,24", "Center": "12,12" },
	"comp_character_char4_0x09": { "File": "comp_character_amyplus.png", "Rect": "260,4,24,24", "Center": "12,12" },
	"comp_character_char4_0x0a": { "File": "comp_character_amyplus.png", "Rect": "288,4,32,24", "Center": "16,12" },
	"comp_character_char4_0x0b": { "File": "comp_character_amyplus.png", "Rect": "320,4,32,24", "Center": "16,12" },
	"comp_character_char4_0x0c": { "File": "comp_character_amyplus.png", "Rect": "352,4,32,24", "Center": "16,12" },
	"comp_character_char4_0x0d": { "File": "comp_character_amyplus.png", "Rect": "388,3,23,24", "Center": "12,12" },
	"comp_character_char4_0x0e": { "File": "comp_character_amyplus.png", "Rect": "420,3,24,24", "Center": "12,12" },
	"comp_character_char4_0x0f": { "File": "comp_character_amyplus.png", "Rect": "452,4,24,24", "Center": "12,12" },
	"comp_character_char4_0x10": { "File": "comp_character_amyplus.png", "Rect": "484,4,24,24", "Center": "12,12" },
	"comp_character_char4_0x11": { "File": "comp_character_amyplus.png", "Rect": "4,36,24,24", "Center": "12,12" },
	"comp_character_char4_0x12": { "File": "comp_character_amyplus.png", "Rect": "36,36,24,24", "Center": "12,12" },
	"comp_character_char4_0x13": { "File": "comp_character_amyplus.png", "Rect": "68,36,24,24", "Center": "12,12" },
	"comp_character_char4_0x14": { "File": "comp_character_amyplus.png", "Rect": "100,36,24,24", "Center": "12,12" },
	"comp_character_char4_0x15": { "File": "comp_character_amyplus.png", "Rect": "132,34,24,24", "Center": "12,12" },
	"comp_character_char4_0x16": { "File": "comp_character_amyplus.png", "Rect": "164,34,24,24", "Center": "12,12" },
	"comp_character_char4_0x17": { "File": "comp_character_amyplus.png", "Rect": "196,34,24,24", "Center": "12,12" },
	"comp_character_char4_0x18": { "File": "comp_character_amyplus.png", "Rect": "228,34,24,24", "Center": "12,12" },
	"comp_character_char4_0x19": { "File": "comp_character_amyplus.png", "Rect": "260,34,24,24", "Center": "12,12" },
	"comp_character_char4_0x1a": { "File": "comp_character_amyplus.png", "Rect": "292,34,24,24", "Center": "12,12" },
	"comp_character_char4_0x1b": { "File": "comp_character_amyplus.png", "Rect": "324,35,23,24", "Center": "12,12" },
	"comp_character_char4_0x1c": { "File": "comp_character_amyplus.png", "Rect": "356,35,24,24", "Center": "12,12" },
	"comp_character_char4_0x1d": { "File": "comp_character_amyplus.png", "Rect": "388,35,24,24", "Center": "12,12" },
	"comp_character_char4_0x1e": { "File": "comp_character_amyplus.png", "Rect": "420,35,24,24", "Center": "12,12" },
	"comp_character_char4_0x1f": { "File": "comp_character_amyplus.png", "Rect": "452,35,24,24", "Center": "12,12" },
	"comp_character_char4_0x20": { "File": "comp_character_amyplus.png", "Rect": "484,32,24,32", "Center": "12,16" },
	"comp_character_char4_0x21": { "File": "comp_character_amyplus.png", "Rect": "10,68,24,24", "Center": "12,12" },
	"comp_character_char4_0x22": { "File": "comp_character_amyplus.png", "Rect": "36,67,24,24", "Center": "12,12" },
	"comp_character_char4_0x23": { "File": "comp_character_amyplus.png", "Rect": "68,72,24,16", "Center": "12,4" },
	"comp_character_char4_0x24": { "File": "comp_character_amyplus.png", "Rect": "100,72,24,16", "Center": "12,4" },
	"comp_character_char4_0x25": { "File": "comp_character_amyplus.png", "Rect": "132,68,24,24", "Center": "12,12" },
	"comp_character_char4_0x26": { "File": "comp_character_amyplus.png", "Rect": "164,68,24,24", "Center": "12,12" },
	"comp_character_char4_0x27": { "File": "comp_character_amyplus.png", "Rect": "196,68,24,24", "Center": "12,12" },
	"comp_character_char4_0x28": { "File": "comp_character_amyplus.png", "Rect": "228,68,24,24", "Center": "12,12" },
	"comp_character_char4_0x29": { "File": "comp_character_amyplus.png", "Rect": "260,68,24,24", "Center": "12,12" },
	"comp_character_char4_0x2a": { "File": "comp_character_amyplus.png", "Rect": "292,68,24,24", "Center": "12,12" },
	"comp_character_char4_0x2b": { "File": "comp_character_amyplus.png", "Rect": "324,70,24,16", "Center": "12,4" }
}