{
	"char4_cool-sweet-ncatchy_0":  { "File": "cool-sweet-ncatchy.bmp", "Rect": "5,5,30,35", "Center": "15,19" },
	"char4_cool-sweet-ncatchy_1":  { "File": "cool-sweet-ncatchy.bmp", "Rect": "40,5,30,35", "Center": "15,19" },
	"char4_cool-sweet-ncatchy_2":  { "File": "cool-sweet-ncatchy.bmp", "Rect": "76,5,30,35", "Center": "15,19" },
	"char4_cool-sweet-ncatchy_3":  { "File": "cool-sweet-ncatchy.bmp", "Rect": "40,5,30,35", "Center": "15,19" },
	"S3_cool-sweet-ncatchy_0":  { "File": "cool-sweet-ncatchy.bmp", "Rect": "5,45,30,35", "Center": "15,15" },
	"S3_cool-sweet-ncatchy_1":  { "File": "cool-sweet-ncatchy.bmp", "Rect": "40,45,30,35", "Center": "15,15" },
	"S3_cool-sweet-ncatchy_2":  { "File": "cool-sweet-ncatchy.bmp", "Rect": "76,45,30,35", "Center": "15,15" },
	"S3_cool-sweet-ncatchy_3":  { "File": "cool-sweet-ncatchy.bmp", "Rect": "40,45,30,35", "Center": "15,15" },
	"character_tails_cool-sweet-ncatchy_0":  { "File": "cool-sweet-ncatchy_miles.bmp", "Rect": "7,5,32,34", "Center": "18,18" },
	"character_tails_cool-sweet-ncatchy_1":  { "File": "cool-sweet-ncatchy_miles.bmp", "Rect": "45,5,32,34", "Center": "18,18" },
	"character_tails_cool-sweet-ncatchy_2":  { "File": "cool-sweet-ncatchy_miles.bmp", "Rect": "82,5,32,34", "Center": "18,18" },
	"character_tails_cool-sweet-ncatchy_3":  { "File": "cool-sweet-ncatchy_miles.bmp", "Rect": "119,5,32,34", "Center": "18,18" }
}