{
	"hud_debug_smalldigit_0":	  { "File": "hud_debug_smalldigits.png", "Rect": "0,0,8,8" },
	"hud_debug_smalldigit_1":	  { "File": "hud_debug_smalldigits.png", "Rect": "8,0,8,8" },
	"hud_debug_smalldigit_2":	  { "File": "hud_debug_smalldigits.png", "Rect": "16,0,8,8" },
	"hud_debug_smalldigit_3":	  { "File": "hud_debug_smalldigits.png", "Rect": "24,0,8,8" },
	"hud_debug_smalldigit_4":	  { "File": "hud_debug_smalldigits.png", "Rect": "32,0,8,8" },
	"hud_debug_smalldigit_5":	  { "File": "hud_debug_smalldigits.png", "Rect": "40,0,8,8" },
	"hud_debug_smalldigit_6":	  { "File": "hud_debug_smalldigits.png", "Rect": "48,0,8,8" },
	"hud_debug_smalldigit_7":	  { "File": "hud_debug_smalldigits.png", "Rect": "56,0,8,8" },
	"hud_debug_smalldigit_8":	  { "File": "hud_debug_smalldigits.png", "Rect": "64,0,8,8" },
	"hud_debug_smalldigit_9":	  { "File": "hud_debug_smalldigits.png", "Rect": "72,0,8,8" },
	"hud_debug_smalldigit_a":	  { "File": "hud_debug_smalldigits.png", "Rect": "80,0,8,8" },
	"hud_debug_smalldigit_b":	  { "File": "hud_debug_smalldigits.png", "Rect": "88,0,8,8" },
	"hud_debug_smalldigit_c":	  { "File": "hud_debug_smalldigits.png", "Rect": "96,0,8,8" },
	"hud_debug_smalldigit_d":	  { "File": "hud_debug_smalldigits.png", "Rect": "104,0,8,8" },
	"hud_debug_smalldigit_e":	  { "File": "hud_debug_smalldigits.png", "Rect": "112,0,8,8" },
	"hud_debug_smalldigit_f":	  { "File": "hud_debug_smalldigits.png", "Rect": "120,0,8,8" },
	"hud_debug_smalldigit_$":	  { "File": "hud_debug_smalldigits.png", "Rect": "0,8,8,8" },
	"hud_debug_smalldigit_minus": { "File": "hud_debug_smalldigits.png", "Rect": "8,8,8,8" },
	"hud_debug_smalldigit_equals":{ "File": "hud_debug_smalldigits.png", "Rect": "16,8,8,8" },
	"hud_debug_smalldigit_arrow1":{ "File": "hud_debug_smalldigits.png", "Rect": "24,8,8,8" },
	"hud_debug_smalldigit_arrow2":{ "File": "hud_debug_smalldigits.png", "Rect": "32,8,8,8" },
	"hud_debug_smalldigit_y":	  { "File": "hud_debug_smalldigits.png", "Rect": "40,8,8,8" },
	"hud_debug_smalldigit_z":	  { "File": "hud_debug_smalldigits.png", "Rect": "48,8,8,8" }
	

}
