{
	"amytt16_fall_0":  { "File": "amytt16_fall.bmp", "Rect": "0,0,27,42", "Center": "14,21" },
	"amytt16_fall_1":  { "File": "amytt16_fall.bmp", "Rect": "27,0,27,42", "Center": "14,21" },
	"amytt16_fall_transit_0":  { "File": "amytt16_fall_transit.bmp", "Rect": "0,0,33,41", "Center": "16,19" },
	"amytt16_fall_transit_1":  { "File": "amytt16_fall_transit.bmp", "Rect": "33,0,33,41", "Center": "16,20" },
	"amytt16_fall_transit_2":  { "File": "amytt16_fall_transit.bmp", "Rect": "66,0,33,42", "Center": "16,21" },
	"amytt16_fall_transit_3":  { "File": "amytt16_fall_transit.bmp", "Rect": "99,0,33,42", "Center": "16,21" },
}