{
	"character_TT16_springtwirl_0":  { "File": "amytt16_twirl.bmp", "Rect": "0,0,40,46", "Center": "20,25" },
	"character_TT16_springtwirl_1":  { "File": "amytt16_twirl.bmp", "Rect": "41,0,40,46", "Center": "20,25" },
	"character_TT16_springtwirl_2":  { "File": "amytt16_twirl.bmp", "Rect": "82,0,40,46", "Center": "20,25" },
	"character_TT16_springtwirl_3":  { "File": "amytt16_twirl.bmp", "Rect": "123,0,40,46", "Center": "20,25" },
	"character_TT16_springtwirl_4":  { "File": "amytt16_twirl.bmp", "Rect": "164,0,40,46", "Center": "20,25" },
}