{
	"character_TT16_peelout_0":  { "File": "amytt16_peelout.bmp", "Rect": "0,0,40,40", "Center": "20,24" },
	"character_TT16_peelout_1":  { "File": "amytt16_peelout.bmp", "Rect": "41,0,40,40", "Center": "20,24" },
	"character_TT16_peelout_2":  { "File": "amytt16_peelout.bmp", "Rect": "82,0,40,40", "Center": "20,24" },
	"character_TT16_peelout_3":  { "File": "amytt16_peelout.bmp", "Rect": "123,0,40,40", "Center": "20,24" },
	"character_TT16_car_0":  { "File": "car_tt16.bmp", "Rect": "0,0,64,60", "Center": "30,44" },
	"character_TT16_car_1":  { "File": "car_tt16.bmp", "Rect": "63,0,64,60", "Center": "30,44" },
	"character_TT16_car_2":  { "File": "car_tt16.bmp", "Rect": "126,0,64,60", "Center": "30,44" },
	"character_TT16_car_3":  { "File": "car_tt16.bmp", "Rect": "189,0,63,60", "Center": "30,44" },
	"character_TT16_kart_0":  { "File": "tt16kart.bmp", "Rect": "0,0,60,60", "Center": "27,44" },
	"character_TT16_kart_1":  { "File": "tt16kart.bmp", "Rect": "60,0,60,60", "Center": "27,44" },
	"character_TT16_kart_2":  { "File": "tt16kart.bmp", "Rect": "120,0,60,60", "Center": "27,44" },
	"character_TT16_kart_3":  { "File": "tt16kart.bmp", "Rect": "180,0,60,60", "Center": "27,44" },
	"character_char4TT16_superfly_0":  { "File": "tt16superfly.bmp", "Rect": "0,0,40,40", "Center": "20,24" },
	"character_char4TT16_superfly_1":  { "File": "tt16superfly.bmp", "Rect": "40,0,40,40", "Center": "20,24" },
	"character_char4TT16_superfly_2":  { "File": "tt16superfly.bmp", "Rect": "80,0,40,40", "Center": "20,24" },
	"character_char4TT16_superfly_3":  { "File": "tt16superfly.bmp", "Rect": "120,0,40,40", "Center": "20,24" },
}