{
	"character_TT16_dropdash_0":  { "File": "dropdashTT16.bmp", "Rect": "0,0,62,62", "Center": "31,31" },
	"character_TT16_dropdash_1":  { "File": "dropdashTT16.bmp", "Rect": "62,0,62,62", "Center": "32,31" },
	"character_TT16_dropdash_2":  { "File": "dropdashTT16.bmp", "Rect": "124,0,62,62", "Center": "30,31" },
	"character_TT16_dropdash_3":  { "File": "dropdashTT16.bmp", "Rect": "186,0,62,62", "Center": "32,31" },
	"character_TT16_dropdash_4":  { "File": "dropdashTT16.bmp", "Rect": "248,0,62,62", "Center": "32,31" },
	"character_TT16_dropdash_5":  { "File": "dropdashTT16.bmp", "Rect": "310,0,62,62", "Center": "32,31" },
	"character_TT16_dropdash_6":  { "File": "dropdashTT16.bmp", "Rect": "372,0,62,62", "Center": "31,31" },
	"character_TT16_dropdash_7":  { "File": "dropdashTT16.bmp", "Rect": "434,0,62,62", "Center": "32,31" },
	"character_TT16_dropdash_8":  { "File": "dropdashTT16.bmp", "Rect": "496,0,62,62", "Center": "31,31" },
	"character_TT16_dropdash_9":  { "File": "dropdashTT16.bmp", "Rect": "558,0,62,62", "Center": "32,31" },
	"character_TT16_dropdash_10":  { "File": "dropdashTT16.bmp", "Rect": "620,0,62,62", "Center": "30,31" },
	"character_TT16_dropdash_11":  { "File": "dropdashTT16.bmp", "Rect": "682,0,62,62", "Center": "32,31" },
	"character_TT16_dropdash_12":  { "File": "dropdashTT16.bmp", "Rect": "744,0,62,62", "Center": "31,31" },
	"character_TT16_dropdash_13":  { "File": "dropdashTT16.bmp", "Rect": "806,0,62,62", "Center": "31,31" },
	"character_TT16_dropdash_14":  { "File": "dropdashTT16.bmp", "Rect": "868,0,62,62", "Center": "30,31" },
	"character_TT16_dropdash_15":  { "File": "dropdashTT16.bmp", "Rect": "930,0,62,62", "Center": "32,31" },
}