{
	"character_TT16_victory_0":  { "File": "tt16_victory.bmp", "Rect": "0,0,48,48", "Center": "24,29" },
	"character_TT16_victory_1":  { "File": "tt16_victory.bmp", "Rect": "49,0,48,48", "Center": "24,29" },
	"character_TT16_victory_2":  { "File": "tt16_victory.bmp", "Rect": "49,0,48,48", "Center": "24,29" },
	"character_TT16_victory_3":  { "File": "tt16_victory.bmp", "Rect": "98,0,48,48", "Center": "24,29" },
	"character_TT16_victory_4":  { "File": "tt16_victory.bmp", "Rect": "147,0,48,48", "Center": "24,29" },
	"character_TT16_victory_5":  { "File": "tt16_victory.bmp", "Rect": "196,0,48,48", "Center": "24,29" },
	"character_TT16_victory_6":  { "File": "tt16_victory.bmp", "Rect": "245,0,48,48", "Center": "24,29" },
	"character_TT16_victory_7":  { "File": "tt16_victory.bmp", "Rect": "294,0,48,48", "Center": "24,29" },
	"character_TT16_victory_8":  { "File": "tt16_victory.bmp", "Rect": "343,0,48,48", "Center": "24,29" },
	"character_TT16_victory_9":  { "File": "tt16_victory.bmp", "Rect": "392,0,48,48", "Center": "24,29" },
	"character_TT16_victory_10":  { "File": "tt16_victory.bmp", "Rect": "441,0,48,48", "Center": "24,29" },
	"character_TT16_victory_11":  { "File": "tt16_victory.bmp", "Rect": "490,0,48,48", "Center": "24,29" },
	"character_TT16_victory_12":  { "File": "tt16_victory.bmp", "Rect": "49,0,48,48", "Center": "24,29" },
	"character_TT16_victory_13":  { "File": "tt16_victory.bmp", "Rect": "0,0,48,48", "Center": "24,29" },
	"character_TT16_victory_14":  { "File": "tt16_victory.bmp", "Rect": "637,0,48,48", "Center": "24,29" },
	"character_TT16_idle_0":  { "File": "tt16_idle.bmp", "Rect": "1,0,48,48", "Center": "24,29" },
	"character_TT16_idle_1":  { "File": "tt16_idle.bmp", "Rect": "50,0,48,48", "Center": "24,29" },
	"character_TT16_idle_2":  { "File": "tt16_idle.bmp", "Rect": "99,0,48,48", "Center": "24,29" },
	"character_TT16_idle_3":  { "File": "tt16_idle.bmp", "Rect": "148,0,48,48", "Center": "24,29" },
	"character_TT16_idle_4":  { "File": "tt16_idle.bmp", "Rect": "197,0,48,48", "Center": "24,29" },
	"character_TT16_idle_5":  { "File": "tt16_idle.bmp", "Rect": "246,0,48,48", "Center": "24,29" },
	"character_TT16_idle_6":  { "File": "tt16_idle.bmp", "Rect": "295,0,48,48", "Center": "24,29" },
	"character_TT16_idle_7":  { "File": "tt16_idle.bmp", "Rect": "393,0,48,48", "Center": "24,29" },
	"character_TT16_idle_8":  { "File": "tt16_idle.bmp", "Rect": "442,0,48,48", "Center": "24,29" },
	"character_TT16_idle_9":  { "File": "tt16_idle.bmp", "Rect": "491,0,48,48", "Center": "24,29" },
	"character_TT16_idle_10":  { "File": "tt16_idle.bmp", "Rect": "540,0,48,48", "Center": "24,29" },
	"character_TT16_idle_11":  { "File": "tt16_idle.bmp", "Rect": "589,0,48,48", "Center": "24,29" },
	"character_TT16_idle_12":  { "File": "tt16_idle.bmp", "Rect": "638,0,48,48", "Center": "24,29" },
	"character_TT16_idle_13":  { "File": "tt16_idle.bmp", "Rect": "687,0,48,48", "Center": "24,29" },
	"character_TT16_idle_14":  { "File": "tt16_idle.bmp", "Rect": "736,0,48,48", "Center": "24,29" },
	"character_TT16_idle_15":  { "File": "tt16_idle.bmp", "Rect": "785,0,48,48", "Center": "24,29" },
	"character_TT16_idle_16":  { "File": "tt16_idle.bmp", "Rect": "834,0,48,48", "Center": "24,29" },
	"character_TT16_idle_17":  { "File": "tt16_idle.bmp", "Rect": "883,0,48,48", "Center": "24,29" },
	"character_TT16_idle_18":  { "File": "tt16_idle.bmp", "Rect": "932,0,48,48", "Center": "24,29" },
	"character_TT16_idle_19":  { "File": "tt16_idle.bmp", "Rect": "981,0,48,48", "Center": "24,29" },
	"character_TT16_idle_20":  { "File": "tt16_idle.bmp", "Rect": "1030,0,48,48", "Center": "24,29" },
}