{
	"AltMenu_Amy_0x00":  { "File": "AmyPlusMenu.png", "Rect": "0,0,45,45", "Center": "12,43" },
	"AltMenu_Amy_0x01":  { "File": "AmyPlusMenu.png", "Rect": "45,0,45,45", "Center": "12,43" },
	"AltMenu_Amy_0x02":  { "File": "AmyPlusMenu.png", "Rect": "90,0,45,45", "Center": "12,43" },
	"AltMenu_Amy_0x03":  { "File": "AmyPlusMenu.png", "Rect": "135,0,45,45", "Center": "12,43" },
	"AltMenu_Amy_0x04":  { "File": "AmyPlusMenu.png", "Rect": "180,0,45,45", "Center": "12,43" },
	"AltMenu_Amy_0x05":  { "File": "AmyPlusMenu.png", "Rect": "225,0,45,45", "Center": "12,43" },
	"AltMenu_AmyS3_0x00":  { "File": "S3Menu.png", "Rect": "0,0,45,45", "Center": "12,43" },
	"AltMenu_AmyS3_0x01":  { "File": "S3Menu.png", "Rect": "45,0,45,45", "Center": "12,43" },
	"AltMenu_AmyS3_0x02":  { "File": "S3Menu.png", "Rect": "90,0,45,45", "Center": "12,43" },
	"AltMenu_AmyS3_0x03":  { "File": "S3Menu.png", "Rect": "135,0,45,45", "Center": "12,43" },
	"AltMenu_AmyCa22_0x00":  { "File": "Ca22Menu.png", "Rect": "29,0,27,36", "Center": "12,34" },
	"AltMenu_AmyCa22_0x01":  { "File": "Ca22Menu.png", "Rect": "58,0,27,36", "Center": "12,34" },
	"AltMenu_AmyCa22_0x02":  { "File": "Ca22Menu.png", "Rect": "29,0,27,36", "Center": "12,34" },
	"AltMenu_AmyCa22_0x03":  { "File": "Ca22Menu.png", "Rect": "87,0,27,36", "Center": "12,34" },
}