{
	"BoostP5":  { "File": "BoostP5.png", "Rect": "0,0,100,50", "Center": "43,27" },
	"MeterP5_00":  { "File": "AntonMeterP5.png", "Rect": "0,0,18,54", "Center": "9,27" },
	"MeterP5_01":  { "File": "AntonMeterP5.png", "Rect": "18,0,18,54", "Center": "9,27" },
	"MeterP5_02":  { "File": "AntonMeterP5.png", "Rect": "36,0,18,54", "Center": "9,27" },
	"MeterP5_03":  { "File": "AntonMeterP5.png", "Rect": "54,0,18,54", "Center": "9,27" },
	"MeterP5_04":  { "File": "AntonMeterP5.png", "Rect": "72,0,18,54", "Center": "9,27" },
	"MeterP5_05":  { "File": "AntonMeterP5.png", "Rect": "90,0,18,54", "Center": "9,27" },
	"MeterP5_06":  { "File": "AntonMeterP5.png", "Rect": "108,0,18,54", "Center": "9,27" },
	"MeterP5_07":  { "File": "AntonMeterP5.png", "Rect": "126,0,18,54", "Center": "9,27" },
	"MeterP5_08":  { "File": "AntonMeterP5.png", "Rect": "144,0,18,54", "Center": "9,27" },
	"MeterP5_09":  { "File": "AntonMeterP5.png", "Rect": "162,0,18,54", "Center": "9,27" },
	"MeterP5_0a":  { "File": "AntonMeterP5.png", "Rect": "180,0,18,54", "Center": "9,27" },
	"MeterP5_0b":  { "File": "AntonMeterP5.png", "Rect": "198,0,18,54", "Center": "9,27" },
	"MeterP5_0c":  { "File": "AntonMeterP5.png", "Rect": "216,0,18,54", "Center": "9,27" },
	"MeterP5_0d":  { "File": "AntonMeterP5.png", "Rect": "234,0,18,54", "Center": "9,27" },
	"MeterP5_0e":  { "File": "AntonMeterP5.png", "Rect": "252,0,18,54", "Center": "9,27" },
	"MeterP5_0f":  { "File": "AntonMeterP5.png", "Rect": "270,0,18,54", "Center": "9,27" },
	"MeterP5_10":  { "File": "AntonMeterP5.png", "Rect": "288,0,18,54", "Center": "9,27" },
	"MeterP5_11":  { "File": "AntonMeterP5.png", "Rect": "306,0,18,54", "Center": "9,27" },
	"MeterP5_12":  { "File": "AntonMeterP5.png", "Rect": "324,0,18,54", "Center": "9,27" },
	"MeterP5_13":  { "File": "AntonMeterP5.png", "Rect": "342,0,18,54", "Center": "9,27" },
	"MeterP5_14":  { "File": "AntonMeterP5.png", "Rect": "360,0,18,54", "Center": "9,27" },
	"MeterP5_15":  { "File": "AntonMeterP5.png", "Rect": "378,0,18,54", "Center": "9,27" },
	"MeterP5_16":  { "File": "AntonMeterP5.png", "Rect": "396,0,18,54", "Center": "9,27" },
	"MeterP5_17":  { "File": "AntonMeterP5.png", "Rect": "414,0,18,54", "Center": "9,27" },
	"MeterP5_18":  { "File": "AntonMeterP5.png", "Rect": "432,0,18,54", "Center": "9,27" },
	"MeterP5_19":  { "File": "AntonMeterP5.png", "Rect": "450,0,18,54", "Center": "9,27" },
	"MeterP5_1a":  { "File": "AntonMeterP5.png", "Rect": "468,0,18,54", "Center": "9,27" },
	"MeterP5_1b":  { "File": "AntonMeterP5.png", "Rect": "486,0,18,54", "Center": "9,27" },
	"MeterP5_1c":  { "File": "AntonMeterP5.png", "Rect": "504,0,18,54", "Center": "9,27" },
	"MeterP5_1d":  { "File": "AntonMeterP5.png", "Rect": "522,0,18,54", "Center": "9,27" },
	"MeterP5_1e":  { "File": "AntonMeterP5.png", "Rect": "540,0,18,54", "Center": "9,27" },
	"MeterP5_1f":  { "File": "AntonMeterP5.png", "Rect": "558,0,18,54", "Center": "9,27" },
	"MeterP5_20":  { "File": "AntonMeterP5.png", "Rect": "576,0,18,54", "Center": "9,27" },
	"MeterP5_21":  { "File": "AntonMeterP5.png", "Rect": "594,0,18,54", "Center": "9,27" },
	"MeterP5_22":  { "File": "AntonMeterP5.png", "Rect": "612,0,18,54", "Center": "9,27" },
	"MeterP5_23":  { "File": "AntonMeterP5.png", "Rect": "630,0,18,54", "Center": "9,27" },
	"MeterP5_24":  { "File": "AntonMeterP5.png", "Rect": "648,0,18,54", "Center": "9,27" },
	"MeterP5_25":  { "File": "AntonMeterP5.png", "Rect": "666,0,18,54", "Center": "9,27" },
	"MeterP5_26":  { "File": "AntonMeterP5.png", "Rect": "684,0,18,54", "Center": "9,27" },
	"MeterP5_27":  { "File": "AntonMeterP5.png", "Rect": "702,0,18,54", "Center": "9,27" },
	"MeterP5_28":  { "File": "AntonMeterP5.png", "Rect": "720,0,18,54", "Center": "9,27" },
	"MeterP5_29":  { "File": "AntonMeterP5.png", "Rect": "738,0,18,54", "Center": "9,27" },
	"MeterP5_2a":  { "File": "AntonMeterP5.png", "Rect": "756,0,18,54", "Center": "9,27" },
	"MeterP5_2b":  { "File": "AntonMeterP5.png", "Rect": "774,0,18,54", "Center": "9,27" },
	"MeterP5_2c":  { "File": "AntonMeterP5.png", "Rect": "774,0,18,54", "Center": "9,27" }
}