{
	"hud_lives_icon_char4":  { "File": "life_icon.bmp" },
	"super_hud_lives_icon_char4":  { "File": "life_icon.bmp" },
	"hyper_hud_lives_icon_char4":  { "File": "life_icon.bmp" },
	"hud_lives_icon_char4S3":  { "File": "life_iconS3.bmp" },
	"super_hud_lives_icon_char4S3":  { "File": "life_iconS3.bmp" },
	"hyper_hud_lives_icon_char4S3":  { "File": "life_iconS3.bmp" },
	"hud_lives_icon_Ca22":  { "File": "life_icon_Ca22.bmp" },
	"super_hud_lives_icon_Ca22":  { "File": "life_icon_Ca22.bmp" },
	"hyper_hud_lives_icon_Ca22":  { "File": "life_icon_Ca22.bmp" },
	"amy_nametag": { "File": "amy_nametag.png" },
	"amy_nametag_s3": { "File": "amy_nametag_s3.png" },
	"amy_nametag_ca22": { "File": "amy_nametag_ca22.png" },
	"moveset_nametag": { "File": "moveset_nametag.png" },

	"hud_bonus_icon_char4":  { "File": "results_icons.png", "Rect": "0,61,16,19", "Center": "0,0" },
	"continue_icon_char4":  { "File": "results_icons.png", "Rect": "0,80,20,27", "Center": "12,26" },
	"continue_icon_char4_0":  { "File": "results_icons.png", "Rect": "0,80,20,27", "Center": "12,14" },
	"continue_icon_char4_1":  { "File": "results_icons.png", "Rect": "80,80,20,27", "Center": "12,14" },
	"hud_bonus_icon_char4S3":  { "File": "results_iconsS3.png", "Rect": "0,61,16,19", "Center": "0,0" },
	"continue_icon_char4S3":  { "File": "results_iconsS3.png", "Rect": "0,80,20,27", "Center": "12,26" },
	"continue_icon_char4S3_0":  { "File": "results_iconsS3.png", "Rect": "0,80,20,27", "Center": "12,14" },
	"continue_icon_char4S3_1":  { "File": "results_iconsS3.png", "Rect": "80,80,20,27", "Center": "12,14" },
	"hud_bonus_icon_char4Ca22":  { "File": "results_iconsCa22.png", "Rect": "0,61,16,19", "Center": "0,0" },
	"continue_icon_char4Ca22":  { "File": "results_iconsCa22.png", "Rect": "0,80,20,27", "Center": "12,26" },
	"continue_icon_char4Ca22_0":  { "File": "results_iconsCa22.png", "Rect": "0,80,20,27", "Center": "12,14" },
	"continue_icon_char4Ca22_1":  { "File": "results_iconsCa22.png", "Rect": "80,80,20,27", "Center": "12,14" },

	"result_nameplate_char4pink":  { "File": "results_character_amy.png", "Rect": "0,0,88,16", "Center": "-4,0" },
	"result_nameplate_char4_ultra":  { "File": "results_character_amy_ultra.png", "Rect": "0,0,88,16", "Center": "-4,0" },
	"special_results_name_char4":  { "File": "results_character_amy.png", "Rect": "0,0,88,16", "Center": "-4,0" },
	"special_results_name_char4_ultra":  { "File": "results_character_amy_ultra.png", "Rect": "0,0,88,16", "Center": "-4,0" },
	"result_nameplate_char4":  { "File": "results_character_amy2.png", "Rect": "0,0,88,16", "Center": "-4,0" },
	"result_nameplate_char4pink_super":  { "File": "Super_hyper_text.png", "Rect": "0,8,74,16", "Center": "0,0" },
	"result_nameplate_char4pink_hyper":  { "File": "Super_hyper_text.png", "Rect": "88,8,74,16", "Center": "0,0" },
	"result_nameplate_char4_ultra_super":  { "File": "Super_hyper_text_ultra.png", "Rect": "0,8,74,16", "Center": "0,0" },
	"result_nameplate_char4_ultra_hyper":  { "File": "Super_hyper_text_ultra.png", "Rect": "88,8,74,16", "Center": "0,0" },
	"special_results_name_char4blue":  { "File": "results_character_amy2.png", "Rect": "0,0,88,16", "Center": "-4,0" }
}